-- Adminer 4.7.7 MySQL dump

SET NAMES utf8;
SET time_zone = '+00:00';
SET foreign_key_checks = 0;
SET sql_mode = 'NO_AUTO_VALUE_ON_ZERO';

DROP TABLE IF EXISTS `bookmark`;
CREATE TABLE `bookmark` (
  `bookmarkId` int(11) NOT NULL AUTO_INCREMENT,
  `questionId` int(11) DEFAULT NULL,
  `userId` int(11) DEFAULT NULL,
  `created_at` timestamp NULL DEFAULT CURRENT_TIMESTAMP,
  PRIMARY KEY (`bookmarkId`),
  KEY `questionId` (`questionId`),
  KEY `userId` (`userId`),
  CONSTRAINT `bookmark_ibfk_1` FOREIGN KEY (`questionId`) REFERENCES `questions` (`questionId`),
  CONSTRAINT `bookmark_ibfk_2` FOREIGN KEY (`userId`) REFERENCES `user` (`userId`)
) ENGINE=InnoDB DEFAULT CHARSET=latin1;

INSERT INTO `bookmark` (`bookmarkId`, `questionId`, `userId`, `created_at`) VALUES
(9,	257,	43,	'2021-02-11 13:34:04'),
(13,	254,	34,	'2021-02-12 11:40:00'),
(16,	271,	34,	'2021-02-16 12:30:37'),
(18,	272,	44,	'2021-02-17 10:58:43'),
(19,	277,	22,	'2021-02-17 21:59:40'),
(20,	276,	22,	'2021-02-17 22:05:34'),
(21,	278,	45,	'2021-02-19 11:13:47'),
(22,	281,	45,	'2021-03-02 10:22:58'),
(23,	280,	45,	'2021-03-02 10:22:58'),
(24,	279,	45,	'2021-03-02 10:22:59'),
(25,	276,	45,	'2021-03-02 10:23:02'),
(26,	275,	45,	'2021-03-02 10:23:06'),
(27,	274,	45,	'2021-03-02 10:23:08'),
(28,	273,	45,	'2021-03-02 10:23:09'),
(29,	271,	45,	'2021-03-02 10:23:22'),
(31,	272,	45,	'2021-03-02 10:23:24'),
(32,	269,	45,	'2021-03-02 10:23:27'),
(33,	257,	45,	'2021-03-02 10:23:29'),
(34,	282,	34,	'2021-03-02 14:01:51');

DROP TABLE IF EXISTS `bowel`;
CREATE TABLE `bowel` (
  `bowelId` int(11) NOT NULL AUTO_INCREMENT,
  `bowel_time` varchar(100) DEFAULT '',
  `bowel_stool_consistency` varchar(10) DEFAULT '0',
  `bowel_date` varchar(100) DEFAULT '',
  `bowel_amount` varchar(50) DEFAULT '',
  `bowel_bm_info` varchar(100) DEFAULT '',
  `bowel_info_sum` varchar(100) DEFAULT '',
  `userId` int(11) DEFAULT NULL,
  `created_at` timestamp NULL DEFAULT CURRENT_TIMESTAMP,
  `bowel_starttime` datetime DEFAULT NULL,
  `bowel_endtime` datetime DEFAULT NULL,
  PRIMARY KEY (`bowelId`),
  KEY `userId` (`userId`)
) ENGINE=InnoDB DEFAULT CHARSET=latin1;

INSERT INTO `bowel` (`bowelId`, `bowel_time`, `bowel_stool_consistency`, `bowel_date`, `bowel_amount`, `bowel_bm_info`, `bowel_info_sum`, `userId`, `created_at`, `bowel_starttime`, `bowel_endtime`) VALUES
(19,	'8pm - 12am',	'3',	'2020-09-06',	'Lot',	'3',	'1',	22,	'2020-09-07 01:11:25',	NULL,	NULL),
(20,	'8am - 12pm',	'4',	'2020-09-06',	'Moderate',	'3, 2, 6, 4',	'4',	22,	'2020-09-07 15:48:13',	NULL,	NULL),
(25,	'4pm - 8pm',	'3',	'2020-08-24',	'Little',	'3, 2',	'2',	22,	'2020-09-09 01:19:23',	NULL,	NULL),
(26,	'4pm - 8pm',	'3',	'2020-08-24',	'Little',	'2, 6',	'2',	22,	'2020-09-09 01:21:55',	NULL,	NULL),
(27,	'4pm - 8pm',	'2',	'2020-08-24',	'Little',	'1, 2',	'2',	22,	'2020-09-09 01:22:04',	NULL,	NULL),
(28,	'8pm - 12am',	'4',	'2020-09-08',	'Little',	'4',	'1',	22,	'2020-09-09 20:13:45',	NULL,	NULL),
(29,	'12pm - 4pm',	'2',	'2020-09-01',	'Lot',	'1, 2',	'2',	22,	'2020-09-09 20:24:23',	NULL,	NULL),
(30,	'12pm - 4pm',	'3',	'2020-09-01',	'Little',	'3, 6',	'2',	22,	'2020-09-09 20:24:30',	NULL,	NULL),
(31,	'12pm - 4pm',	'2',	'2020-09-01',	'Little',	'1',	'1',	22,	'2020-09-09 20:24:37',	NULL,	NULL),
(32,	'12pm - 4pm',	'3',	'2020-09-01',	'Little',	'2, 3, 6, 7',	'4',	22,	'2020-09-09 20:27:09',	NULL,	NULL),
(33,	'8am - 12pm',	'1',	'2020-09-01',	'Moderate',	'1, 6, 5',	'3',	22,	'2020-09-09 20:28:15',	NULL,	NULL),
(34,	'8am - 12pm',	'4',	'2020-09-01',	'Lot',	'3',	'1',	22,	'2020-09-09 20:28:24',	NULL,	NULL),
(35,	'12pm - 4pm',	'1',	'2020-08-01',	'Little',	'1, 2, 3',	'3',	22,	'2020-09-09 21:33:00',	NULL,	NULL),
(36,	'4pm - 8pm',	'1',	'2020-08-02',	'Little',	'4, 3, 1',	'3',	22,	'2020-09-09 21:33:47',	NULL,	NULL),
(37,	'12am - 4am',	'4',	'2020-08-02',	'Lot',	'1, 3, 2',	'3',	22,	'2020-09-09 21:34:42',	NULL,	NULL),
(38,	'4pm - 8pm',	'2',	'2020-08-03',	'Lot',	'4, 6',	'2',	22,	'2020-09-10 03:02:47',	NULL,	NULL),
(39,	'8pm - 12am',	'5',	'2020-08-03',	'Lot',	'4, 1',	'2',	22,	'2020-09-10 03:02:54',	NULL,	NULL),
(40,	'4am - 8am',	'1',	'2020-08-04',	'Moderate',	'2, 7, 5',	'3',	22,	'2020-09-10 03:03:23',	NULL,	NULL),
(41,	'12pm - 4pm',	'4',	'2020-08-05',	'Lot',	'2, 3',	'2',	22,	'2020-09-10 03:03:57',	NULL,	NULL),
(42,	'12pm - 4pm',	'4',	'2020-08-05',	'Moderate',	'2',	'1',	22,	'2020-09-10 03:04:03',	NULL,	NULL),
(43,	'12pm - 4pm',	'4',	'2020-08-06',	'Lot',	'3, 4, 6',	'3',	22,	'2020-09-10 03:04:37',	NULL,	NULL),
(44,	'8pm - 12am',	'4',	'2020-08-06',	'Little',	'3, 6',	'2',	22,	'2020-09-10 03:05:54',	NULL,	NULL),
(45,	'12pm - 4pm',	'4',	'2020-08-07',	'Little',	'6, 5',	'2',	22,	'2020-09-10 03:06:41',	NULL,	NULL),
(46,	'12pm - 4pm',	'3',	'2020-08-08',	'Little',	'3',	'1',	22,	'2020-09-10 03:07:12',	NULL,	NULL),
(47,	'12pm - 4pm',	'4',	'2020-08-09',	'Little',	'3',	'1',	22,	'2020-09-10 03:07:23',	NULL,	NULL),
(48,	'8pm - 12am',	'2',	'2020-08-10',	'Little',	'4, 1, 6',	'3',	22,	'2020-09-10 03:07:38',	NULL,	NULL),
(49,	'12pm - 4pm',	'4',	'2020-08-11',	'Little',	'3, 6',	'2',	22,	'2020-09-10 03:08:45',	NULL,	NULL),
(50,	'12pm - 4pm',	'4',	'2020-08-12',	'Little',	'3, 4',	'2',	22,	'2020-09-10 03:09:24',	NULL,	NULL),
(51,	'12pm - 4pm',	'4',	'2020-08-13',	'Little',	'6, 7',	'2',	22,	'2020-09-10 03:09:37',	NULL,	NULL),
(52,	'8pm - 12am',	'1',	'2020-08-14',	'Lot',	'6, 5, 4',	'3',	22,	'2020-09-10 03:09:50',	NULL,	NULL),
(53,	'12pm - 4pm',	'4',	'2020-08-14',	'Little',	'4, 6',	'2',	22,	'2020-09-10 03:09:59',	NULL,	NULL),
(54,	'4pm - 8pm',	'4',	'2020-08-14',	'Little',	'4, 6',	'2',	22,	'2020-09-10 03:10:03',	NULL,	NULL),
(55,	'8pm - 12am',	'1',	'2020-08-15',	'Little',	'1',	'1',	22,	'2020-09-10 03:10:24',	NULL,	NULL),
(56,	'12pm - 4pm',	'4',	'2020-08-16',	'Little',	'3, 1',	'2',	22,	'2020-09-10 03:10:51',	NULL,	NULL),
(57,	'8pm - 12am',	'2',	'2020-08-16',	'Lot',	'4',	'1',	22,	'2020-09-10 03:10:55',	NULL,	NULL),
(58,	'12pm - 4pm',	'4',	'2020-08-17',	'Little',	'3, 1',	'2',	22,	'2020-09-10 03:12:04',	NULL,	NULL),
(59,	'4am - 8am',	'4',	'2020-08-18',	'Lot',	'6, 1',	'2',	22,	'2020-09-10 03:12:23',	NULL,	NULL),
(60,	'4am - 8am',	'4',	'2020-08-18',	'Little',	'3, 6',	'2',	22,	'2020-09-10 03:12:30',	NULL,	NULL),
(61,	'12pm - 4pm',	'4',	'2020-08-19',	'Little',	'3',	'1',	22,	'2020-09-10 03:12:43',	NULL,	NULL),
(62,	'4am - 8am',	'4',	'2020-08-19',	'Little',	'3',	'1',	22,	'2020-09-10 03:12:48',	NULL,	NULL),
(63,	'8am - 12pm',	'3',	'2020-08-20',	'Lot',	'4, 3',	'2',	22,	'2020-09-10 03:14:16',	NULL,	NULL),
(64,	'8am - 12pm',	'4',	'2020-08-21',	'Little',	'6',	'1',	22,	'2020-09-10 03:14:34',	NULL,	NULL),
(65,	'8pm - 12am',	'4',	'2020-08-22',	'Little',	'3, 1',	'2',	22,	'2020-09-10 03:14:47',	NULL,	NULL),
(66,	'8am - 12pm',	'4',	'2020-08-23',	'Little',	'6, 7',	'2',	22,	'2020-09-10 03:15:11',	NULL,	NULL),
(67,	'12pm - 4pm',	'4',	'2020-08-25',	'Little',	'4',	'1',	22,	'2020-09-10 03:15:42',	NULL,	NULL),
(68,	'4am - 8am',	'4',	'2020-08-25',	'Little',	'3',	'1',	22,	'2020-09-10 03:15:48',	NULL,	NULL),
(69,	'4am - 8am',	'4',	'2020-08-26',	'Little',	'6, 3',	'2',	22,	'2020-09-10 03:16:04',	NULL,	NULL),
(70,	'4pm - 8pm',	'4',	'2020-08-27',	'Little',	'3, 4',	'2',	22,	'2020-09-10 03:16:15',	NULL,	NULL),
(71,	'4pm - 8pm',	'3',	'2020-08-28',	'Little',	'3, 1',	'2',	22,	'2020-09-10 03:16:23',	NULL,	NULL),
(72,	'12pm - 4pm',	'4',	'2020-08-29',	'Little',	'3',	'1',	22,	'2020-09-10 03:16:36',	NULL,	NULL),
(73,	'8pm - 12am',	'4',	'2020-08-29',	'Little',	'3, 4, 6',	'3',	22,	'2020-09-10 03:16:44',	NULL,	NULL),
(74,	'12pm - 4pm',	'4',	'2020-08-30',	'Lot',	'3',	'1',	22,	'2020-09-10 03:17:06',	NULL,	NULL),
(75,	'8pm - 12am',	'2',	'2020-08-31',	'Lot',	'6',	'1',	22,	'2020-09-10 03:17:14',	NULL,	NULL),
(76,	'8am - 12pm',	'3',	'2020-08-11',	'Moderate',	'',	'0',	22,	'2020-09-10 03:20:27',	NULL,	NULL),
(80,	'12pm - 4pm',	'4',	'2020-09-12',	'Moderate',	'3',	'1',	22,	'2020-09-12 21:01:33',	NULL,	NULL),
(81,	'12pm - 4pm',	'3',	'2020-09-12',	'Little',	'',	'0',	22,	'2020-09-12 21:01:41',	NULL,	NULL),
(82,	'12pm - 4pm',	'3',	'2020-09-11',	'Little',	'1, 6',	'2',	22,	'2020-09-12 21:02:03',	NULL,	NULL),
(83,	'8pm - 12am',	'4',	'2020-09-10',	'Lot',	'3, 1',	'2',	22,	'2020-09-12 21:02:25',	NULL,	NULL),
(84,	'12pm - 4pm',	'3',	'2020-09-10',	'Little',	'3',	'1',	22,	'2020-09-12 21:02:30',	NULL,	NULL),
(85,	'12pm - 4pm',	'3',	'2020-09-09',	'Moderate',	'',	'0',	22,	'2020-09-12 21:02:48',	NULL,	NULL),
(86,	'12pm - 4pm',	'3',	'2020-09-07',	'Moderate',	'1, 6, 5',	'3',	22,	'2020-09-12 21:03:43',	NULL,	NULL),
(87,	'12pm - 4pm',	'3',	'2020-09-07',	'Little',	'3, 1',	'2',	22,	'2020-09-12 21:03:48',	NULL,	NULL),
(88,	'12pm - 4pm',	'4',	'2020-09-05',	'Little',	'1',	'1',	22,	'2020-09-12 21:04:02',	NULL,	NULL),
(89,	'12pm - 4pm',	'4',	'2020-09-04',	'Little',	'',	'0',	22,	'2020-09-12 21:04:09',	NULL,	NULL),
(90,	'12pm - 4pm',	'4',	'2020-09-03',	'Little',	'1, 6',	'2',	22,	'2020-09-12 21:04:46',	NULL,	NULL),
(91,	'8pm - 12am',	'2',	'2020-09-02',	'Lot',	'4',	'1',	22,	'2020-09-12 21:05:05',	NULL,	NULL),
(92,	'8pm - 12am',	'4',	'2020-07-30',	'Little',	'',	'0',	22,	'2020-09-12 21:06:58',	NULL,	NULL),
(93,	'8pm - 12am',	'4',	'2020-07-30',	'Lot',	'3',	'1',	22,	'2020-09-12 21:07:04',	NULL,	NULL),
(100,	'12pm - 4pm',	'3',	'2020-09-25',	'Moderate',	'2',	'1',	22,	'2020-09-25 15:49:46',	NULL,	NULL),
(101,	'12pm - 4pm',	'4',	'2020-09-25',	'Moderate',	'3',	'1',	22,	'2020-09-25 15:49:57',	NULL,	NULL),
(112,	'12pm - 4pm',	'3',	'2020-11-12',	'Moderate',	'2',	'1',	22,	'2020-11-13 23:10:25',	NULL,	NULL),
(168,	'4pm - 8pm',	'3',	'2021-01-04',	'Moderate',	'1',	'1',	22,	'2021-01-04 12:18:34',	NULL,	NULL),
(169,	'12pm - 4pm',	'3',	'2021-01-01',	'Little',	'1',	'1',	22,	'2021-01-04 16:58:09',	NULL,	NULL),
(170,	'12am - 4am',	'2',	'2021-01-01',	'Lot',	'2,3',	'2',	22,	'2021-01-04 16:58:13',	NULL,	NULL),
(171,	'4am - 8am',	'4',	'2021-01-01',	'Moderate',	'6,5',	'2',	22,	'2021-01-04 16:58:22',	NULL,	NULL),
(172,	'4am - 8am',	'3',	'2021-01-01',	'Lot',	'7',	'1',	22,	'2021-01-04 17:00:22',	NULL,	NULL),
(173,	'12pm - 4pm',	'3',	'2021-01-02',	'Little',	'5',	'1',	22,	'2021-01-04 17:00:31',	NULL,	NULL),
(174,	'4pm - 8pm',	'5',	'2021-01-02',	'Little',	'5,6',	'2',	22,	'2021-01-04 17:00:37',	NULL,	NULL),
(175,	'12pm - 4pm',	'3',	'2021-01-02',	'Little',	'3,2',	'2',	22,	'2021-01-04 17:01:01',	NULL,	NULL),
(176,	'8am - 12pm',	'4',	'2021-01-02',	'Lot',	'3,6',	'2',	22,	'2021-01-04 17:01:06',	NULL,	NULL),
(177,	'8pm - 12am',	'4',	'2021-01-03',	'Little',	'3,6',	'2',	22,	'2021-01-04 17:01:15',	NULL,	NULL),
(178,	'4am - 8am',	'3',	'2021-01-03',	'Moderate',	'6,7',	'2',	22,	'2021-01-04 17:01:21',	NULL,	NULL),
(179,	'12am - 4am',	'3',	'2021-01-03',	'Moderate',	'2',	'1',	22,	'2021-01-04 17:01:26',	NULL,	NULL),
(180,	'4am - 8am',	'4',	'2021-01-04',	'Little',	'2,6',	'2',	22,	'2021-01-04 17:01:37',	NULL,	NULL),
(181,	'8pm - 12am',	'3',	'2021-01-04',	'Little',	'3,6',	'2',	22,	'2021-01-04 17:01:54',	NULL,	NULL),
(182,	'8pm - 12am',	'4',	'2021-01-02',	'Little',	'3',	'1',	22,	'2021-01-04 17:02:36',	NULL,	NULL),
(185,	'12am - 4am',	'5',	'2021-01-06',	'Lot',	'6,7',	'2',	22,	'2021-01-06 10:09:06',	NULL,	NULL),
(186,	'8pm - 12am',	'3',	'2021-01-05',	'Little',	'1',	'1',	22,	'2021-01-06 13:50:56',	NULL,	NULL),
(187,	'12pm - 4pm',	'2',	'2021-01-05',	'Moderate',	'6,4',	'2',	22,	'2021-01-06 13:51:03',	NULL,	NULL),
(188,	'8pm - 12am',	'4',	'2021-01-05',	'Little',	'4',	'1',	22,	'2021-01-06 13:51:09',	NULL,	NULL),
(189,	'4am - 8am',	'4',	'2021-01-05',	'Lot',	'5',	'1',	22,	'2021-01-06 13:51:15',	NULL,	NULL),
(190,	'4am - 8am',	'4',	'2021-01-05',	'Moderate',	'5,7',	'2',	22,	'2021-01-06 13:51:28',	NULL,	NULL),
(192,	'12am - 4am',	'2',	'2021-01-01',	'Little',	'6,2',	'2',	22,	'2021-01-08 11:27:51',	NULL,	NULL),
(193,	'4pm - 8pm',	'4',	'2021-01-02',	'Lot',	'6',	'1',	22,	'2021-01-08 11:30:21',	NULL,	NULL),
(194,	'4pm - 8pm',	'3',	'2021-01-03',	'Moderate',	'6,7',	'2',	22,	'2021-01-08 11:30:58',	NULL,	NULL),
(195,	'12pm - 4pm',	'2',	'2021-01-03',	'Little',	'5,1',	'2',	22,	'2021-01-08 11:31:04',	NULL,	NULL),
(196,	'4pm - 8pm',	'4',	'2021-01-06',	'Little',	'3',	'1',	22,	'2021-01-08 11:35:07',	NULL,	NULL),
(197,	'4pm - 8pm',	'2',	'2021-01-06',	'Little',	'2',	'1',	22,	'2021-01-08 11:35:12',	NULL,	NULL),
(198,	'4am - 8am',	'2',	'2021-01-06',	'Moderate',	'5',	'1',	22,	'2021-01-08 11:35:26',	NULL,	NULL),
(199,	'4pm - 8pm',	'1',	'2021-01-06',	'Lot',	'3,6',	'2',	22,	'2021-01-08 11:35:32',	NULL,	NULL),
(200,	'8pm - 12am',	'4',	'2021-01-07',	'Little',	'3,6',	'2',	22,	'2021-01-08 11:36:05',	NULL,	NULL),
(201,	'8pm - 12am',	'4',	'2021-01-07',	'Little',	'3,2,1',	'3',	22,	'2021-01-08 11:36:13',	NULL,	NULL),
(202,	'8am - 12pm',	'4',	'2021-01-07',	'Lot',	'3,6,7',	'3',	22,	'2021-01-08 11:36:20',	NULL,	NULL),
(203,	'8pm - 12am',	'4',	'2021-01-07',	'Lot',	'7,5',	'2',	22,	'2021-01-08 11:36:32',	NULL,	NULL),
(204,	'4pm - 8pm',	'3',	'2021-01-08',	'Little',	'2,6',	'2',	22,	'2021-01-08 11:38:47',	NULL,	NULL),
(205,	'12pm - 4pm',	'2',	'2021-01-08',	'Lot',	'5,7',	'2',	22,	'2021-01-08 11:38:54',	NULL,	NULL),
(206,	'8pm - 12am',	'3',	'2021-01-08',	'Lot',	'7,6',	'2',	22,	'2021-01-08 11:39:00',	NULL,	NULL),
(207,	'8pm - 12am',	'3',	'2021-01-08',	'Lot',	'6,7',	'2',	22,	'2021-01-08 11:39:08',	NULL,	NULL),
(208,	'4am - 8am',	'2',	'2021-01-08',	'Moderate',	'2,1',	'2',	22,	'2021-01-08 11:39:14',	NULL,	NULL),
(215,	'12pm - 4pm',	'3',	'2021-01-11',	'Lot',	'6,1',	'2',	22,	'2021-01-11 15:02:53',	NULL,	NULL),
(225,	'8pm - 12am',	'4',	'2021-01-13',	'Little',	'4',	'1',	22,	'2021-01-13 18:19:41',	'2021-01-13 20:00:00',	'2021-01-13 00:00:00'),
(226,	'8pm - 12am',	'4',	'2021-01-13',	'Little',	'5,7',	'2',	22,	'2021-01-13 18:19:47',	'2021-01-13 20:00:00',	'2021-01-13 00:00:00'),
(227,	'8pm - 12am',	'4',	'2021-01-12',	'Little',	'3,5',	'2',	22,	'2021-01-13 18:21:07',	'2021-01-12 20:00:00',	'2021-01-12 00:00:00'),
(228,	'8pm - 12am',	'5',	'2021-01-12',	'Lot',	'3,1',	'2',	22,	'2021-01-13 18:21:13',	'2021-01-12 20:00:00',	'2021-01-12 00:00:00'),
(229,	'8am - 12pm',	'3',	'2021-01-12',	'Lot',	'3,6',	'2',	22,	'2021-01-13 18:21:18',	'2021-01-12 08:00:00',	'2021-01-12 12:00:00'),
(230,	'4pm - 8pm',	'3',	'2021-01-12',	'Moderate',	'3,5',	'2',	22,	'2021-01-13 18:21:24',	'2021-01-12 16:00:00',	'2021-01-12 20:00:00'),
(231,	'4pm - 8pm',	'2',	'2021-01-12',	'Moderate',	'3,6,2,1,7',	'5',	22,	'2021-01-13 18:21:30',	'2021-01-12 16:00:00',	'2021-01-12 20:00:00'),
(232,	'4pm - 8pm',	'3',	'2021-01-12',	'Lot',	'3,1,6',	'3',	22,	'2021-01-13 18:21:36',	'2021-01-12 16:00:00',	'2021-01-12 20:00:00'),
(233,	'8pm - 12am',	'3',	'2021-01-12',	'Lot',	'3,5',	'2',	22,	'2021-01-13 18:21:42',	'2021-01-12 20:00:00',	'2021-01-12 00:00:00'),
(234,	'12am - 4am',	'2',	'2021-01-12',	'Lot',	'3,6',	'2',	22,	'2021-01-13 18:22:15',	'2021-01-12 00:00:00',	'2021-01-12 04:00:00'),
(235,	'8pm - 12am',	'4',	'2021-01-11',	'Moderate',	'2,6',	'2',	22,	'2021-01-13 18:22:42',	'2021-01-11 20:00:00',	'2021-01-11 00:00:00'),
(236,	'4am - 8am',	'3',	'2021-01-11',	'Lot',	'1,5,7',	'3',	22,	'2021-01-13 18:23:01',	'2021-01-11 04:00:00',	'2021-01-11 08:00:00'),
(237,	'12pm - 4pm',	'3',	'2021-01-11',	'Moderate',	'2,6,7',	'3',	22,	'2021-01-13 18:23:09',	'2021-01-11 12:00:00',	'2021-01-11 16:00:00'),
(238,	'8pm - 12am',	'4',	'2021-01-10',	'Lot',	'4',	'1',	22,	'2021-01-13 18:25:26',	'2021-01-10 20:00:00',	'2021-01-10 00:00:00'),
(239,	'8pm - 12am',	'5',	'2021-01-10',	'Lot',	'7',	'1',	22,	'2021-01-13 18:25:32',	'2021-01-10 20:00:00',	'2021-01-10 00:00:00'),
(240,	'4am - 8am',	'3',	'2021-01-10',	'Moderate',	'3',	'1',	22,	'2021-01-13 18:25:37',	'2021-01-10 04:00:00',	'2021-01-10 08:00:00'),
(241,	'8pm - 12am',	'4',	'2021-01-09',	'Little',	'3',	'1',	22,	'2021-01-13 18:26:13',	'2021-01-09 20:00:00',	'2021-01-09 00:00:00'),
(242,	'4am - 8am',	'4',	'2021-01-09',	'Lot',	'5',	'1',	22,	'2021-01-13 18:26:19',	'2021-01-09 04:00:00',	'2021-01-09 08:00:00'),
(243,	'8pm - 12am',	'4',	'2021-01-09',	'Moderate',	'2,5',	'2',	22,	'2021-01-13 18:26:27',	'2021-01-09 20:00:00',	'2021-01-09 00:00:00'),
(244,	'12pm - 4pm',	'3',	'2021-01-09',	'Little',	'5,6,7',	'3',	22,	'2021-01-13 18:26:36',	'2021-01-09 12:00:00',	'2021-01-09 16:00:00'),
(245,	'8pm - 12am',	'5',	'2021-01-09',	'Little',	'4',	'1',	22,	'2021-01-13 18:26:49',	'2021-01-09 20:00:00',	'2021-01-09 00:00:00'),
(246,	'12pm - 4pm',	'3',	'2021-01-14',	'Moderate',	'1',	'1',	22,	'2021-01-15 04:02:31',	'2021-01-14 12:00:00',	'2021-01-14 16:00:00'),
(247,	'8pm - 12am',	'4',	'2021-01-14',	'Lot',	'1,6,5',	'3',	22,	'2021-01-15 04:02:40',	'2021-01-14 20:00:00',	'2021-01-14 00:00:00'),
(248,	'8pm - 12am',	'4',	'2021-01-14',	'Moderate',	'1',	'1',	22,	'2021-01-15 04:02:46',	'2021-01-14 20:00:00',	'2021-01-14 00:00:00'),
(249,	'12pm - 4pm',	'3',	'2021-01-14',	'Moderate',	'1,5',	'2',	22,	'2021-01-15 04:02:52',	'2021-01-14 12:00:00',	'2021-01-14 16:00:00'),
(262,	'12pm - 4pm',	'4',	'2021-01-15',	'Lot',	'1,6',	'2',	22,	'2021-01-22 13:12:18',	'2021-01-15 12:00:00',	'2021-01-15 16:00:00'),
(263,	'4am - 8am',	'4',	'2021-01-15',	'Little',	'1,5',	'2',	22,	'2021-01-22 13:12:25',	'2021-01-15 04:00:00',	'2021-01-15 08:00:00'),
(264,	'8pm - 12am',	'4',	'2021-01-15',	'Little',	'3',	'1',	22,	'2021-01-22 13:12:33',	'2021-01-15 20:00:00',	'2021-01-15 00:00:00'),
(265,	'8pm - 12am',	'4',	'2021-01-15',	'Moderate',	'2,5',	'2',	22,	'2021-01-22 13:12:39',	'2021-01-15 20:00:00',	'2021-01-15 00:00:00'),
(266,	'8pm - 12am',	'3',	'2021-01-16',	'Little',	'3,6',	'2',	22,	'2021-01-22 13:49:17',	'2021-01-16 20:00:00',	'2021-01-16 00:00:00'),
(267,	'8pm - 12am',	'3',	'2021-01-16',	'Little',	'',	'0',	22,	'2021-01-22 13:49:25',	'2021-01-16 20:00:00',	'2021-01-16 00:00:00'),
(268,	'4am - 8am',	'4',	'2021-01-16',	'Moderate',	'3,2,6',	'3',	22,	'2021-01-22 13:53:14',	'2021-01-16 04:00:00',	'2021-01-16 08:00:00'),
(269,	'12pm - 4pm',	'3',	'2021-01-16',	'Lot',	'5,6',	'2',	22,	'2021-01-22 13:53:23',	'2021-01-16 12:00:00',	'2021-01-16 16:00:00'),
(270,	'4pm - 8pm',	'2',	'2021-01-17',	'Lot',	'1,3',	'2',	22,	'2021-01-22 13:53:53',	'2021-01-17 16:00:00',	'2021-01-17 20:00:00'),
(271,	'12am - 4am',	'2',	'2021-01-17',	'Moderate',	'6',	'1',	22,	'2021-01-22 13:54:09',	'2021-01-17 00:00:00',	'2021-01-17 04:00:00'),
(272,	'8pm - 12am',	'2',	'2021-01-17',	'Little',	'6,5,7',	'3',	22,	'2021-01-22 13:54:15',	'2021-01-17 20:00:00',	'2021-01-17 00:00:00'),
(273,	'12am - 4am',	'3',	'2021-01-18',	'Little',	'5,6,7',	'3',	22,	'2021-01-22 13:55:54',	'2021-01-18 00:00:00',	'2021-01-18 04:00:00'),
(274,	'8pm - 12am',	'2',	'2021-01-18',	'Lot',	'6,5',	'2',	22,	'2021-01-22 13:56:13',	'2021-01-18 20:00:00',	'2021-01-18 00:00:00'),
(275,	'4am - 8am',	'2',	'2021-01-18',	'Lot',	'1,3',	'2',	22,	'2021-01-22 13:56:20',	'2021-01-18 04:00:00',	'2021-01-18 08:00:00'),
(276,	'8pm - 12am',	'4',	'2021-01-22',	'Lot',	'4,1,6',	'3',	22,	'2021-01-22 14:05:01',	'2021-01-22 20:00:00',	'2021-01-22 00:00:00'),
(277,	'8pm - 12am',	'4',	'2021-01-22',	'Moderate',	'1,3,5',	'3',	22,	'2021-01-22 14:05:08',	'2021-01-22 20:00:00',	'2021-01-22 00:00:00'),
(278,	'4am - 8am',	'2',	'2021-01-22',	'Moderate',	'3,5',	'2',	22,	'2021-01-22 14:05:14',	'2021-01-22 04:00:00',	'2021-01-22 08:00:00'),
(279,	'12pm - 4pm',	'3',	'2021-01-22',	'Lot',	'3,6,5,2,7',	'5',	22,	'2021-01-22 14:05:21',	'2021-01-22 12:00:00',	'2021-01-22 16:00:00'),
(280,	'4pm - 8pm',	'3',	'2021-01-20',	'Little',	'1,3',	'2',	22,	'2021-01-22 14:08:19',	'2021-01-20 16:00:00',	'2021-01-20 20:00:00'),
(281,	'12pm - 4pm',	'4',	'2021-01-20',	'Little',	'4',	'1',	22,	'2021-01-22 14:08:31',	'2021-01-20 12:00:00',	'2021-01-20 16:00:00'),
(282,	'12pm - 4pm',	'4',	'2021-01-19',	'Little',	'4,1',	'2',	22,	'2021-01-22 14:10:58',	'2021-01-19 12:00:00',	'2021-01-19 16:00:00'),
(283,	'8pm - 12am',	'4',	'2021-01-19',	'Little',	'3,1,6,5,7',	'5',	22,	'2021-01-22 14:11:05',	'2021-01-19 20:00:00',	'2021-01-19 00:00:00'),
(284,	'8am - 12pm',	'4',	'2021-01-19',	'Moderate',	'3,1',	'2',	22,	'2021-01-22 14:11:11',	'2021-01-19 08:00:00',	'2021-01-19 12:00:00'),
(288,	'4pm - 8pm',	'2',	'2021-01-21',	'Lot',	'1,6,5',	'3',	22,	'2021-01-29 12:34:25',	'2021-01-21 16:00:00',	'2021-01-21 20:00:00'),
(289,	'12pm - 4pm',	'4',	'2021-01-21',	'Little',	'3,6',	'2',	22,	'2021-01-29 12:34:32',	'2021-01-21 12:00:00',	'2021-01-21 16:00:00'),
(290,	'12pm - 4pm',	'5',	'2021-01-23',	'Lot',	'3,5,6',	'3',	22,	'2021-01-29 12:35:52',	'2021-01-23 12:00:00',	'2021-01-23 16:00:00'),
(291,	'4am - 8am',	'3',	'2021-01-23',	'Lot',	'6,1,5',	'3',	22,	'2021-01-29 12:35:58',	'2021-01-23 04:00:00',	'2021-01-23 08:00:00'),
(292,	'4am - 8am',	'3',	'2021-01-23',	'Little',	'2,7',	'2',	22,	'2021-01-29 12:36:16',	'2021-01-23 04:00:00',	'2021-01-23 08:00:00'),
(293,	'8pm - 12am',	'3',	'2021-01-29',	'Little',	'3,6',	'2',	22,	'2021-01-29 12:38:37',	'2021-01-29 20:00:00',	'2021-01-29 00:00:00'),
(294,	'4am - 8am',	'3',	'2021-01-29',	'Moderate',	'2,5,7',	'3',	22,	'2021-01-29 12:38:44',	'2021-01-29 04:00:00',	'2021-01-29 08:00:00'),
(295,	'12am - 4am',	'3',	'2021-01-28',	'Little',	'1,6',	'2',	22,	'2021-01-29 12:45:34',	'2021-01-28 00:00:00',	'2021-01-28 04:00:00'),
(296,	'4am - 8am',	'2',	'2021-01-28',	'Lot',	'6,5,3',	'3',	22,	'2021-01-29 12:46:02',	'2021-01-28 04:00:00',	'2021-01-28 08:00:00'),
(297,	'12pm - 4pm',	'4',	'2021-01-27',	'Lot',	'3,6',	'2',	22,	'2021-01-29 12:46:48',	'2021-01-27 12:00:00',	'2021-01-27 16:00:00'),
(298,	'8pm - 12am',	'4',	'2021-01-27',	'Lot',	'3,4',	'2',	22,	'2021-01-29 12:46:56',	'2021-01-27 20:00:00',	'2021-01-27 00:00:00'),
(299,	'4am - 8am',	'3',	'2021-01-27',	'Moderate',	'3',	'1',	22,	'2021-01-29 12:47:10',	'2021-01-27 04:00:00',	'2021-01-27 08:00:00'),
(300,	'8pm - 12am',	'4',	'2021-01-26',	'Lot',	'3,6',	'2',	22,	'2021-01-29 12:48:29',	'2021-01-26 20:00:00',	'2021-01-26 00:00:00'),
(301,	'4am - 8am',	'3',	'2021-01-26',	'Little',	'3',	'1',	22,	'2021-01-29 12:48:34',	'2021-01-26 04:00:00',	'2021-01-26 08:00:00'),
(302,	'8pm - 12am',	'4',	'2021-01-25',	'Little',	'3,6',	'2',	22,	'2021-01-29 12:50:21',	'2021-01-25 20:00:00',	'2021-01-25 00:00:00'),
(303,	'12pm - 4pm',	'2',	'2021-01-25',	'Moderate',	'2,3,6,7',	'4',	22,	'2021-01-29 12:50:28',	'2021-01-25 12:00:00',	'2021-01-25 16:00:00'),
(304,	'4am - 8am',	'2',	'2021-01-25',	'Moderate',	'3,2',	'2',	22,	'2021-01-29 12:50:36',	'2021-01-25 04:00:00',	'2021-01-25 08:00:00'),
(305,	'8pm - 12am',	'3',	'2021-01-24',	'Little',	'2,6',	'2',	22,	'2021-01-29 12:51:56',	'2021-01-24 20:00:00',	'2021-01-24 00:00:00'),
(306,	'12am - 4am',	'3',	'2021-01-24',	'Lot',	'6',	'1',	22,	'2021-01-29 12:52:03',	'2021-01-24 00:00:00',	'2021-01-24 04:00:00'),
(333,	'12am - 4am',	'1',	'2021-02-02',	'Little',	'1,2,3,6',	'4',	22,	'2021-02-02 13:13:20',	'2021-02-02 00:00:00',	'2021-02-02 04:00:00'),
(334,	'12pm - 4pm',	'3',	'2021-02-02',	'Moderate',	'2,3,1,5,6,7',	'6',	22,	'2021-02-02 13:14:01',	'2021-02-02 12:00:00',	'2021-02-02 16:00:00'),
(341,	'12pm - 4pm',	'3',	'2021-02-02',	'Little',	'1,2,6',	'3',	22,	'2021-02-02 13:21:13',	'2021-02-02 12:00:00',	'2021-02-02 16:00:00'),
(364,	'4pm - 8pm',	'3',	'2021-02-05',	'Little',	'1',	'1',	22,	'2021-02-05 08:53:13',	'2021-02-05 16:00:00',	'2021-02-05 20:00:00'),
(371,	'4pm - 8pm',	'3',	'2021-02-05',	'Little',	'2,5',	'2',	22,	'2021-02-05 10:28:08',	'2021-02-05 16:00:00',	'2021-02-05 20:00:00'),
(374,	'4pm - 8pm',	'2',	'2021-02-05',	'Little',	'2,3',	'2',	22,	'2021-02-05 10:31:05',	'2021-02-05 16:00:00',	'2021-02-05 20:00:00'),
(381,	'12am - 4am',	'5',	'2021-02-05',	'Lot',	'4,3',	'2',	22,	'2021-02-05 11:07:16',	'2021-02-05 00:00:00',	'2021-02-05 04:00:00'),
(382,	'12am - 4am',	'4',	'2021-02-05',	'Lot',	'2',	'1',	22,	'2021-02-05 11:08:06',	'2021-02-05 00:00:00',	'2021-02-05 04:00:00'),
(384,	'12pm - 4pm',	'2',	'2021-02-05',	'Little',	'2',	'1',	22,	'2021-02-05 11:13:03',	'2021-02-05 12:00:00',	'2021-02-05 16:00:00'),
(387,	'8am - 12pm',	'1',	'2021-02-05',	'Moderate',	'2',	'1',	22,	'2021-02-05 11:17:19',	'2021-02-05 08:00:00',	'2021-02-05 12:00:00'),
(390,	'12am - 4am',	'1',	'2021-02-10',	'Little',	'1',	'1',	34,	'2021-02-10 07:35:48',	'2021-02-10 00:00:00',	'2021-02-10 04:00:00'),
(391,	'4pm - 8pm',	'3',	'2021-02-10',	'Moderate',	'2,3',	'2',	22,	'2021-02-10 11:49:50',	'2021-02-10 16:00:00',	'2021-02-10 20:00:00'),
(392,	'12am - 4am',	'1',	'2021-02-12',	'Little',	'1',	'1',	44,	'2021-02-12 11:19:01',	'2021-02-12 00:00:00',	'2021-02-12 04:00:00'),
(393,	'12am - 4am',	'1',	'2021-02-12',	'Little',	'1',	'1',	34,	'2021-02-12 11:25:41',	'2021-02-12 00:00:00',	'2021-02-12 04:00:00'),
(394,	'12am - 4am',	'1',	'2021-02-12',	'Little',	'1',	'1',	34,	'2021-02-12 11:57:10',	'2021-02-12 00:00:00',	'2021-02-12 04:00:00'),
(395,	'12am - 4am',	'1',	'2021-02-12',	'Little',	'1,2,3,4,5,6,7',	'7',	34,	'2021-02-12 11:57:38',	'2021-02-12 00:00:00',	'2021-02-12 04:00:00'),
(396,	'4pm - 8pm',	'4',	'2021-02-16',	'Little',	'3',	'1',	45,	'2021-02-16 06:38:14',	'2021-02-16 16:00:00',	'2021-02-16 20:00:00'),
(397,	'8am - 12pm',	'4',	'2021-02-16',	'Moderate',	'2',	'1',	22,	'2021-02-16 08:16:39',	'2021-02-16 08:00:00',	'2021-02-16 12:00:00'),
(398,	'4am - 8am',	'3',	'2021-02-16',	'Little',	'5,3',	'2',	45,	'2021-02-16 09:47:00',	'2021-02-16 04:00:00',	'2021-02-16 08:00:00'),
(399,	'12am - 4am',	'1',	'2021-02-16',	'Little',	'1',	'1',	34,	'2021-02-16 12:46:57',	'2021-02-16 00:00:00',	'2021-02-16 04:00:00'),
(400,	'12am - 4am',	'1',	'2021-02-16',	'Little',	'1',	'1',	34,	'2021-02-16 12:48:36',	'2021-02-16 00:00:00',	'2021-02-16 04:00:00'),
(401,	'12am - 4am',	'1',	'2021-02-16',	'Little',	'1',	'1',	48,	'2021-02-16 13:05:47',	'2021-02-16 00:00:00',	'2021-02-16 04:00:00'),
(402,	'8pm - 12am',	'3',	'2021-02-16',	'Little',	'5',	'1',	22,	'2021-02-16 15:49:39',	'2021-02-16 20:00:00',	'2021-02-16 00:00:00'),
(403,	'8am - 12pm',	'3',	'2021-02-16',	'Little',	'2',	'1',	22,	'2021-02-16 15:49:55',	'2021-02-16 08:00:00',	'2021-02-16 12:00:00'),
(404,	'8pm - 12am',	'3',	'2021-02-15',	'Little',	'6,3,2',	'3',	22,	'2021-02-16 16:33:15',	'2021-02-15 20:00:00',	'2021-02-15 00:00:00'),
(405,	'4pm - 8pm',	'4',	'2021-02-15',	'Lot',	'3,6,2',	'3',	22,	'2021-02-16 16:35:03',	'2021-02-15 16:00:00',	'2021-02-15 20:00:00'),
(406,	'8pm - 12am',	'3',	'2021-02-14',	'Lot',	'3,6,7',	'3',	22,	'2021-02-16 16:37:20',	'2021-02-14 20:00:00',	'2021-02-14 00:00:00'),
(407,	'8pm - 12am',	'3',	'2021-02-14',	'Moderate',	'6,3',	'2',	22,	'2021-02-16 16:37:28',	'2021-02-14 20:00:00',	'2021-02-14 00:00:00'),
(408,	'4am - 8am',	'4',	'2021-02-14',	'Lot',	'1,6,5',	'3',	22,	'2021-02-16 16:37:41',	'2021-02-14 04:00:00',	'2021-02-14 08:00:00'),
(409,	'12pm - 4pm',	'3',	'2021-02-14',	'Lot',	'3,6,7',	'3',	22,	'2021-02-16 16:37:49',	'2021-02-14 12:00:00',	'2021-02-14 16:00:00'),
(410,	'8pm - 12am',	'4',	'2021-02-13',	'Little',	'',	'0',	22,	'2021-02-16 16:38:51',	'2021-02-13 20:00:00',	'2021-02-13 00:00:00'),
(411,	'8am - 12pm',	'2',	'2021-02-13',	'Little',	'3',	'1',	22,	'2021-02-16 16:39:00',	'2021-02-13 08:00:00',	'2021-02-13 12:00:00'),
(412,	'12am - 4am',	'3',	'2021-02-13',	'Little',	'6,2,5,1',	'4',	22,	'2021-02-16 16:39:48',	'2021-02-13 00:00:00',	'2021-02-13 04:00:00'),
(413,	'8pm - 12am',	'4',	'2021-02-01',	'Little',	'3,6',	'2',	22,	'2021-02-17 02:04:28',	'2021-02-01 20:00:00',	'2021-02-01 00:00:00'),
(414,	'4am - 8am',	'1',	'2021-02-01',	'Lot',	'2,6',	'2',	22,	'2021-02-17 02:04:37',	'2021-02-01 04:00:00',	'2021-02-01 08:00:00'),
(415,	'4pm - 8pm',	'3',	'2021-02-01',	'Moderate',	'3',	'1',	22,	'2021-02-17 02:04:47',	'2021-02-01 16:00:00',	'2021-02-01 20:00:00'),
(416,	'12pm - 4pm',	'3',	'2021-02-01',	'Lot',	'2,1,5',	'3',	22,	'2021-02-17 02:04:56',	'2021-02-01 12:00:00',	'2021-02-01 16:00:00'),
(417,	'8pm - 12am',	'3',	'2021-02-01',	'Lot',	'3,7,5',	'3',	22,	'2021-02-17 02:05:03',	'2021-02-01 20:00:00',	'2021-02-01 00:00:00'),
(418,	'8pm - 12am',	'3',	'2021-02-01',	'Little',	'3,6',	'2',	22,	'2021-02-17 02:05:10',	'2021-02-01 20:00:00',	'2021-02-01 00:00:00'),
(419,	'8pm - 12am',	'3',	'2021-02-03',	'Little',	'6,5,7',	'3',	22,	'2021-02-17 02:07:26',	'2021-02-03 20:00:00',	'2021-02-03 00:00:00'),
(420,	'12pm - 4pm',	'2',	'2021-02-04',	'Lot',	'2,5',	'2',	22,	'2021-02-17 02:08:53',	'2021-02-04 12:00:00',	'2021-02-04 16:00:00'),
(421,	'12am - 4am',	'3',	'2021-02-04',	'Lot',	'7',	'1',	22,	'2021-02-17 02:09:00',	'2021-02-04 00:00:00',	'2021-02-04 04:00:00'),
(422,	'8am - 12pm',	'1',	'2021-02-16',	'Little',	'7,6',	'2',	22,	'2021-02-17 02:30:57',	'2021-02-16 08:00:00',	'2021-02-16 12:00:00'),
(423,	'8am - 12pm',	'3',	'2021-02-12',	'Lot',	'3',	'1',	22,	'2021-02-17 02:31:58',	'2021-02-12 08:00:00',	'2021-02-12 12:00:00'),
(424,	'8am - 12pm',	'3',	'2021-02-12',	'Little',	'6',	'1',	22,	'2021-02-17 02:32:04',	'2021-02-12 08:00:00',	'2021-02-12 12:00:00'),
(425,	'8pm - 12am',	'2',	'2021-02-11',	'Lot',	'2,1',	'2',	22,	'2021-02-17 02:34:33',	'2021-02-11 20:00:00',	'2021-02-11 00:00:00'),
(426,	'8am - 12pm',	'3',	'2021-02-09',	'Lot',	'5,7',	'2',	22,	'2021-02-17 02:35:24',	'2021-02-09 08:00:00',	'2021-02-09 12:00:00'),
(427,	'8pm - 12am',	'3',	'2021-02-08',	'Lot',	'3,6',	'2',	22,	'2021-02-17 02:36:05',	'2021-02-08 20:00:00',	'2021-02-08 00:00:00'),
(428,	'12pm - 4pm',	'2',	'2021-02-07',	'Moderate',	'2,5',	'2',	22,	'2021-02-17 02:36:51',	'2021-02-07 12:00:00',	'2021-02-07 16:00:00'),
(429,	'8pm - 12am',	'3',	'2021-02-06',	'Little',	'3,6',	'2',	22,	'2021-02-17 02:37:11',	'2021-02-06 20:00:00',	'2021-02-06 00:00:00'),
(430,	'8am - 12pm',	'4',	'2021-02-17',	'Moderate',	'6',	'1',	45,	'2021-02-17 06:49:46',	'2021-02-17 08:00:00',	'2021-02-17 12:00:00'),
(431,	'4pm - 8pm',	'4',	'2021-02-17',	'Lot',	'',	'0',	45,	'2021-02-17 07:41:04',	'2021-02-17 16:00:00',	'2021-02-17 20:00:00'),
(432,	'12am - 4am',	'2',	'2021-02-17',	'Little',	'2',	'1',	45,	'2021-02-17 07:46:20',	'2021-02-17 00:00:00',	'2021-02-17 04:00:00'),
(433,	'12am - 4am',	'2',	'2021-02-17',	'Moderate',	'6,4',	'2',	45,	'2021-02-17 07:48:44',	'2021-02-17 00:00:00',	'2021-02-17 04:00:00'),
(434,	'8pm - 12am',	'3',	'2021-02-17',	'Moderate',	'2,5,6',	'3',	33,	'2021-02-17 08:18:26',	'2021-02-17 20:00:00',	'2021-02-17 00:00:00'),
(435,	'12am - 4am',	'1',	'2021-02-17',	'Little',	'1,2,4,5,3,6,7',	'7',	34,	'2021-02-17 13:13:23',	'2021-02-17 00:00:00',	'2021-02-17 04:00:00'),
(436,	'8pm - 12am',	'3',	'2021-02-17',	'Little',	'3,6',	'2',	22,	'2021-02-17 14:45:13',	'2021-02-17 20:00:00',	'2021-02-17 00:00:00'),
(437,	'4pm - 8pm',	'2',	'2021-02-17',	'Moderate',	'2,5',	'2',	22,	'2021-02-17 14:45:19',	'2021-02-17 16:00:00',	'2021-02-17 20:00:00'),
(438,	'8am - 12pm',	'2',	'2021-02-17',	'Little',	'2,5',	'2',	22,	'2021-02-17 14:45:32',	'2021-02-17 08:00:00',	'2021-02-17 12:00:00'),
(439,	'4pm - 8pm',	'5',	'2021-02-17',	'Lot',	'4,6',	'2',	22,	'2021-02-17 14:45:40',	'2021-02-17 16:00:00',	'2021-02-17 20:00:00'),
(440,	'4pm - 8pm',	'3',	'2021-02-17',	'Moderate',	'2,7',	'2',	22,	'2021-02-17 14:45:48',	'2021-02-17 16:00:00',	'2021-02-17 20:00:00'),
(441,	'12am - 4am',	'2',	'2021-02-08',	'Moderate',	'1,6',	'2',	22,	'2021-02-17 22:09:07',	'2021-02-08 00:00:00',	'2021-02-08 04:00:00'),
(442,	'4pm - 8pm',	'4',	'2021-02-08',	'Lot',	'3,4',	'2',	22,	'2021-02-17 22:09:18',	'2021-02-08 16:00:00',	'2021-02-08 20:00:00'),
(443,	'12am - 4am',	'1',	'2021-02-18',	'Little',	'1',	'1',	34,	'2021-02-18 09:34:20',	'2021-02-18 00:00:00',	'2021-02-18 04:00:00'),
(444,	'4am - 8am',	'1',	'2021-02-18',	'Little',	'2',	'1',	34,	'2021-02-18 10:11:00',	'2021-02-18 04:00:00',	'2021-02-18 08:00:00'),
(445,	'8pm - 12am',	'2',	'2021-02-19',	'Lot',	'6',	'1',	45,	'2021-02-19 05:57:04',	'2021-02-19 20:00:00',	'2021-02-19 00:00:00'),
(446,	'4am - 8am',	'3',	'2021-02-19',	'Moderate',	'7,4,1',	'3',	45,	'2021-02-19 06:06:50',	'2021-02-19 04:00:00',	'2021-02-19 08:00:00'),
(447,	'12pm - 4pm',	'1',	'2021-02-19',	'Moderate',	'1',	'1',	34,	'2021-02-19 12:19:09',	'2021-02-19 12:00:00',	'2021-02-19 16:00:00'),
(448,	'4am - 8am',	'3',	'2021-02-19',	'Little',	'1,6',	'2',	33,	'2021-02-19 12:27:37',	'2021-02-19 04:00:00',	'2021-02-19 08:00:00'),
(449,	'8am - 12pm',	'3',	'2021-02-19',	'Moderate',	'2,3,6',	'3',	22,	'2021-02-19 12:30:44',	'2021-02-19 08:00:00',	'2021-02-19 12:00:00'),
(450,	'12am - 4am',	'3',	'2021-02-18',	'Lot',	'3',	'1',	22,	'2021-02-19 13:37:28',	'2021-02-18 00:00:00',	'2021-02-18 04:00:00'),
(451,	'8pm - 12am',	'5',	'2021-02-18',	'Moderate',	'2',	'1',	22,	'2021-02-19 13:37:34',	'2021-02-18 20:00:00',	'2021-02-18 00:00:00'),
(452,	'4am - 8am',	'1',	'2021-02-18',	'Little',	'2,1',	'2',	22,	'2021-02-19 13:37:40',	'2021-02-18 04:00:00',	'2021-02-18 08:00:00'),
(453,	'12pm - 4pm',	'4',	'2021-02-03',	'Lot',	'3',	'1',	22,	'2021-02-19 13:39:12',	'2021-02-03 12:00:00',	'2021-02-03 16:00:00'),
(454,	'12pm - 4pm',	'3',	'2021-02-04',	'Lot',	'3',	'1',	22,	'2021-02-19 13:40:50',	'2021-02-04 12:00:00',	'2021-02-04 16:00:00'),
(455,	'8pm - 12am',	'4',	'2021-02-22',	'Lot',	'2',	'1',	22,	'2021-02-22 12:18:30',	'2021-02-22 20:00:00',	'2021-02-22 00:00:00'),
(456,	'12am - 4am',	'5',	'2021-02-28',	'Lot',	'1,5',	'2',	22,	'2021-03-01 14:06:40',	'2021-02-28 00:00:00',	'2021-02-28 04:00:00'),
(457,	'8pm - 12am',	'4',	'2021-02-28',	'Moderate',	'2,6,7',	'3',	22,	'2021-03-01 14:08:10',	'2021-02-28 20:00:00',	'2021-02-28 00:00:00'),
(458,	'12am - 4am',	'5',	'2021-02-27',	'Lot',	'1,2,6',	'3',	22,	'2021-03-01 16:39:22',	'2021-02-27 00:00:00',	'2021-02-27 04:00:00'),
(459,	'8pm - 12am',	'2',	'2021-02-27',	'Lot',	'3,6',	'2',	22,	'2021-03-01 16:39:37',	'2021-02-27 20:00:00',	'2021-02-27 00:00:00'),
(460,	'8pm - 12am',	'1',	'2021-02-27',	'Moderate',	'2,5',	'2',	22,	'2021-03-01 16:40:00',	'2021-02-27 20:00:00',	'2021-02-27 00:00:00');

DROP TABLE IF EXISTS `bowel_name`;
CREATE TABLE `bowel_name` (
  `bowelnameId` int(11) NOT NULL AUTO_INCREMENT,
  `bowel_name` varchar(200) DEFAULT '',
  `created_at` timestamp NULL DEFAULT CURRENT_TIMESTAMP,
  PRIMARY KEY (`bowelnameId`)
) ENGINE=InnoDB DEFAULT CHARSET=latin1;

INSERT INTO `bowel_name` (`bowelnameId`, `bowel_name`, `created_at`) VALUES
(1,	'Mucus',	'2020-08-29 10:29:32'),
(2,	'Blood',	'2020-08-29 10:29:32'),
(3,	'Urgent',	'2020-08-29 10:29:49'),
(4,	'Painful',	'2020-08-29 10:29:49'),
(5,	'Diarrhea',	'2020-08-29 10:30:29'),
(6,	'Constipation',	'2020-08-29 10:30:29'),
(7,	'Partial Evacuation',	'2020-08-29 10:30:54');

DROP TABLE IF EXISTS `food`;
CREATE TABLE `food` (
  `foodId` int(11) NOT NULL AUTO_INCREMENT,
  `foodCategoryId` int(11) DEFAULT NULL,
  `food_name` varchar(200) DEFAULT '',
  `foodmap` varchar(50) DEFAULT '',
  `Dairy` varchar(20) DEFAULT '',
  `Gluten` varchar(20) DEFAULT '',
  `Soy` varchar(20) DEFAULT '',
  `created_at` timestamp NULL DEFAULT CURRENT_TIMESTAMP,
  PRIMARY KEY (`foodId`),
  KEY `foodCategoryId` (`foodCategoryId`)
) ENGINE=InnoDB DEFAULT CHARSET=latin1;

INSERT INTO `food` (`foodId`, `foodCategoryId`, `food_name`, `foodmap`, `Dairy`, `Gluten`, `Soy`, `created_at`) VALUES
(1,	1,	'Acai',	'Low',	'',	'',	'',	'0000-00-00 00:00:00'),
(2,	1,	'Ackee',	'Low',	'',	'',	'',	'0000-00-00 00:00:00'),
(3,	1,	'Apple',	'High',	'',	'',	'',	'0000-00-00 00:00:00'),
(4,	1,	'Apricot',	'High',	'',	'',	'',	'0000-00-00 00:00:00'),
(5,	1,	'Avocado',	'High',	'',	'',	'',	'0000-00-00 00:00:00'),
(6,	1,	'Banana chips',	'Low',	'',	'',	'',	'0000-00-00 00:00:00'),
(7,	1,	'Banana - ripe',	'High',	'',	'',	'',	'0000-00-00 00:00:00'),
(8,	1,	'Banana - unripe',	'Low',	'',	'',	'',	'0000-00-00 00:00:00'),
(9,	1,	'Blackberry',	'High',	'',	'',	'',	'0000-00-00 00:00:00'),
(10,	1,	'Blueberry',	'High',	'',	'',	'',	'0000-00-00 00:00:00'),
(11,	1,	'Boysenberry',	'Medium',	'',	'',	'',	'0000-00-00 00:00:00'),
(12,	1,	'Breadfruit',	'Low',	'',	'',	'',	'0000-00-00 00:00:00'),
(13,	1,	'Cantaloupe',	'Medium',	'',	'',	'',	'0000-00-00 00:00:00'),
(14,	1,	'Carambola',	'Low',	'',	'',	'',	'0000-00-00 00:00:00'),
(15,	1,	'Cherry',	'High',	'',	'',	'',	'0000-00-00 00:00:00'),
(16,	1,	'Clementine',	'Low',	'',	'',	'',	'0000-00-00 00:00:00'),
(17,	1,	'Coconut',	'Medium',	'',	'',	'',	'0000-00-00 00:00:00'),
(18,	1,	'Coconut - shredded - dried',	'Low',	'',	'',	'',	'0000-00-00 00:00:00'),
(19,	1,	'Concentrated fruit',	'High',	'',	'',	'',	'0000-00-00 00:00:00'),
(20,	1,	'Cranberry - dried',	'High',	'',	'',	'',	'0000-00-00 00:00:00'),
(21,	1,	'Cumquats',	'Low',	'',	'',	'',	'0000-00-00 00:00:00'),
(22,	1,	'Currants',	'High',	'',	'',	'',	'0000-00-00 00:00:00'),
(23,	1,	'Custard apple',	'High',	'',	'',	'',	'0000-00-00 00:00:00'),
(24,	1,	'Dates',	'High',	'',	'',	'',	'0000-00-00 00:00:00'),
(25,	1,	'Dragonfruit',	'Low',	'',	'',	'',	'0000-00-00 00:00:00'),
(26,	1,	'Dried Fruit',	'High',	'',	'',	'',	'0000-00-00 00:00:00'),
(27,	1,	'Durian',	'Low',	'',	'',	'',	'0000-00-00 00:00:00'),
(28,	1,	'Feijoa',	'High',	'',	'',	'',	'0000-00-00 00:00:00'),
(29,	1,	'Figs',	'High',	'',	'',	'',	'0000-00-00 00:00:00'),
(30,	1,	'Goji berries',	'High',	'',	'',	'',	'0000-00-00 00:00:00'),
(31,	1,	'Grape - black or red',	'Low',	'',	'',	'',	'0000-00-00 00:00:00'),
(32,	1,	'Grapefruit',	'High',	'',	'',	'',	'0000-00-00 00:00:00'),
(33,	1,	'Guava - ripe',	'Low',	'',	'',	'',	'0000-00-00 00:00:00'),
(34,	1,	'Guava - unripe',	'High',	'',	'',	'',	'0000-00-00 00:00:00'),
(35,	1,	'Honeydew',	'High',	'',	'',	'',	'0000-00-00 00:00:00'),
(36,	1,	'kiwifruit',	'Low',	'',	'',	'',	'0000-00-00 00:00:00'),
(37,	1,	'Lemon',	'Low',	'',	'',	'',	'0000-00-00 00:00:00'),
(38,	1,	'Lime',	'Low',	'',	'',	'',	'0000-00-00 00:00:00'),
(39,	1,	'Longan',	'High',	'',	'',	'',	'0000-00-00 00:00:00'),
(40,	1,	'Lychee',	'High',	'',	'',	'',	'0000-00-00 00:00:00'),
(41,	1,	'Mandarin',	'Low',	'',	'',	'',	'0000-00-00 00:00:00'),
(42,	1,	'Mango',	'High',	'',	'',	'',	'0000-00-00 00:00:00'),
(43,	1,	'Nectarine',	'High',	'',	'',	'',	'0000-00-00 00:00:00'),
(44,	1,	'Orange',	'Low',	'',	'',	'',	'0000-00-00 00:00:00'),
(45,	1,	'Papaya',	'Low',	'',	'',	'',	'0000-00-00 00:00:00'),
(46,	1,	'Passion Fruit',	'Low',	'',	'',	'',	'0000-00-00 00:00:00'),
(47,	1,	'Paw paw - dried',	'High',	'',	'',	'',	'0000-00-00 00:00:00'),
(48,	1,	'Peach',	'High',	'',	'',	'',	'0000-00-00 00:00:00'),
(49,	1,	'Pear',	'High',	'',	'',	'',	'0000-00-00 00:00:00'),
(50,	1,	'Pear - Nashi',	'High',	'',	'',	'',	'0000-00-00 00:00:00'),
(51,	1,	'Pear - prickly',	'Low',	'',	'',	'',	'0000-00-00 00:00:00'),
(52,	1,	'Persimmon',	'High',	'',	'',	'',	'0000-00-00 00:00:00'),
(53,	1,	'Pineapple',	'Low',	'',	'',	'',	'0000-00-00 00:00:00'),
(54,	1,	'Pineapple - dried',	'High',	'',	'',	'',	'0000-00-00 00:00:00'),
(55,	1,	'Plaintain (peeled)',	'Low',	'',	'',	'',	'0000-00-00 00:00:00'),
(56,	1,	'Plum',	'High',	'',	'',	'',	'0000-00-00 00:00:00'),
(57,	1,	'Pomegranate',	'High',	'',	'',	'',	'0000-00-00 00:00:00'),
(58,	1,	'Prune',	'High',	'',	'',	'',	'0000-00-00 00:00:00'),
(59,	1,	'Raisins',	'High',	'',	'',	'',	'0000-00-00 00:00:00'),
(60,	1,	'Rambutan',	'High',	'',	'',	'',	'0000-00-00 00:00:00'),
(61,	1,	'Raspberry',	'High',	'',	'',	'',	'0000-00-00 00:00:00'),
(62,	1,	'Rhubarb',	'Low',	'',	'',	'',	'0000-00-00 00:00:00'),
(63,	1,	'Rockmelon',	'Low',	'',	'',	'',	'0000-00-00 00:00:00'),
(64,	1,	'Starfruit',	'Low',	'',	'',	'',	'0000-00-00 00:00:00'),
(65,	1,	'Strawberry',	'Low',	'',	'',	'',	'0000-00-00 00:00:00'),
(66,	1,	'Sultanas',	'High',	'',	'',	'',	'0000-00-00 00:00:00'),
(67,	1,	'Tamarillo',	'High',	'',	'',	'',	'0000-00-00 00:00:00'),
(68,	1,	'Tamarind',	'Low',	'',	'',	'',	'0000-00-00 00:00:00'),
(69,	1,	'Tangelo',	'Low',	'',	'',	'',	'0000-00-00 00:00:00'),
(70,	1,	'Tinned Fruit in Natural Juice',	'High',	'',	'',	'',	'0000-00-00 00:00:00'),
(71,	1,	'Watermelon',	'High',	'',	'',	'',	'0000-00-00 00:00:00'),
(72,	2,	'Alfalfa',	'Low',	'',	'',	'',	'0000-00-00 00:00:00'),
(73,	2,	'Artichoke',	'High',	'',	'',	'',	'0000-00-00 00:00:00'),
(74,	2,	'Artichoke hearts - canned',	'Low',	'',	'',	'',	'0000-00-00 00:00:00'),
(75,	2,	'Artichoke - Jerusalem',	'High',	'',	'',	'',	'0000-00-00 00:00:00'),
(76,	2,	'Artichoke - pickled in oil',	'High',	'',	'',	'',	'0000-00-00 00:00:00'),
(77,	2,	'Arugula',	'Low',	'',	'',	'',	'0000-00-00 00:00:00'),
(78,	2,	'Asparagus',	'High',	'',	'',	'',	'0000-00-00 00:00:00'),
(79,	2,	'Aubergine / Brinjal',	'Low',	'',	'',	'',	'0000-00-00 00:00:00'),
(80,	2,	'Bamboo Shoots',	':Low',	'',	'',	'',	'0000-00-00 00:00:00'),
(81,	2,	'Bean Sprouts',	'Low',	'',	'',	'',	'0000-00-00 00:00:00'),
(82,	2,	'Beans - green',	'Low',	'',	'',	'',	'0000-00-00 00:00:00'),
(83,	2,	'Beetroot',	'High',	'',	'',	'',	'0000-00-00 00:00:00'),
(84,	2,	'Beetroot - pickled',	'Low',	'',	'',	'',	'0000-00-00 00:00:00'),
(85,	2,	'Bell Pepper - green',	'Medium',	'',	'',	'',	'0000-00-00 00:00:00'),
(86,	2,	'Bell Pepper - red',	'Low',	'',	'',	'',	'0000-00-00 00:00:00'),
(87,	2,	'Bitter melon',	'High',	'',	'',	'',	'0000-00-00 00:00:00'),
(88,	2,	'Bittergourd / Karela',	'High',	'',	'',	'',	'0000-00-00 00:00:00'),
(89,	2,	'Bok Choy',	'Low',	'',	'',	'',	'0000-00-00 00:00:00'),
(90,	2,	'Broccoli - chinese / Gai lan',	'Low',	'',	'',	'',	'0000-00-00 00:00:00'),
(91,	2,	'Broccoli - heads only',	'Low',	'',	'',	'',	'0000-00-00 00:00:00'),
(92,	2,	'Broccoli - stalks only',	'High',	'',	'',	'',	'0000-00-00 00:00:00'),
(93,	2,	'Broccoli - whole',	'Low',	'',	'',	'',	'0000-00-00 00:00:00'),
(94,	2,	'Broccolini - stalks only',	'Low',	'',	'',	'',	'0000-00-00 00:00:00'),
(95,	2,	'Broccolini - whole',	'High',	'',	'',	'',	'0000-00-00 00:00:00'),
(96,	2,	'Brussels Sprouts',	'High',	'',	'',	'',	'0000-00-00 00:00:00'),
(97,	2,	'Butternut Squash',	'High',	'',	'',	'',	'0000-00-00 00:00:00'),
(98,	2,	'Cabbage - chinese / Wombok',	'Low',	'',	'',	'',	'0000-00-00 00:00:00'),
(99,	2,	'Cabbage - common',	'Low',	'',	'',	'',	'0000-00-00 00:00:00'),
(100,	2,	'Cabbage - red',	'Low',	'',	'',	'',	'0000-00-00 00:00:00'),
(101,	2,	'Cabbage - savoy',	'High',	'',	'',	'',	'0000-00-00 00:00:00'),
(102,	2,	'Callaloo',	'Low',	'',	'',	'',	'0000-00-00 00:00:00'),
(103,	2,	'Carrot',	'Low',	'',	'',	'',	'0000-00-00 00:00:00'),
(104,	2,	'Cassava',	'Low',	'',	'',	'',	'0000-00-00 00:00:00'),
(105,	2,	'Cauliflower',	'High',	'',	'',	'',	'0000-00-00 00:00:00'),
(106,	2,	'Celeriac',	'Low',	'',	'',	'',	'0000-00-00 00:00:00'),
(107,	2,	'Celery',	'High',	'',	'',	'',	'0000-00-00 00:00:00'),
(108,	2,	'Chicory leaves',	'Low',	'',	'',	'',	'0000-00-00 00:00:00'),
(109,	2,	'Chili - Ancho',	'High',	'',	'',	'',	'0000-00-00 00:00:00'),
(110,	2,	'Chili - Chipotle',	'High',	'',	'',	'',	'0000-00-00 00:00:00'),
(111,	2,	'Chili - green',	'Low',	'',	'',	'',	'0000-00-00 00:00:00'),
(112,	2,	'Chili - red',	'Low',	'',	'',	'',	'0000-00-00 00:00:00'),
(113,	2,	'Chives',	'Low',	'',	'',	'',	'0000-00-00 00:00:00'),
(114,	2,	'Choko / Chayote / Cho Cho',	'Low',	'',	'',	'',	'0000-00-00 00:00:00'),
(115,	2,	'Choy Sum',	'Low',	'',	'',	'',	'0000-00-00 00:00:00'),
(116,	2,	'Chrysanthemum greens',	'Low',	'',	'',	'',	'0000-00-00 00:00:00'),
(117,	2,	'Collard greens',	'Low',	'',	'',	'',	'0000-00-00 00:00:00'),
(118,	2,	'Corn truffle / Cuitlacoche',	'Low',	'',	'',	'',	'0000-00-00 00:00:00'),
(119,	2,	'Corn - baby canned',	'Low',	'',	'',	'',	'0000-00-00 00:00:00'),
(120,	2,	'Corn - creamed canned',	'Low',	'',	'',	'',	'0000-00-00 00:00:00'),
(121,	2,	'Corn - kernels canned',	'High',	'',	'',	'',	'0000-00-00 00:00:00'),
(122,	2,	'Corn - sweet',	'High',	'',	'',	'',	'0000-00-00 00:00:00'),
(123,	2,	'Cornichons',	'Low',	'',	'',	'',	'0000-00-00 00:00:00'),
(124,	2,	'Courgette',	'Medium',	'',	'',	'',	'0000-00-00 00:00:00'),
(125,	2,	'Cucumber',	'Low',	'',	'',	'',	'0000-00-00 00:00:00'),
(126,	2,	'Daikon white',	'Low',	'',	'',	'',	'0000-00-00 00:00:00'),
(127,	2,	'Dulse flakes',	'Low',	'',	'',	'',	'0000-00-00 00:00:00'),
(128,	2,	'Edamame',	'Low',	'',	'',	'',	'0000-00-00 00:00:00'),
(129,	2,	'Eggplant',	'Low',	'',	'',	'',	'0000-00-00 00:00:00'),
(130,	2,	'Endive',	'Low',	'',	'',	'',	'0000-00-00 00:00:00'),
(131,	2,	'Fennel - bulb',	'High',	'',	'',	'',	'0000-00-00 00:00:00'),
(132,	2,	'Fennel - leaves',	'Low',	'',	'',	'',	'0000-00-00 00:00:00'),
(133,	2,	'Fungus - dried - white back black',	'Low',	'',	'',	'',	'0000-00-00 00:00:00'),
(134,	2,	'Galangal',	'Low',	'',	'',	'',	'0000-00-00 00:00:00'),
(135,	2,	'Garlic',	'High',	'',	'',	'',	'0000-00-00 00:00:00'),
(136,	2,	'Garlic - black',	'High',	'',	'',	'',	'0000-00-00 00:00:00'),
(137,	2,	'Ginger',	'Low',	'',	'',	'',	'0000-00-00 00:00:00'),
(138,	2,	'Heart of palms - canned',	'Low',	'',	'',	'',	'0000-00-00 00:00:00'),
(139,	2,	'Jalapeno - pickled',	'Low',	'',	'',	'',	'0000-00-00 00:00:00'),
(140,	2,	'Jicama',	'Low',	'',	'',	'',	'0000-00-00 00:00:00'),
(141,	2,	'Kale',	'Low',	'',	'',	'',	'0000-00-00 00:00:00'),
(142,	2,	'Kimchi',	'High',	'',	'',	'',	'0000-00-00 00:00:00'),
(143,	2,	'Kohlrabi',	'Low',	'',	'',	'',	'0000-00-00 00:00:00'),
(144,	2,	'Leek - bulb',	'High',	'',	'',	'',	'0000-00-00 00:00:00'),
(145,	2,	'Leek - leaves',	'Medium',	'',	'',	'',	'0000-00-00 00:00:00'),
(146,	2,	'Lettuce (all types)',	'Low',	'',	'',	'',	'0000-00-00 00:00:00'),
(147,	2,	'Lotus root - dried',	'High',	'',	'',	'',	'0000-00-00 00:00:00'),
(148,	2,	'Lotus root - frozen',	'Low',	'',	'',	'',	'0000-00-00 00:00:00'),
(149,	2,	'Mushroom - Black Chanterelle',	'High',	'',	'',	'',	'0000-00-00 00:00:00'),
(150,	2,	'Mushroom - Button',	'High',	'',	'',	'',	'0000-00-00 00:00:00'),
(151,	2,	'Mushroom - Champignons',	'Low',	'',	'',	'',	'0000-00-00 00:00:00'),
(152,	2,	'Mushroom - Enoki',	'High',	'',	'',	'',	'0000-00-00 00:00:00'),
(153,	2,	'Mushroom - Oyster',	'Low',	'',	'',	'',	'0000-00-00 00:00:00'),
(154,	2,	'Mushroom - Porcini',	'High',	'',	'',	'',	'0000-00-00 00:00:00'),
(155,	2,	'Mushroom - Portobello',	'High',	'',	'',	'',	'0000-00-00 00:00:00'),
(156,	2,	'Mushroom - Shitake',	'High',	'',	'',	'',	'0000-00-00 00:00:00'),
(157,	2,	'Okra',	'Low',	'',	'',	'',	'0000-00-00 00:00:00'),
(158,	2,	'Olives - black or green',	'Low',	'',	'',	'',	'0000-00-00 00:00:00'),
(159,	2,	'Onion - pickled - large',	'Low',	'',	'',	'',	'0000-00-00 00:00:00'),
(160,	2,	'Onion - red',	'High',	'',	'',	'',	'0000-00-00 00:00:00'),
(161,	2,	'Onion - shallots',	'High',	'',	'',	'',	'0000-00-00 00:00:00'),
(162,	2,	'Onion - spring & scallion - green tops only',	'Low',	'',	'',	'',	'0000-00-00 00:00:00'),
(163,	2,	'Onion - white',	'High',	'',	'',	'',	'0000-00-00 00:00:00'),
(164,	2,	'Parsnip',	'Low',	'',	'',	'',	'0000-00-00 00:00:00'),
(165,	2,	'Peas - green',	'High',	'',	'',	'',	'0000-00-00 00:00:00'),
(166,	2,	'Potato',	'Low',	'',	'',	'',	'0000-00-00 00:00:00'),
(167,	2,	'Pumpkin - butternut',	'High',	'',	'',	'',	'0000-00-00 00:00:00'),
(168,	2,	'Pumpkin - canned',	'Low',	'',	'',	'',	'0000-00-00 00:00:00'),
(169,	2,	'Pumpkin - Japanese',	'Low',	'',	'',	'',	'0000-00-00 00:00:00'),
(170,	2,	'Radish',	'Low',	'',	'',	'',	'0000-00-00 00:00:00'),
(171,	2,	'Rutabaga',	'Low',	'',	'',	'',	'0000-00-00 00:00:00'),
(172,	2,	'Seaweed',	'Low',	'',	'',	'',	'0000-00-00 00:00:00'),
(173,	2,	'Silverbeet',	'Low',	'',	'',	'',	'0000-00-00 00:00:00'),
(174,	2,	'Snakebean / Yardlong bean',	'Low',	'',	'',	'',	'0000-00-00 00:00:00'),
(175,	2,	'Snow peas',	'High',	'',	'',	'',	'0000-00-00 00:00:00'),
(176,	2,	'Spaghetti squash - cooked',	'Low',	'',	'',	'',	'0000-00-00 00:00:00'),
(177,	2,	'Spinach',	'Low',	'',	'',	'',	'0000-00-00 00:00:00'),
(178,	2,	'Squash',	'Low',	'',	'',	'',	'0000-00-00 00:00:00'),
(179,	2,	'Sugar Snap Peas',	'High',	'',	'',	'',	'0000-00-00 00:00:00'),
(180,	2,	'Sun-dried tomatoes',	'Medium',	'',	'',	'',	'0000-00-00 00:00:00'),
(181,	2,	'Swede',	'Low',	'',	'',	'',	'0000-00-00 00:00:00'),
(182,	2,	'Sweet Corn',	'High',	'',	'',	'',	'0000-00-00 00:00:00'),
(183,	2,	'Sweet Potato',	'Low',	'',	'',	'',	'0000-00-00 00:00:00'),
(184,	2,	'Swiss chard',	'Low',	'',	'',	'',	'0000-00-00 00:00:00'),
(185,	2,	'Taro',	'Low',	'',	'',	'',	'0000-00-00 00:00:00'),
(186,	2,	'Tomatillos - canned',	'Low',	'',	'',	'',	'0000-00-00 00:00:00'),
(187,	2,	'Tomatillos - fresh',	'Low',	'',	'',	'',	'0000-00-00 00:00:00'),
(188,	2,	'Tomato - canned',	'Low',	'',	'',	'',	'0000-00-00 00:00:00'),
(189,	2,	'Tomato - Cherry',	'Low',	'',	'',	'',	'0000-00-00 00:00:00'),
(190,	2,	'Tomato - regular',	'Low',	'',	'',	'',	'0000-00-00 00:00:00'),
(191,	2,	'Tomato - Roma',	'Low',	'',	'',	'',	'0000-00-00 00:00:00'),
(192,	2,	'Onion - spring & scallion - bulb',	'High',	'',	'',	'',	'0000-00-00 00:00:00'),
(193,	2,	'Turnip',	'Low',	'',	'',	'',	'0000-00-00 00:00:00'),
(194,	2,	'Wakame flakes',	'Medium',	'',	'',	'',	'0000-00-00 00:00:00'),
(195,	2,	'Water Chestnuts',	'Low',	'',	'',	'',	'0000-00-00 00:00:00'),
(196,	2,	'Witlof',	'Low',	'',	'',	'',	'0000-00-00 00:00:00'),
(197,	2,	'Yam',	'Low',	'',	'',	'',	'0000-00-00 00:00:00'),
(198,	2,	'Yucca root',	'High',	'',	'',	'',	'0000-00-00 00:00:00'),
(199,	2,	'Zucchini',	'Medium',	'',	'',	'',	'0000-00-00 00:00:00'),
(200,	3,	'Amaranth - puffed grain',	'High',	'',	'',	'',	'0000-00-00 00:00:00'),
(201,	3,	'Arrowroot',	'Low',	'',	'',	'',	'0000-00-00 00:00:00'),
(202,	3,	'Baked Beans',	'High',	'',	'',	'',	'0000-00-00 00:00:00'),
(203,	3,	'Barley - pearl',	'High',	'',	'',	'',	'0000-00-00 00:00:00'),
(204,	8,	'Biscuit - butter',	'Low',	'',	'',	'',	'0000-00-00 00:00:00'),
(205,	3,	'Black beans',	'High',	'',	'',	'',	'0000-00-00 00:00:00'),
(206,	3,	'Borlotti beans',	'High',	'',	'',	'',	'0000-00-00 00:00:00'),
(207,	3,	'Bourghal',	'High',	'',	'',	'',	'0000-00-00 00:00:00'),
(208,	3,	'Bran - oat',	'Low',	'',	'',	'',	'0000-00-00 00:00:00'),
(209,	3,	'Bran - rice',	'Low',	'',	'',	'',	'0000-00-00 00:00:00'),
(210,	3,	'Bran - wheat',	'High',	'',	'',	'',	'0000-00-00 00:00:00'),
(211,	3,	'Bread -  rye',	'High',	'',	'',	'',	'0000-00-00 00:00:00'),
(212,	3,	'Bread - corn',	'Low',	'',	'',	'',	'0000-00-00 00:00:00'),
(213,	3,	'Bread - gluten free - high fiber',	'Medium',	'',	'',	'',	'0000-00-00 00:00:00'),
(214,	3,	'Bread - gluten free - multi-grain',	'High',	'',	'',	'',	'0000-00-00 00:00:00'),
(215,	3,	'Bread - gluten free - white',	'Low',	'',	'',	'',	'0000-00-00 00:00:00'),
(216,	3,	'Bread - high fiber',	'Low',	'',	'',	'',	'0000-00-00 00:00:00'),
(217,	3,	'Bread - millet',	'Low',	'',	'',	'',	'0000-00-00 00:00:00'),
(218,	3,	'Bread - naan or roti',	'High',	'',	'',	'',	'0000-00-00 00:00:00'),
(219,	3,	'Bread - oatmeal',	'High',	'',	'',	'',	'0000-00-00 00:00:00'),
(220,	3,	'Bread - pumpernickel',	'High',	'',	'',	'',	'0000-00-00 00:00:00'),
(221,	3,	'Bread - sourdough',	'High',	'',	'',	'',	'0000-00-00 00:00:00'),
(222,	3,	'Bread - wheat - high fiber',	'High',	'',	'',	'',	'0000-00-00 00:00:00'),
(223,	3,	'Bread - wheat - multi-grain',	'High',	'',	'',	'',	'0000-00-00 00:00:00'),
(224,	3,	'Bread - wheat - sourdough',	'Low',	'',	'',	'',	'0000-00-00 00:00:00'),
(225,	3,	'Bread - wheat - white',	'Low',	'',	'',	'',	'0000-00-00 00:00:00'),
(226,	3,	'Bread - wheat - wholegrain',	'High',	'',	'',	'',	'0000-00-00 00:00:00'),
(227,	3,	'Bread - whole wheat',	'High',	'',	'',	'',	'0000-00-00 00:00:00'),
(228,	3,	'Broad beans',	'High',	'',	'',	'',	'0000-00-00 00:00:00'),
(229,	3,	'Buckwheat - flakes or groats',	'Low',	'',	'',	'',	'0000-00-00 00:00:00'),
(230,	3,	'Buckwheat - kernels',	'Medium',	'',	'',	'',	'0000-00-00 00:00:00'),
(231,	3,	'Butter beans',	'High',	'',	'',	'',	'0000-00-00 00:00:00'),
(232,	3,	'Cereal - granola - fruit and nut',	'High',	'',	'',	'',	'0000-00-00 00:00:00'),
(233,	3,	'Cereal - rice crisps',	'High',	'',	'',	'',	'0000-00-00 00:00:00'),
(234,	3,	'Chana dal',	'High',	'',	'',	'',	'0000-00-00 00:00:00'),
(235,	3,	'Chickpeas',	'High',	'',	'',	'',	'0000-00-00 00:00:00'),
(236,	3,	'Cous cous (rice - corn)',	'High',	'',	'',	'',	'0000-00-00 00:00:00'),
(237,	3,	'Cous cous (wheat)',	'High',	'',	'',	'',	'0000-00-00 00:00:00'),
(238,	3,	'Falafel',	'High',	'',	'',	'',	'0000-00-00 00:00:00'),
(239,	3,	'Fava beans',	'High',	'',	'',	'',	'0000-00-00 00:00:00'),
(240,	3,	'Filo / Phyllo',	'Medium',	'',	'',	'',	'0000-00-00 00:00:00'),
(241,	3,	'Flakes of corn',	'High',	'',	'',	'',	'0000-00-00 00:00:00'),
(242,	3,	'Flakes of corn (gluten free)',	'Low',	'',	'',	'',	'0000-00-00 00:00:00'),
(243,	3,	'Flakes of rice with psyllium - gluten free',	'High',	'',	'',	'',	'0000-00-00 00:00:00'),
(244,	3,	'Flakes of rice - corn - wheat - oats - nuts',	'High',	'',	'',	'',	'0000-00-00 00:00:00'),
(245,	3,	'Flakes - barley',	'High',	'',	'',	'',	'0000-00-00 00:00:00'),
(246,	3,	'Flakes - quinoa',	'Low',	'',	'',	'',	'0000-00-00 00:00:00'),
(247,	3,	'Flakes - rice',	'Low',	'',	'',	'',	'0000-00-00 00:00:00'),
(248,	3,	'Flakes - spelt',	'High',	'',	'',	'',	'0000-00-00 00:00:00'),
(249,	3,	'Flour - amaranth',	'High',	'',	'',	'',	'0000-00-00 00:00:00'),
(250,	3,	'Flour - arrowroot',	'Low',	'',	'',	'',	'0000-00-00 00:00:00'),
(251,	3,	'Flour - barley',	'High',	'',	'',	'',	'0000-00-00 00:00:00'),
(252,	3,	'Flour - buckwheat',	'Low',	'',	'',	'',	'0000-00-00 00:00:00'),
(253,	3,	'Flour - chestnut',	'High',	'',	'',	'',	'0000-00-00 00:00:00'),
(254,	3,	'Flour - coconut',	'High',	'',	'',	'',	'0000-00-00 00:00:00'),
(255,	3,	'Flour - corn / cornstarch',	'Low',	'',	'',	'',	'0000-00-00 00:00:00'),
(256,	3,	'Flour - einkorn',	'High',	'',	'',	'',	'0000-00-00 00:00:00'),
(257,	3,	'Flour - lupin',	'High',	'',	'',	'',	'0000-00-00 00:00:00'),
(258,	3,	'Flour - maize',	'Low',	'',	'',	'',	'0000-00-00 00:00:00'),
(259,	3,	'Flour - millet',	'Low',	'',	'',	'',	'0000-00-00 00:00:00'),
(260,	3,	'Flour - quinoa',	'Low',	'',	'',	'',	'0000-00-00 00:00:00'),
(261,	3,	'Flour - rice',	'Low',	'',	'',	'',	'0000-00-00 00:00:00'),
(262,	3,	'Flour - rye',	'Low',	'',	'',	'',	'0000-00-00 00:00:00'),
(263,	3,	'Flour - sorghum',	'Low',	'',	'',	'',	'0000-00-00 00:00:00'),
(264,	3,	'Flour - spelt - white',	'High',	'',	'',	'',	'0000-00-00 00:00:00'),
(265,	3,	'Flour - wheat',	'High',	'',	'',	'',	'0000-00-00 00:00:00'),
(266,	3,	'Flour - wholewheat',	'High',	'',	'',	'',	'0000-00-00 00:00:00'),
(267,	3,	'Freekeh',	'High',	'',	'',	'',	'0000-00-00 00:00:00'),
(268,	3,	'Garbanzo beans',	'Medium',	'',	'',	'',	'0000-00-00 00:00:00'),
(269,	3,	'Haricot beans',	'High',	'',	'',	'',	'0000-00-00 00:00:00'),
(270,	3,	'Kidney Beans',	'High',	'',	'',	'',	'0000-00-00 00:00:00'),
(271,	3,	'Lentils - canned',	'Low',	'',	'',	'',	'0000-00-00 00:00:00'),
(272,	3,	'Lentils - red or green',	'Medium',	'',	'',	'',	'0000-00-00 00:00:00'),
(273,	3,	'Millet - hulled',	'Low',	'',	'',	'',	'0000-00-00 00:00:00'),
(274,	3,	'Muesli (all types)',	'High',	'',	'',	'',	'0000-00-00 00:00:00'),
(275,	3,	'Mung beans - boiled',	'High',	'',	'',	'',	'0000-00-00 00:00:00'),
(276,	3,	'Mung beans - sprouted',	'Low',	'',	'',	'',	'0000-00-00 00:00:00'),
(277,	3,	'Navy beans',	'High',	'',	'',	'',	'0000-00-00 00:00:00'),
(278,	3,	'Noodles - kelp',	'Low',	'',	'',	'',	'0000-00-00 00:00:00'),
(279,	3,	'Noodles - rice',	'Low',	'',	'',	'',	'0000-00-00 00:00:00'),
(280,	3,	'Noodles - Soba',	'Low',	'',	'',	'',	'0000-00-00 00:00:00'),
(281,	3,	'Noodles - vermicelli',	'Low',	'',	'',	'',	'0000-00-00 00:00:00'),
(282,	3,	'Noodles - wheat',	'High',	'',	'',	'',	'0000-00-00 00:00:00'),
(283,	3,	'Nutritional yeast flakes',	'Low',	'',	'',	'',	'0000-00-00 00:00:00'),
(284,	3,	'Oat groats',	'Low',	'',	'',	'',	'0000-00-00 00:00:00'),
(285,	3,	'Oats - gluten free',	'Low',	'',	'',	'',	'0000-00-00 00:00:00'),
(286,	3,	'Pasta - chickpea',	'Low',	'',	'',	'',	'0000-00-00 00:00:00'),
(287,	3,	'Pasta - gluten free',	'Low',	'',	'',	'',	'0000-00-00 00:00:00'),
(288,	3,	'Pasta - gnocchi wheat',	'High',	'',	'',	'',	'0000-00-00 00:00:00'),
(289,	3,	'Pasta - quinoa',	'Low',	'',	'',	'',	'0000-00-00 00:00:00'),
(290,	3,	'Pasta - spelt',	'High',	'',	'',	'',	'0000-00-00 00:00:00'),
(291,	3,	'Pasta - wheat',	'High',	'',	'',	'',	'0000-00-00 00:00:00'),
(292,	3,	'Pearl barley - grains - sprouted',	'High',	'',	'',	'',	'0000-00-00 00:00:00'),
(293,	3,	'Pinto beans (dry - cooked)',	'High',	'',	'',	'',	'0000-00-00 00:00:00'),
(294,	3,	'Pinto beans (refried)',	'High',	'',	'',	'',	'0000-00-00 00:00:00'),
(295,	3,	'Pinto beans (whole - canned)',	'Low',	'',	'',	'',	'0000-00-00 00:00:00'),
(296,	3,	'Polenta (cornmeal)',	'Low',	'',	'',	'',	'0000-00-00 00:00:00'),
(297,	3,	'Psyllium',	'Low',	'',	'',	'',	'0000-00-00 00:00:00'),
(298,	3,	'Quinoa',	'Low',	'',	'',	'',	'0000-00-00 00:00:00'),
(299,	3,	'Red kidney beans',	'High',	'',	'',	'',	'0000-00-00 00:00:00'),
(300,	3,	'Rice',	'High',	'',	'',	'',	'0000-00-00 00:00:00'),
(301,	3,	'Rice Bran',	'Low',	'',	'',	'',	'0000-00-00 00:00:00'),
(302,	3,	'Rice - puffed',	'Medium',	'',	'',	'',	'0000-00-00 00:00:00'),
(303,	3,	'Rye',	'High',	'',	'',	'',	'0000-00-00 00:00:00'),
(304,	3,	'Sago',	'Low',	'',	'',	'',	'0000-00-00 00:00:00'),
(305,	3,	'Semolina',	'High',	'',	'',	'',	'0000-00-00 00:00:00'),
(306,	3,	'Sorghum',	'Low',	'',	'',	'',	'0000-00-00 00:00:00'),
(307,	3,	'Soy Beans',	'High',	'',	'',	'',	'0000-00-00 00:00:00'),
(308,	3,	'Spelt',	'High',	'',	'',	'',	'0000-00-00 00:00:00'),
(309,	3,	'Split peas',	'High',	'',	'',	'',	'0000-00-00 00:00:00'),
(310,	3,	'Starch - maize',	'Low',	'',	'',	'',	'0000-00-00 00:00:00'),
(311,	3,	'Starch - potato',	'Low',	'',	'',	'',	'0000-00-00 00:00:00'),
(312,	3,	'Starch - tapioca',	'Low',	'',	'',	'',	'0000-00-00 00:00:00'),
(313,	3,	'Tapioca',	'Low',	'',	'',	'',	'0000-00-00 00:00:00'),
(314,	3,	'Tortillas - corn',	'Low',	'',	'',	'',	'0000-00-00 00:00:00'),
(315,	3,	'Tortillas - wheat',	'High',	'',	'',	'',	'0000-00-00 00:00:00'),
(316,	3,	'Wheat',	'High',	'',	'',	'',	'0000-00-00 00:00:00'),
(317,	3,	'Wheat bran',	'High',	'',	'',	'',	'0000-00-00 00:00:00'),
(318,	3,	'Wonton wrapper (uncooked)',	'Low',	'',	'',	'',	'0000-00-00 00:00:00'),
(319,	4,	'Bacon',	'Low',	'',	'',	'',	'0000-00-00 00:00:00'),
(320,	4,	'Beef',	'Low',	'',	'',	'',	'0000-00-00 00:00:00'),
(321,	4,	'Chicken',	'Low',	'',	'',	'',	'0000-00-00 00:00:00'),
(322,	4,	'Chorizo',	'Low',	'',	'',	'',	'0000-00-00 00:00:00'),
(323,	4,	'Cod',	'Low',	'',	'',	'',	'0000-00-00 00:00:00'),
(324,	4,	'Crab',	'Low',	'',	'',	'',	'0000-00-00 00:00:00'),
(325,	4,	'Eggs',	'Low',	'',	'',	'',	'0000-00-00 00:00:00'),
(326,	4,	'Foie gras',	'Low',	'',	'',	'',	'0000-00-00 00:00:00'),
(327,	4,	'Haddock',	'Low',	'',	'',	'',	'0000-00-00 00:00:00'),
(328,	4,	'Kangaroo',	'Low',	'',	'',	'',	'0000-00-00 00:00:00'),
(329,	4,	'Lamb',	'Low',	'',	'',	'',	'0000-00-00 00:00:00'),
(330,	4,	'Lobster',	'Low',	'',	'',	'',	'0000-00-00 00:00:00'),
(331,	4,	'Mussels',	'Low',	'',	'',	'',	'0000-00-00 00:00:00'),
(332,	4,	'Oyster',	'Low',	'',	'',	'',	'0000-00-00 00:00:00'),
(333,	4,	'Pork',	'Low',	'',	'',	'',	'0000-00-00 00:00:00'),
(334,	4,	'Prawn',	'Low',	'',	'',	'',	'0000-00-00 00:00:00'),
(335,	4,	'Salmon',	'Low',	'',	'',	'',	'0000-00-00 00:00:00'),
(336,	4,	'Salmon - canned',	'Low',	'',	'',	'',	'0000-00-00 00:00:00'),
(337,	4,	'Sardines',	'Low',	'',	'',	'',	'0000-00-00 00:00:00'),
(338,	4,	'Saucisson',	'Low',	'',	'',	'',	'0000-00-00 00:00:00'),
(339,	4,	'Sausage',	'Medium',	'',	'',	'',	'0000-00-00 00:00:00'),
(340,	4,	'Scallops',	'Low',	'',	'',	'',	'0000-00-00 00:00:00'),
(341,	4,	'Shrimp',	'Low',	'',	'',	'',	'0000-00-00 00:00:00'),
(342,	4,	'Silken tofu',	'High',	'',	'',	'',	'0000-00-00 00:00:00'),
(343,	4,	'Tempeh',	'Low',	'',	'',	'',	'0000-00-00 00:00:00'),
(344,	4,	'Tofu - firm or plain',	'Low',	'',	'',	'',	'0000-00-00 00:00:00'),
(345,	4,	'Tofu - silken',	'High',	'',	'',	'',	'0000-00-00 00:00:00'),
(346,	4,	'Trout',	'Low',	'',	'',	'',	'0000-00-00 00:00:00'),
(347,	4,	'Tuna',	'Low',	'',	'',	'',	'0000-00-00 00:00:00'),
(348,	4,	'Tuna - canned',	'Low',	'',	'',	'',	'0000-00-00 00:00:00'),
(349,	4,	'Turkey',	'Low',	'',	'',	'',	'0000-00-00 00:00:00'),
(350,	5,	'Almonds',	'High',	'',	'',	'',	'0000-00-00 00:00:00'),
(351,	5,	'Brazil nuts',	'Low',	'',	'',	'',	'0000-00-00 00:00:00'),
(352,	5,	'Cashews',	'High',	'',	'',	'',	'0000-00-00 00:00:00'),
(353,	5,	'Chestnuts',	'Low',	'',	'',	'',	'0000-00-00 00:00:00'),
(354,	5,	'Hazelnuts',	'Medium',	'',	'',	'',	'0000-00-00 00:00:00'),
(355,	5,	'Macadamia Nuts',	'Low',	'',	'',	'',	'0000-00-00 00:00:00'),
(356,	5,	'Mixed nuts',	'Low',	'',	'',	'',	'0000-00-00 00:00:00'),
(357,	5,	'Peanuts',	'Low',	'',	'',	'',	'0000-00-00 00:00:00'),
(358,	5,	'Pecans',	'Low',	'',	'',	'',	'0000-00-00 00:00:00'),
(359,	5,	'Pine Nuts',	'Low',	'',	'',	'',	'0000-00-00 00:00:00'),
(360,	5,	'Pistachios',	'High',	'',	'',	'',	'0000-00-00 00:00:00'),
(361,	5,	'Seeds - caraway',	'Medium',	'',	'',	'',	'0000-00-00 00:00:00'),
(362,	5,	'Seeds - chia',	'Low',	'',	'',	'',	'0000-00-00 00:00:00'),
(363,	5,	'Seeds - flax',	'Low',	'',	'',	'',	'0000-00-00 00:00:00'),
(364,	5,	'Seeds - hemp',	'Low',	'',	'',	'',	'0000-00-00 00:00:00'),
(365,	5,	'Seeds - poppy',	'Low',	'',	'',	'',	'0000-00-00 00:00:00'),
(366,	5,	'Seeds - pumpkin',	'Low',	'',	'',	'',	'0000-00-00 00:00:00'),
(367,	5,	'Seeds - sesame',	'Low',	'',	'',	'',	'0000-00-00 00:00:00'),
(368,	5,	'Seeds - sunflower',	'Low',	'',	'',	'',	'0000-00-00 00:00:00'),
(369,	5,	'Walnuts',	'Low',	'',	'',	'',	'0000-00-00 00:00:00'),
(370,	6,	'Buttermilk',	'High',	'',	'',	'',	'0000-00-00 00:00:00'),
(371,	6,	'Cheese - Brie',	'Low',	'',	'',	'',	'0000-00-00 00:00:00'),
(372,	6,	'Cheese - Camembert',	'Low',	'',	'',	'',	'0000-00-00 00:00:00'),
(373,	6,	'Cheese - Cheddar',	'Low',	'',	'',	'',	'0000-00-00 00:00:00'),
(374,	6,	'Cheese - Colby style',	'Low',	'',	'',	'',	'0000-00-00 00:00:00'),
(375,	6,	'Cheese - Cottage',	'Low',	'',	'',	'',	'0000-00-00 00:00:00'),
(376,	6,	'Cheese - Cream',	'Low',	'',	'',	'',	'0000-00-00 00:00:00'),
(377,	6,	'Cheese - Feta',	'Low',	'',	'',	'',	'0000-00-00 00:00:00'),
(378,	6,	'Cheese - goat',	'Low',	'',	'',	'',	'0000-00-00 00:00:00'),
(379,	6,	'Cheese - Haloumi',	'Low',	'',	'',	'',	'0000-00-00 00:00:00'),
(380,	6,	'Cheese - Havarti',	'Low',	'',	'',	'',	'0000-00-00 00:00:00'),
(381,	6,	'Cheese - Manchego',	'Low',	'',	'',	'',	'0000-00-00 00:00:00'),
(382,	6,	'Cheese - Monterey Jack',	'Low',	'',	'',	'',	'0000-00-00 00:00:00'),
(383,	6,	'Cheese - Mozzarella',	'Low',	'',	'',	'',	'0000-00-00 00:00:00'),
(384,	6,	'Cheese - Parmesan',	'Low',	'',	'',	'',	'0000-00-00 00:00:00'),
(385,	6,	'Cheese - Ricotta',	'Low',	'',	'',	'',	'0000-00-00 00:00:00'),
(386,	6,	'Cheese - Soy',	'Low',	'',	'',	'',	'0000-00-00 00:00:00'),
(387,	6,	'Cheese - Swiss',	'Low',	'',	'',	'',	'0000-00-00 00:00:00'),
(388,	6,	'Cow Milk',	'High',	'',	'',	'',	'0000-00-00 00:00:00'),
(389,	6,	'Cream - pure - regular fat',	'Low',	'',	'',	'',	'0000-00-00 00:00:00'),
(390,	6,	'Cream - sour',	'Low',	'',	'',	'',	'0000-00-00 00:00:00'),
(391,	6,	'Cream - whipped',	'Low',	'',	'',	'',	'0000-00-00 00:00:00'),
(392,	6,	'Custard',	'High',	'',	'',	'',	'0000-00-00 00:00:00'),
(393,	6,	'Gelato',	'Low',	'',	'',	'',	'0000-00-00 00:00:00'),
(394,	6,	'Ice Cream - Vanilla',	'Medium',	'',	'',	'',	'0000-00-00 00:00:00'),
(395,	6,	'Kefir',	'High',	'',	'',	'',	'0000-00-00 00:00:00'),
(396,	6,	'Lactose',	'High',	'',	'',	'',	'0000-00-00 00:00:00'),
(397,	6,	'Margarine',	'High',	'',	'',	'',	'0000-00-00 00:00:00'),
(398,	6,	'Milk - A2',	'High',	'',	'',	'',	'0000-00-00 00:00:00'),
(399,	6,	'Milk - Almond',	'Low',	'',	'',	'',	'0000-00-00 00:00:00'),
(400,	6,	'Milk - coconut - canned',	'Low',	'',	'',	'',	'0000-00-00 00:00:00'),
(401,	6,	'Milk - Evaporated',	'High',	'',	'',	'',	'0000-00-00 00:00:00'),
(402,	6,	'Milk - Full Cream',	'High',	'',	'',	'',	'0000-00-00 00:00:00'),
(403,	6,	'Milk - Goat',	'High',	'',	'',	'',	'0000-00-00 00:00:00'),
(404,	6,	'Milk - Lactose Free',	'Low',	'',	'',	'',	'0000-00-00 00:00:00'),
(405,	6,	'Milk - Macadamia',	'Low',	'',	'',	'',	'0000-00-00 00:00:00'),
(406,	6,	'Milk - Oat',	'High',	'',	'',	'',	'0000-00-00 00:00:00'),
(407,	6,	'Milk - Quinoa',	'Low',	'',	'',	'',	'0000-00-00 00:00:00'),
(408,	6,	'Milk - Rice',	'Low',	'',	'',	'',	'0000-00-00 00:00:00'),
(409,	6,	'Milk - Sheep',	'High',	'',	'',	'',	'0000-00-00 00:00:00'),
(410,	6,	'Milk - Skim',	'High',	'',	'',	'',	'0000-00-00 00:00:00'),
(411,	6,	'Milk - Soy (soy beans)',	'High',	'',	'',	'',	'0000-00-00 00:00:00'),
(412,	6,	'Milk - Soy (soy protein)',	'Low',	'',	'',	'',	'0000-00-00 00:00:00'),
(413,	6,	'Milk - sweetened condensed',	'High',	'',	'',	'',	'0000-00-00 00:00:00'),
(414,	6,	'Quark',	'Low',	'',	'',	'',	'0000-00-00 00:00:00'),
(415,	6,	'Sherbet - with milk',	'High',	'',	'',	'',	'0000-00-00 00:00:00'),
(416,	6,	'Soft Unripe Cheese',	'High',	'',	'',	'',	'0000-00-00 00:00:00'),
(417,	6,	'Sorbet - from fruit',	'Low',	'',	'',	'',	'0000-00-00 00:00:00'),
(418,	6,	'Yogurt - coconut',	'Low',	'',	'',	'',	'0000-00-00 00:00:00'),
(419,	6,	'Yogurt - frozen',	'High',	'',	'',	'',	'0000-00-00 00:00:00'),
(420,	6,	'Yogurt - lactose free',	'Low',	'',	'',	'',	'0000-00-00 00:00:00'),
(421,	6,	'Yogurt - natural - Greek',	'High',	'',	'',	'',	'0000-00-00 00:00:00'),
(422,	6,	'Yogurt - natural - Indian',	'High',	'',	'',	'',	'0000-00-00 00:00:00'),
(423,	6,	'Yogurt - natural - regular',	'High',	'',	'',	'',	'0000-00-00 00:00:00'),
(424,	6,	'Yogurt - strawberry lactose free',	'Low',	'',	'',	'',	'0000-00-00 00:00:00'),
(425,	6,	'Yogurt - vanilla flavored',	'High',	'',	'',	'',	'0000-00-00 00:00:00'),
(426,	8,	'Almond butter',	'Low',	'',	'',	'',	'0000-00-00 00:00:00'),
(427,	8,	'Asafoetida',	'Low',	'',	'',	'',	'0000-00-00 00:00:00'),
(428,	8,	'Balsamic vinegar',	'Low',	'',	'',	'',	'0000-00-00 00:00:00'),
(429,	8,	'Basil',	'Low',	'',	'',	'',	'0000-00-00 00:00:00'),
(430,	8,	'Bay leaves',	'Low',	'',	'',	'',	'0000-00-00 00:00:00'),
(431,	8,	'Butter',	'Low',	'',	'',	'',	'0000-00-00 00:00:00'),
(432,	8,	'Cacao powder',	'Low',	'',	'',	'',	'0000-00-00 00:00:00'),
(433,	8,	'Capers',	'Low',	'',	'',	'',	'0000-00-00 00:00:00'),
(434,	8,	'Cardamom',	'Low',	'',	'',	'',	'0000-00-00 00:00:00'),
(435,	8,	'Chestnut cream',	'Low',	'',	'',	'',	'0000-00-00 00:00:00'),
(436,	8,	'Chilli powder',	'Low',	'',	'',	'',	'0000-00-00 00:00:00'),
(437,	8,	'Chives',	'Low',	'',	'',	'',	'0000-00-00 00:00:00'),
(438,	8,	'Chutney',	'Low',	'',	'',	'',	'0000-00-00 00:00:00'),
(439,	8,	'Cilantro',	'Low',	'',	'',	'',	'0000-00-00 00:00:00'),
(440,	8,	'Cinnamon',	'Low',	'',	'',	'',	'0000-00-00 00:00:00'),
(441,	8,	'Cloves',	'Low',	'',	'',	'',	'0000-00-00 00:00:00'),
(442,	8,	'Cocoa Powder',	'Low',	'',	'',	'',	'0000-00-00 00:00:00'),
(443,	8,	'Coriander',	'Low',	'',	'',	'',	'0000-00-00 00:00:00'),
(444,	8,	'Coriander seeds',	'Low',	'',	'',	'',	'0000-00-00 00:00:00'),
(445,	8,	'Corn relish',	'Low',	'',	'',	'',	'0000-00-00 00:00:00'),
(446,	8,	'Cumin',	'Low',	'',	'',	'',	'0000-00-00 00:00:00'),
(447,	8,	'Curry leaves',	'Low',	'',	'',	'',	'0000-00-00 00:00:00'),
(448,	8,	'Curry powder',	'Low',	'',	'',	'',	'0000-00-00 00:00:00'),
(449,	8,	'Currywurst powder',	'High',	'',	'',	'',	'0000-00-00 00:00:00'),
(450,	8,	'Dill',	'Low',	'',	'',	'',	'0000-00-00 00:00:00'),
(451,	8,	'Eggplant dip',	'Low',	'',	'',	'',	'0000-00-00 00:00:00'),
(452,	8,	'Fennel seeds',	'Low',	'',	'',	'',	'0000-00-00 00:00:00'),
(453,	8,	'Fenugreek leaves',	'Low',	'',	'',	'',	'0000-00-00 00:00:00'),
(454,	8,	'Fish sauce',	'Low',	'',	'',	'',	'0000-00-00 00:00:00'),
(455,	8,	'Five spice',	'Low',	'',	'',	'',	'0000-00-00 00:00:00'),
(456,	8,	'Goraka',	'Low',	'',	'',	'',	'0000-00-00 00:00:00'),
(457,	8,	'Gotukala',	'Low',	'',	'',	'',	'0000-00-00 00:00:00'),
(458,	8,	'Hommus dip',	'High',	'',	'',	'',	'0000-00-00 00:00:00'),
(459,	8,	'Honey',	'High',	'',	'',	'',	'0000-00-00 00:00:00'),
(460,	8,	'Horseradish',	'Low',	'',	'',	'',	'0000-00-00 00:00:00'),
(461,	8,	'Jam - marmalade',	'Low',	'',	'',	'',	'0000-00-00 00:00:00'),
(462,	8,	'Jam - mixed berries',	'High',	'',	'',	'',	'0000-00-00 00:00:00'),
(463,	8,	'Jam - raspberry',	'Low',	'',	'',	'',	'0000-00-00 00:00:00'),
(464,	8,	'Jam - strawberry',	'Low',	'',	'',	'',	'0000-00-00 00:00:00'),
(465,	8,	'Jam - with High Fructose Corn Syrup',	'High',	'',	'',	'',	'0000-00-00 00:00:00'),
(466,	8,	'Kaffir lime leaves',	'Low',	'',	'',	'',	'0000-00-00 00:00:00'),
(467,	8,	'Ketchup',	'High',	'',	'',	'',	'0000-00-00 00:00:00'),
(468,	8,	'Lemongrass',	'Low',	'',	'',	'',	'0000-00-00 00:00:00'),
(469,	8,	'Mayonnaise',	'Low',	'',	'',	'',	'0000-00-00 00:00:00'),
(470,	8,	'Mint',	'Low',	'',	'',	'',	'0000-00-00 00:00:00'),
(471,	8,	'Mint - sauce or jelly',	'Low',	'',	'',	'',	'0000-00-00 00:00:00'),
(472,	8,	'Miso paste',	'Low',	'',	'',	'',	'0000-00-00 00:00:00'),
(473,	8,	'Mustard',	'Low',	'',	'',	'',	'0000-00-00 00:00:00'),
(474,	8,	'Mustard seeds',	'Low',	'',	'',	'',	'0000-00-00 00:00:00'),
(475,	8,	'Mustard - dijon',	'Low',	'',	'',	'',	'0000-00-00 00:00:00'),
(476,	8,	'Nutmeg',	'Low',	'',	'',	'',	'0000-00-00 00:00:00'),
(477,	8,	'Oil - avocado',	'Low',	'',	'',	'',	'0000-00-00 00:00:00'),
(478,	8,	'Oil - canola',	'Low',	'',	'',	'',	'0000-00-00 00:00:00'),
(479,	8,	'Oil - coconut',	'Low',	'',	'',	'',	'0000-00-00 00:00:00'),
(480,	8,	'Oil - olive',	'Low',	'',	'',	'',	'0000-00-00 00:00:00'),
(481,	8,	'Oil - peanut',	'Low',	'',	'',	'',	'0000-00-00 00:00:00'),
(482,	8,	'Oil - sesame',	'Low',	'',	'',	'',	'0000-00-00 00:00:00'),
(483,	8,	'Oil - vegetable',	'Low',	'',	'',	'',	'0000-00-00 00:00:00'),
(484,	8,	'Oregano',	'Low',	'',	'',	'',	'0000-00-00 00:00:00'),
(485,	8,	'Pandan leaves',	'Low',	'',	'',	'',	'0000-00-00 00:00:00'),
(486,	8,	'Paprika',	'Low',	'',	'',	'',	'0000-00-00 00:00:00'),
(487,	8,	'Parsley',	'Low',	'',	'',	'',	'0000-00-00 00:00:00'),
(488,	8,	'Pasta sauce - cream based',	'High',	'',	'',	'',	'0000-00-00 00:00:00'),
(489,	8,	'Pasta sauce - tomato based w garlic - onion',	'High',	'',	'',	'',	'0000-00-00 00:00:00'),
(490,	8,	'Paste - quince',	'Medium',	'',	'',	'',	'0000-00-00 00:00:00'),
(491,	8,	'Paste - shrimp',	'Low',	'',	'',	'',	'0000-00-00 00:00:00'),
(492,	8,	'Paste - tahini',	'High',	'',	'',	'',	'0000-00-00 00:00:00'),
(493,	8,	'Paste - tomato',	'Low',	'',	'',	'',	'0000-00-00 00:00:00'),
(494,	8,	'Paste - wasabi',	'Low',	'',	'',	'',	'0000-00-00 00:00:00'),
(495,	8,	'Peanut butter',	'Low',	'',	'',	'',	'0000-00-00 00:00:00'),
(496,	8,	'Pepper - black',	'Low',	'',	'',	'',	'0000-00-00 00:00:00'),
(497,	8,	'Rampa leaves',	'Low',	'',	'',	'',	'0000-00-00 00:00:00'),
(498,	8,	'Rosemary',	'Low',	'',	'',	'',	'0000-00-00 00:00:00'),
(499,	8,	'Saffron',	'Low',	'',	'',	'',	'0000-00-00 00:00:00'),
(500,	8,	'Sage',	'Low',	'',	'',	'',	'0000-00-00 00:00:00'),
(501,	8,	'Salsa - mild',	'Low',	'',	'',	'',	'0000-00-00 00:00:00'),
(502,	8,	'Sauce - barbeque',	'Low',	'',	'',	'',	'0000-00-00 00:00:00'),
(503,	8,	'Sauce - oyster',	'Low',	'',	'',	'',	'0000-00-00 00:00:00'),
(504,	8,	'Sauce - pesto',	'Medium',	'',	'',	'',	'0000-00-00 00:00:00'),
(505,	8,	'Sauce - soy',	'Low',	'',	'',	'',	'0000-00-00 00:00:00'),
(506,	8,	'Sauce - sweet and sour',	'Low',	'',	'',	'',	'0000-00-00 00:00:00'),
(507,	8,	'Sauce - tomato',	'Low',	'',	'',	'',	'0000-00-00 00:00:00'),
(508,	8,	'Sauce - worcestershire',	'Low',	'',	'',	'',	'0000-00-00 00:00:00'),
(509,	8,	'Sauce - teriyaki',	'Low',	'',	'',	'',	'0000-00-00 00:00:00'),
(510,	8,	'Seeds - dill',	'Low',	'',	'',	'',	'0000-00-00 00:00:00'),
(511,	8,	'Sriracha hot sauce',	'Low',	'',	'',	'',	'0000-00-00 00:00:00'),
(512,	8,	'Star Anise',	'Low',	'',	'',	'',	'0000-00-00 00:00:00'),
(513,	8,	'Sumac / Sumak',	'Low',	'',	'',	'',	'0000-00-00 00:00:00'),
(514,	7,	'Tamarind paste',	'Low',	'',	'',	'',	'0000-00-00 00:00:00'),
(515,	8,	'Tarragon',	'Low',	'',	'',	'',	'0000-00-00 00:00:00'),
(516,	8,	'Thai Basil',	'Low',	'',	'',	'',	'0000-00-00 00:00:00'),
(517,	8,	'Thyme',	'Low',	'',	'',	'',	'0000-00-00 00:00:00'),
(518,	8,	'Turmeric',	'Low',	'',	'',	'',	'0000-00-00 00:00:00'),
(519,	8,	'Tzatziki dip',	'High',	'',	'',	'',	'0000-00-00 00:00:00'),
(520,	8,	'Vanilla bean pods',	'Low',	'',	'',	'',	'0000-00-00 00:00:00'),
(521,	8,	'Vegetable pickles / relish',	'High',	'',	'',	'',	'0000-00-00 00:00:00'),
(522,	8,	'Verijuice',	'Low',	'',	'',	'',	'0000-00-00 00:00:00'),
(523,	8,	'Vinegar - apple cider',	'Low',	'',	'',	'',	'0000-00-00 00:00:00'),
(524,	8,	'Vinegar - balsamic',	'Medium',	'',	'',	'',	'0000-00-00 00:00:00'),
(525,	8,	'Vinegar - malt',	'Low',	'',	'',	'',	'0000-00-00 00:00:00'),
(526,	8,	'Vinegar - red wine',	'Low',	'',	'',	'',	'0000-00-00 00:00:00'),
(527,	8,	'Vinegar - rice wine',	'Low',	'',	'',	'',	'0000-00-00 00:00:00'),
(528,	8,	'Watercress',	'Low',	'',	'',	'',	'0000-00-00 00:00:00'),
(529,	7,	'Agar agar',	'Low',	'',	'',	'',	'0000-00-00 00:00:00'),
(530,	7,	'Agave syrup',	'High',	'',	'',	'',	'0000-00-00 00:00:00'),
(531,	7,	'Aspartame',	'Low',	'',	'',	'',	'0000-00-00 00:00:00'),
(532,	7,	'Bar - cereal - wheat',	'High',	'',	'',	'',	'0000-00-00 00:00:00'),
(533,	7,	'Bar - granola',	'High',	'',	'',	'',	'0000-00-00 00:00:00'),
(534,	7,	'Bar - muesli',	'High',	'',	'',	'',	'0000-00-00 00:00:00'),
(535,	7,	'Biscuit - chocolate chip',	'High',	'',	'',	'',	'0000-00-00 00:00:00'),
(536,	7,	'Biscuit - cream fill',	'Medium',	'',	'',	'',	'0000-00-00 00:00:00'),
(537,	7,	'Biscuit - savory',	'Low',	'',	'',	'',	'0000-00-00 00:00:00'),
(538,	7,	'Biscuit - sweet',	'Low',	'',	'',	'',	'0000-00-00 00:00:00'),
(539,	7,	'Biscuit - whole wheat grain',	'High',	'',	'',	'',	'0000-00-00 00:00:00'),
(540,	7,	'Chips - corn',	'Low',	'',	'',	'',	'0000-00-00 00:00:00'),
(541,	7,	'Chips - potato',	'Low',	'',	'',	'',	'0000-00-00 00:00:00'),
(542,	7,	'Chocolate - dark',	'Low',	'',	'',	'',	'0000-00-00 00:00:00'),
(543,	7,	'Chocolate - milk',	'Medium',	'',	'',	'',	'0000-00-00 00:00:00'),
(544,	8,	'Chocolate - white',	'Medium',	'',	'',	'',	'0000-00-00 00:00:00'),
(545,	7,	'Crackers - rice',	'Low',	'',	'',	'',	'0000-00-00 00:00:00'),
(546,	7,	'Crackers - saltines',	'Low',	'',	'',	'',	'0000-00-00 00:00:00'),
(547,	7,	'Energy bar - fruit and nut',	'High',	'',	'',	'',	'0000-00-00 00:00:00'),
(548,	7,	'Energy bar - peanut butter',	'High',	'',	'',	'',	'0000-00-00 00:00:00'),
(549,	7,	'Fructose',	'High',	'',	'',	'',	'0000-00-00 00:00:00'),
(550,	7,	'Fruisana',	'High',	'',	'',	'',	'0000-00-00 00:00:00'),
(551,	7,	'Fruit bar',	'High',	'',	'',	'',	'0000-00-00 00:00:00'),
(552,	7,	'Glucose',	'Low',	'',	'',	'',	'0000-00-00 00:00:00'),
(553,	7,	'High Fructose Corn Syrup',	'High',	'',	'',	'',	'0000-00-00 00:00:00'),
(554,	7,	'Honey',	'High',	'',	'',	'',	'0000-00-00 00:00:00'),
(555,	7,	'Isomalt',	'High',	'',	'',	'',	'0000-00-00 00:00:00'),
(556,	7,	'Jelly - instant',	'Low',	'',	'',	'',	'0000-00-00 00:00:00'),
(557,	7,	'Maltitol',	'High',	'',	'',	'',	'0000-00-00 00:00:00'),
(558,	7,	'Mannitol',	'High',	'',	'',	'',	'0000-00-00 00:00:00'),
(559,	7,	'Popcorn',	'Low',	'',	'',	'',	'0000-00-00 00:00:00'),
(560,	7,	'Pretzels',	'Low',	'',	'',	'',	'0000-00-00 00:00:00'),
(561,	7,	'Sorbitol',	'High',	'',	'',	'',	'0000-00-00 00:00:00'),
(562,	7,	'Splenda',	'Low',	'',	'',	'',	'0000-00-00 00:00:00'),
(563,	7,	'Stevia',	'Low',	'',	'',	'',	'0000-00-00 00:00:00'),
(564,	7,	'Sucrose',	'Low',	'',	'',	'',	'0000-00-00 00:00:00'),
(565,	7,	'Sugar',	'Low',	'',	'',	'',	'0000-00-00 00:00:00'),
(566,	7,	'Syrup - maple',	'Low',	'',	'',	'',	'0000-00-00 00:00:00'),
(567,	7,	'Syrup - molasses',	'High',	'',	'',	'',	'0000-00-00 00:00:00'),
(568,	7,	'Treacle',	'Low',	'',	'',	'',	'0000-00-00 00:00:00'),
(569,	7,	'Truvia',	'Low',	'',	'',	'',	'0000-00-00 00:00:00'),
(570,	7,	'Vanilla essence',	'Low',	'',	'',	'',	'0000-00-00 00:00:00'),
(571,	7,	'Xylitol',	'High',	'',	'',	'',	'0000-00-00 00:00:00'),
(572,	9,	'Aloe drink',	'High',	'',	'',	'',	'0000-00-00 00:00:00'),
(573,	9,	'Beer',	'Low',	'',	'',	'',	'0000-00-00 00:00:00'),
(574,	9,	'Cider - apple',	'High',	'',	'',	'',	'0000-00-00 00:00:00'),
(575,	9,	'Cider - pear',	'High',	'',	'',	'',	'0000-00-00 00:00:00'),
(576,	9,	'Coconut water',	'High',	'',	'',	'',	'0000-00-00 00:00:00'),
(577,	9,	'Coffee - black',	'Low',	'',	'',	'',	'0000-00-00 00:00:00'),
(578,	9,	'Coffee - instant - black',	'High',	'',	'',	'',	'0000-00-00 00:00:00'),
(579,	9,	'Coffee - instant - decaf black',	'High',	'',	'',	'',	'0000-00-00 00:00:00'),
(580,	9,	'Coffee - instant - decaf with milk',	'High',	'',	'',	'',	'0000-00-00 00:00:00'),
(581,	9,	'Coffee - instant - with milk',	'High',	'',	'',	'',	'0000-00-00 00:00:00'),
(582,	9,	'Coke/ Pepsi/ similar sodas',	'High',	'',	'',	'',	'0000-00-00 00:00:00'),
(583,	9,	'Espresso - black',	'Low',	'',	'',	'',	'0000-00-00 00:00:00'),
(584,	9,	'Espresso - with milk',	'High',	'',	'',	'',	'0000-00-00 00:00:00'),
(585,	9,	'Gin',	'Low',	'',	'',	'',	'0000-00-00 00:00:00'),
(586,	9,	'Juice - apple',	'High',	'',	'',	'',	'0000-00-00 00:00:00'),
(587,	9,	'Juice - cranberry',	'Low',	'',	'',	'',	'0000-00-00 00:00:00'),
(588,	9,	'Juice - orange',	'High',	'',	'',	'',	'0000-00-00 00:00:00'),
(589,	9,	'Juice - tropical fruit',	'High',	'',	'',	'',	'0000-00-00 00:00:00'),
(590,	9,	'Rum',	'High',	'',	'',	'',	'0000-00-00 00:00:00'),
(591,	7,	'Tea - black',	'Low',	'',	'',	'',	'0000-00-00 00:00:00'),
(592,	9,	'Tea - black with milk',	'High',	'',	'',	'',	'0000-00-00 00:00:00'),
(593,	9,	'Tea - chamomile',	'High',	'',	'',	'',	'0000-00-00 00:00:00'),
(594,	9,	'Tea - dandelion',	'High',	'',	'',	'',	'0000-00-00 00:00:00'),
(595,	9,	'Tea - fennel',	'High',	'',	'',	'',	'0000-00-00 00:00:00'),
(596,	9,	'Tea - green',	'Low',	'',	'',	'',	'0000-00-00 00:00:00'),
(597,	9,	'Tea - kombucha',	'High',	'',	'',	'',	'0000-00-00 00:00:00'),
(598,	9,	'Tea - peppermint',	'Low',	'',	'',	'',	'0000-00-00 00:00:00'),
(599,	9,	'Vodka',	'Low',	'',	'',	'',	'0000-00-00 00:00:00'),
(600,	9,	'Whisky',	'Low',	'',	'',	'',	'0000-00-00 00:00:00'),
(601,	9,	'Wine - red',	'Low',	'',	'',	'',	'0000-00-00 00:00:00'),
(602,	9,	'Wine - sparkling',	'Low',	'',	'',	'',	'0000-00-00 00:00:00'),
(603,	9,	'Wine - sticky',	'High',	'',	'',	'',	'0000-00-00 00:00:00'),
(604,	9,	'Wine - sweet',	'Low',	'',	'',	'',	'0000-00-00 00:00:00'),
(605,	9,	'Wine - white',	'Low',	'',	'',	'',	'0000-00-00 00:00:00');

DROP TABLE IF EXISTS `food_category`;
CREATE TABLE `food_category` (
  `foodCategoryId` int(11) NOT NULL AUTO_INCREMENT,
  `food_category_name` varchar(100) DEFAULT '',
  `food_status` int(11) DEFAULT NULL,
  `created_at` timestamp NULL DEFAULT CURRENT_TIMESTAMP,
  PRIMARY KEY (`foodCategoryId`)
) ENGINE=InnoDB DEFAULT CHARSET=latin1;

INSERT INTO `food_category` (`foodCategoryId`, `food_category_name`, `food_status`, `created_at`) VALUES
(1,	'Fruit',	1,	'2020-08-16 08:56:34'),
(2,	'vegetables',	1,	'2020-08-16 08:56:34'),
(3,	'grains and legumes',	1,	'2020-08-16 08:57:46'),
(4,	'meat and protein',	1,	'2020-08-16 08:57:46'),
(5,	'nuts and seeds',	1,	'2020-08-16 09:02:12'),
(6,	'Dairy, soy, lactose-free',	1,	'2020-08-16 09:02:12'),
(7,	'Snacks, sweeteners',	0,	'2020-08-16 09:03:41'),
(8,	'Condiments, oils',	0,	'2020-08-16 09:03:41'),
(9,	'Beverages',	0,	'2020-08-16 09:04:16');

DROP TABLE IF EXISTS `mood`;
CREATE TABLE `mood` (
  `moodId` int(11) NOT NULL AUTO_INCREMENT,
  `mood_time` varchar(100) DEFAULT '',
  `mood` varchar(10) DEFAULT '0',
  `mood_date` varchar(100) DEFAULT '',
  `userId` int(11) DEFAULT NULL,
  `created_at` timestamp NULL DEFAULT CURRENT_TIMESTAMP,
  PRIMARY KEY (`moodId`),
  KEY `userId` (`userId`),
  CONSTRAINT `mood_ibfk_1` FOREIGN KEY (`userId`) REFERENCES `user` (`userId`)
) ENGINE=InnoDB DEFAULT CHARSET=latin1;

INSERT INTO `mood` (`moodId`, `mood_time`, `mood`, `mood_date`, `userId`, `created_at`) VALUES
(9,	'8pm - 12am',	'4',	'2020-07-09',	22,	'2020-08-05 21:24:54'),
(10,	'8am - 12pm',	'3',	'2020-07-09',	22,	'2020-08-05 21:25:23'),
(11,	'4pm - 8pm',	'3',	'2020-08-06',	22,	'2020-08-07 01:45:41'),
(22,	'12am - 4am',	'3',	'2020-08-20',	22,	'2020-08-20 23:34:34'),
(23,	'12pm - 4pm',	'3',	'2020-08-20',	22,	'2020-08-20 23:34:48'),
(24,	'12am - 4am',	'4',	'2020-08-20',	22,	'2020-08-20 23:34:58'),
(29,	'8pm - 12am',	'3',	'2020-08-26',	22,	'2020-08-26 13:16:13'),
(30,	'4pm - 8pm',	'3',	'2020-08-27',	22,	'2020-08-27 15:56:54'),
(39,	'4pm - 8pm',	'2',	'2020-09-06',	22,	'2020-09-07 01:12:51'),
(40,	'4pm - 8pm',	'3',	'2020-09-06',	22,	'2020-09-07 01:12:55'),
(41,	'8am - 12pm',	'2',	'2020-09-06',	22,	'2020-09-07 01:13:06'),
(42,	'4pm - 8pm',	'3',	'2020-09-05',	22,	'2020-09-07 01:45:48'),
(43,	'8pm - 12am',	'4',	'2020-09-05',	22,	'2020-09-07 01:45:52'),
(44,	'4pm - 8pm',	'3',	'2020-09-04',	22,	'2020-09-07 01:46:00'),
(45,	'4pm - 8pm',	'3',	'2020-09-03',	22,	'2020-09-07 01:46:14'),
(46,	'8am - 12pm',	'2',	'2020-09-02',	22,	'2020-09-07 01:46:25'),
(47,	'8pm - 12am',	'3',	'2020-09-01',	22,	'2020-09-07 01:46:32'),
(48,	'8pm - 12am',	'4',	'2020-08-31',	22,	'2020-09-07 01:46:41'),
(49,	'8pm - 12am',	'2',	'2020-08-31',	22,	'2020-09-07 01:46:47'),
(50,	'12pm - 4pm',	'4',	'2020-08-30',	22,	'2020-09-07 01:48:58'),
(51,	'4pm - 8pm',	'2',	'2020-08-29',	22,	'2020-09-07 01:49:04'),
(52,	'12pm - 4pm',	'1',	'2020-08-29',	22,	'2020-09-07 01:49:08'),
(53,	'12pm - 4pm',	'3',	'2020-08-28',	22,	'2020-09-07 01:49:16'),
(54,	'12pm - 4pm',	'1',	'2020-08-27',	22,	'2020-09-07 01:49:26'),
(55,	'8am - 12pm',	'4',	'2020-08-25',	22,	'2020-09-07 01:49:35'),
(56,	'12pm - 4pm',	'1',	'2020-08-24',	22,	'2020-09-07 01:49:43'),
(57,	'12am - 4am',	'1',	'2020-08-23',	22,	'2020-09-07 01:50:05'),
(58,	'12pm - 4pm',	'2',	'2020-08-23',	22,	'2020-09-07 01:50:08'),
(59,	'12pm - 4pm',	'1',	'2020-08-22',	22,	'2020-09-07 01:50:16'),
(60,	'12pm - 4pm',	'2',	'2020-08-21',	22,	'2020-09-07 01:50:23'),
(61,	'12pm - 4pm',	'2',	'2020-08-19',	22,	'2020-09-07 01:50:33'),
(62,	'12pm - 4pm',	'2',	'2020-08-18',	22,	'2020-09-07 01:50:39'),
(63,	'12am - 4am',	'2',	'2020-08-18',	22,	'2020-09-07 01:50:43'),
(64,	'12pm - 4pm',	'4',	'2020-08-17',	22,	'2020-09-07 01:50:48'),
(65,	'12pm - 4pm',	'2',	'2020-08-16',	22,	'2020-09-07 01:50:56'),
(66,	'8am - 12pm',	'4',	'2020-08-15',	22,	'2020-09-07 01:51:01'),
(67,	'12am - 4am',	'2',	'2020-08-15',	22,	'2020-09-07 01:51:04'),
(68,	NULL,	'4',	'2020-11-03',	22,	'2020-09-07 01:51:10'),
(69,	'12am - 4am',	'1',	'2020-08-14',	22,	'2020-09-07 01:51:14'),
(70,	'8am - 12pm',	'3',	'2020-08-13',	22,	'2020-09-07 01:51:19'),
(71,	'4am - 8am',	'1',	'2020-08-12',	22,	'2020-09-07 01:51:27'),
(72,	'12pm - 4pm',	'2',	'2020-08-11',	22,	'2020-09-07 01:51:33'),
(73,	'12pm - 4pm',	'3',	'2020-08-10',	22,	'2020-09-07 01:51:37'),
(74,	'12pm - 4pm',	'3',	'2020-08-09',	22,	'2020-09-07 01:51:44'),
(75,	'8am - 12pm',	'1',	'2020-08-09',	22,	'2020-09-07 01:51:47'),
(76,	'12am - 4am',	'1',	'2020-08-09',	22,	'2020-09-07 01:51:50'),
(77,	'12pm - 4pm',	'1',	'2020-08-08',	22,	'2020-09-07 01:51:55'),
(78,	'12am - 4am',	'2',	'2020-08-07',	22,	'2020-09-07 01:52:00'),
(79,	'12am - 4am',	'1',	'2020-08-07',	22,	'2020-09-07 01:52:05'),
(80,	'12pm - 4pm',	'2',	'2020-08-05',	22,	'2020-09-07 01:52:14'),
(88,	'12pm - 4pm',	'1',	'2020-08-01',	22,	'2020-09-09 21:32:01'),
(89,	'12pm - 4pm',	'1',	'2020-08-01',	22,	'2020-09-09 21:32:07'),
(90,	'12pm - 4pm',	'2',	'2020-08-01',	22,	'2020-09-09 21:32:11'),
(91,	'12am - 4am',	'1',	'2020-08-02',	22,	'2020-09-09 21:33:36'),
(92,	'12pm - 4pm',	'2',	'2020-08-02',	22,	'2020-09-09 21:33:40'),
(93,	'12am - 4am',	'1',	'2020-08-03',	22,	'2020-09-10 03:02:21'),
(94,	'12pm - 4pm',	'3',	'2020-08-03',	22,	'2020-09-10 03:02:25'),
(95,	'12pm - 4pm',	'1',	'2020-08-03',	22,	'2020-09-10 03:02:33'),
(96,	'8pm - 12am',	'4',	'2020-08-04',	22,	'2020-09-10 03:03:28'),
(97,	'8pm - 12am',	'4',	'2020-08-04',	22,	'2020-09-10 03:03:32'),
(98,	'12pm - 4pm',	'3',	'2020-08-04',	22,	'2020-09-10 03:03:38'),
(99,	'12pm - 4pm',	'4',	'2020-08-06',	22,	'2020-09-10 03:04:42'),
(100,	'12pm - 4pm',	'4',	'2020-08-06',	22,	'2020-09-10 03:04:48'),
(101,	'8pm - 12am',	'4',	'2020-08-06',	22,	'2020-09-10 03:05:45'),
(102,	'4pm - 8pm',	'3',	'2020-08-08',	22,	'2020-09-10 03:07:16'),
(103,	'12am - 4am',	'4',	'2020-08-10',	22,	'2020-09-10 03:08:35'),
(104,	'12pm - 4pm',	'4',	'2020-08-11',	22,	'2020-09-10 03:08:56'),
(105,	'4am - 8am',	'4',	'2020-08-17',	22,	'2020-09-10 03:12:14'),
(106,	'8am - 12pm',	'1',	'2020-08-21',	22,	'2020-09-10 03:14:39'),
(107,	'4pm - 8pm',	'2',	'2020-08-11',	22,	'2020-09-10 03:20:17'),
(115,	'4pm - 8pm',	'3',	'2020-09-12',	22,	'2020-09-12 21:01:12'),
(116,	'12pm - 4pm',	'2',	'2020-09-12',	22,	'2020-09-12 21:01:20'),
(117,	'12pm - 4pm',	'3',	'2020-09-11',	22,	'2020-09-12 21:02:07'),
(118,	'12am - 4am',	'2',	'2020-09-11',	22,	'2020-09-12 21:02:11'),
(119,	'4pm - 8pm',	'4',	'2020-09-10',	22,	'2020-09-12 21:02:20'),
(120,	'12pm - 4pm',	'4',	'2020-09-09',	22,	'2020-09-12 21:02:43'),
(121,	'12pm - 4pm',	'4',	'2020-09-08',	22,	'2020-09-12 21:03:10'),
(122,	'8pm - 12am',	'2',	'2020-09-08',	22,	'2020-09-12 21:03:17'),
(123,	'12am - 4am',	'3',	'2020-09-08',	22,	'2020-09-12 21:03:24'),
(124,	'12pm - 4pm',	'4',	'2020-09-07',	22,	'2020-09-12 21:03:38'),
(125,	'4pm - 8pm',	'3',	'2020-07-30',	22,	'2020-09-12 21:06:51'),
(126,	'8pm - 12am',	'4',	'2020-07-30',	22,	'2020-09-12 21:06:54'),
(137,	'4pm - 8pm',	'4',	'2020-09-18',	22,	'2020-09-18 20:20:45'),
(142,	'8pm - 12am',	'5',	'2020-09-25',	22,	'2020-09-25 20:06:41'),
(144,	'4pm - 8pm',	'3',	'2020-09-30',	22,	'2020-10-01 03:56:44'),
(145,	'8am - 12pm',	'4',	'2020-09-30',	22,	'2020-10-01 03:56:50'),
(198,	'4pm - 8pm',	'3',	'2020-11-12',	22,	'2020-11-13 23:10:38'),
(221,	'4am - 8am',	'3',	'2020-08-07',	22,	'2020-12-31 11:00:52'),
(223,	'4am - 8am',	'3',	'2021-01-04',	22,	'2021-01-04 12:18:21'),
(224,	'4pm - 8pm',	'3',	'2021-01-01',	22,	'2021-01-04 16:54:31'),
(225,	'4am - 8am',	'4',	'2021-01-01',	22,	'2021-01-04 16:54:37'),
(226,	'8pm - 12am',	'2',	'2021-01-01',	22,	'2021-01-04 16:54:45'),
(227,	'12am - 4am',	'2',	'2021-01-02',	22,	'2021-01-04 16:54:54'),
(228,	'12am - 4am',	'3',	'2021-01-02',	22,	'2021-01-04 16:55:00'),
(229,	'4am - 8am',	'3',	'2021-01-02',	22,	'2021-01-04 16:55:05'),
(230,	'8pm - 12am',	'5',	'2021-01-02',	22,	'2021-01-04 16:55:09'),
(231,	'12am - 4am',	'1',	'2021-01-03',	22,	'2021-01-04 16:55:52'),
(232,	'4pm - 8pm',	'3',	'2021-01-03',	22,	'2021-01-04 16:55:55'),
(233,	'8am - 12pm',	'3',	'2021-01-03',	22,	'2021-01-04 16:56:01'),
(234,	'8pm - 12am',	'3',	'2021-01-03',	22,	'2021-01-04 16:56:14'),
(235,	'4pm - 8pm',	'3',	'2021-01-04',	22,	'2021-01-04 16:56:45'),
(236,	'4am - 8am',	'4',	'2021-01-04',	22,	'2021-01-04 16:56:52'),
(237,	'8pm - 12am',	'5',	'2021-01-04',	22,	'2021-01-04 17:16:38'),
(240,	'4am - 8am',	'4',	'2021-01-06',	22,	'2021-01-06 10:08:39'),
(241,	'8pm - 12am',	'1',	'2021-01-05',	22,	'2021-01-06 13:50:47'),
(242,	'8am - 12pm',	'4',	'2021-01-05',	22,	'2021-01-06 13:50:51'),
(243,	'4pm - 8pm',	'4',	'2021-01-05',	22,	'2021-01-06 13:51:20'),
(245,	'12pm - 4pm',	'4',	'2021-01-08',	22,	'2021-01-08 11:20:01'),
(246,	'12am - 4am',	'4',	'2021-01-08',	22,	'2021-01-08 11:20:09'),
(247,	'4am - 8am',	'2',	'2021-01-01',	22,	'2021-01-08 11:27:25'),
(248,	'4am - 8am',	'1',	'2021-01-01',	22,	'2021-01-08 11:27:34'),
(249,	'8am - 12pm',	'4',	'2021-01-02',	22,	'2021-01-08 11:30:10'),
(250,	'4pm - 8pm',	'3',	'2021-01-03',	22,	'2021-01-08 11:30:50'),
(251,	'4pm - 8pm',	'3',	'2021-01-06',	22,	'2021-01-08 11:34:47'),
(252,	'4am - 8am',	'2',	'2021-01-06',	22,	'2021-01-08 11:34:50'),
(253,	'12pm - 4pm',	'1',	'2021-01-06',	22,	'2021-01-08 11:34:54'),
(254,	'8pm - 12am',	'5',	'2021-01-06',	22,	'2021-01-08 11:34:57'),
(255,	'8pm - 12am',	'3',	'2021-01-06',	22,	'2021-01-08 11:35:01'),
(256,	'4pm - 8pm',	'3',	'2021-01-07',	22,	'2021-01-08 11:35:39'),
(257,	'4am - 8am',	'3',	'2021-01-07',	22,	'2021-01-08 11:35:43'),
(258,	'8pm - 12am',	'4',	'2021-01-07',	22,	'2021-01-08 11:35:46'),
(259,	'12am - 4am',	'1',	'2021-01-07',	22,	'2021-01-08 11:35:49'),
(260,	'4am - 8am',	'2',	'2021-01-07',	22,	'2021-01-08 11:35:52'),
(261,	'8am - 12pm',	'4',	'2021-01-07',	22,	'2021-01-08 11:35:56'),
(262,	'4pm - 8pm',	'3',	'2021-01-08',	22,	'2021-01-08 11:38:29'),
(263,	'12pm - 4pm',	'1',	'2021-01-08',	22,	'2021-01-08 11:38:33'),
(264,	'4am - 8am',	'2',	'2021-01-08',	22,	'2021-01-08 11:38:37'),
(265,	'12pm - 4pm',	'1',	'2021-01-08',	22,	'2021-01-08 11:38:40'),
(266,	'8pm - 12am',	'4',	'2021-01-11',	22,	'2021-01-11 15:02:59'),
(269,	'8pm - 12am',	'4',	'2021-01-13',	22,	'2021-01-13 18:19:50'),
(270,	'4pm - 8pm',	'3',	'2021-01-13',	22,	'2021-01-13 18:19:53'),
(271,	'4am - 8am',	'1',	'2021-01-13',	22,	'2021-01-13 18:19:56'),
(272,	'8pm - 12am',	'4',	'2021-01-12',	22,	'2021-01-13 18:22:20'),
(273,	'4pm - 8pm',	'2',	'2021-01-12',	22,	'2021-01-13 18:22:23'),
(274,	'12am - 4am',	'2',	'2021-01-12',	22,	'2021-01-13 18:22:26'),
(275,	'4pm - 8pm',	'1',	'2021-01-12',	22,	'2021-01-13 18:22:29'),
(276,	'4pm - 8pm',	'1',	'2021-01-11',	22,	'2021-01-13 18:22:48'),
(277,	'4am - 8am',	'2',	'2021-01-11',	22,	'2021-01-13 18:22:54'),
(278,	'8pm - 12am',	'4',	'2021-01-10',	22,	'2021-01-13 18:25:41'),
(279,	'4pm - 8pm',	'1',	'2021-01-10',	22,	'2021-01-13 18:25:44'),
(280,	'4am - 8am',	'1',	'2021-01-10',	22,	'2021-01-13 18:25:48'),
(281,	'4am - 8am',	'1',	'2021-01-09',	22,	'2021-01-13 18:25:54'),
(282,	'4am - 8am',	'3',	'2021-01-09',	22,	'2021-01-13 18:25:57'),
(283,	'12am - 4am',	'3',	'2021-01-09',	22,	'2021-01-13 18:26:00'),
(284,	'8pm - 12am',	'4',	'2021-01-09',	22,	'2021-01-13 18:26:03'),
(285,	'8am - 12pm',	'4',	'2021-01-09',	22,	'2021-01-13 18:26:08'),
(286,	'12pm - 4pm',	'3',	'2021-01-14',	22,	'2021-01-15 04:02:16'),
(287,	'12pm - 4pm',	'3',	'2021-01-14',	22,	'2021-01-15 04:02:17'),
(288,	'12am - 4am',	'3',	'2021-01-14',	22,	'2021-01-15 04:02:21'),
(289,	'8pm - 12am',	'4',	'2021-01-14',	22,	'2021-01-15 04:02:25'),
(300,	'8pm - 12am',	'1',	'2021-01-15',	22,	'2021-01-22 13:10:35'),
(301,	'12pm - 4pm',	'3',	'2021-01-15',	22,	'2021-01-22 13:10:38'),
(302,	'12am - 4am',	'3',	'2021-01-15',	22,	'2021-01-22 13:12:07'),
(303,	'4am - 8am',	'1',	'2021-01-15',	22,	'2021-01-22 13:12:10'),
(304,	'8pm - 12am',	'2',	'2021-01-15',	22,	'2021-01-22 13:12:29'),
(305,	'12am - 4am',	'3',	'2021-01-16',	22,	'2021-01-22 13:49:00'),
(306,	'8pm - 12am',	'4',	'2021-01-16',	22,	'2021-01-22 13:49:05'),
(307,	'4am - 8am',	'3',	'2021-01-16',	22,	'2021-01-22 13:49:10'),
(308,	'12pm - 4pm',	'4',	'2021-01-17',	22,	'2021-01-22 13:53:38'),
(309,	'4am - 8am',	'4',	'2021-01-17',	22,	'2021-01-22 13:53:42'),
(310,	'8pm - 12am',	'5',	'2021-01-17',	22,	'2021-01-22 13:53:45'),
(311,	'4pm - 8pm',	'2',	'2021-01-17',	22,	'2021-01-22 13:53:48'),
(312,	'12am - 4am',	'3',	'2021-01-17',	22,	'2021-01-22 13:54:01'),
(313,	'12pm - 4pm',	'3',	'2021-01-18',	22,	'2021-01-22 13:55:49'),
(314,	'4am - 8am',	'3',	'2021-01-18',	22,	'2021-01-22 13:55:58'),
(315,	'8pm - 12am',	'4',	'2021-01-18',	22,	'2021-01-22 13:56:02'),
(316,	'12pm - 4pm',	'1',	'2021-01-18',	22,	'2021-01-22 13:56:05'),
(317,	'12am - 4am',	'3',	'2021-01-18',	22,	'2021-01-22 13:56:08'),
(318,	'4pm - 8pm',	'4',	'2021-01-22',	22,	'2021-01-22 14:04:47'),
(319,	'4pm - 8pm',	'4',	'2021-01-22',	22,	'2021-01-22 14:04:47'),
(320,	'4am - 8am',	'3',	'2021-01-22',	22,	'2021-01-22 14:04:50'),
(321,	'12pm - 4pm',	'2',	'2021-01-22',	22,	'2021-01-22 14:04:53'),
(322,	'12pm - 4pm',	'1',	'2021-01-22',	22,	'2021-01-22 14:04:56'),
(323,	'4pm - 8pm',	'1',	'2021-01-20',	22,	'2021-01-22 14:08:35'),
(324,	'4pm - 8pm',	'2',	'2021-01-20',	22,	'2021-01-22 14:08:38'),
(325,	'8am - 12pm',	'4',	'2021-01-20',	22,	'2021-01-22 14:08:42'),
(326,	'4pm - 8pm',	'1',	'2021-01-19',	22,	'2021-01-22 14:11:14'),
(327,	'4am - 8am',	'3',	'2021-01-19',	22,	'2021-01-22 14:11:18'),
(328,	'8pm - 12am',	'4',	'2021-01-19',	22,	'2021-01-22 14:11:22'),
(329,	'8pm - 12am',	'4',	'2021-01-19',	22,	'2021-01-22 14:11:23'),
(330,	'12pm - 4pm',	'4',	'2021-01-27',	22,	'2021-01-27 14:34:38'),
(331,	'8am - 12pm',	'4',	'2021-01-27',	22,	'2021-01-27 14:34:48'),
(332,	'12am - 4am',	'1',	'2021-01-27',	22,	'2021-01-27 14:34:52'),
(333,	'4am - 8am',	'2',	'2021-01-27',	22,	'2021-01-27 14:34:56'),
(337,	'8pm - 12am',	'4',	'2021-01-21',	22,	'2021-01-29 12:34:07'),
(338,	'4am - 8am',	'2',	'2021-01-21',	22,	'2021-01-29 12:34:12'),
(339,	'12pm - 4pm',	'1',	'2021-01-21',	22,	'2021-01-29 12:34:19'),
(340,	'12pm - 4pm',	'4',	'2021-01-23',	22,	'2021-01-29 12:35:36'),
(341,	'12am - 4am',	'5',	'2021-01-23',	22,	'2021-01-29 12:35:40'),
(342,	'8pm - 12am',	'3',	'2021-01-23',	22,	'2021-01-29 12:35:46'),
(343,	'4pm - 8pm',	'3',	'2021-01-29',	22,	'2021-01-29 12:38:24'),
(344,	'12am - 4am',	'2',	'2021-01-29',	22,	'2021-01-29 12:38:27'),
(345,	'8am - 12pm',	'4',	'2021-01-29',	22,	'2021-01-29 12:38:31'),
(346,	'12pm - 4pm',	'3',	'2021-01-28',	22,	'2021-01-29 12:46:23'),
(347,	'4am - 8am',	'3',	'2021-01-28',	22,	'2021-01-29 12:46:26'),
(348,	'12am - 4am',	'4',	'2021-01-28',	22,	'2021-01-29 12:46:29'),
(349,	'4pm - 8pm',	'3',	'2021-01-26',	22,	'2021-01-29 12:48:16'),
(350,	'12am - 4am',	'2',	'2021-01-26',	22,	'2021-01-29 12:48:20'),
(351,	'8am - 12pm',	'4',	'2021-01-26',	22,	'2021-01-29 12:48:23'),
(352,	'4pm - 8pm',	'3',	'2021-01-25',	22,	'2021-01-29 12:50:39'),
(353,	'8pm - 12am',	'4',	'2021-01-25',	22,	'2021-01-29 12:50:43'),
(354,	'12am - 4am',	'1',	'2021-01-25',	22,	'2021-01-29 12:50:47'),
(355,	'4pm - 8pm',	'3',	'2021-01-24',	22,	'2021-01-29 12:52:08'),
(356,	'8am - 12pm',	'4',	'2021-01-24',	22,	'2021-01-29 12:52:12'),
(359,	'12am - 4am',	'3',	'2021-02-02',	22,	'2021-02-02 13:13:10'),
(361,	'4am - 8am',	'5',	'2021-02-03',	22,	'2021-02-03 09:27:54'),
(367,	'4pm - 8pm',	'2',	'2021-02-05',	22,	'2021-02-05 10:00:05'),
(376,	'12am - 4am',	'1',	'2021-02-10',	34,	'2021-02-10 07:35:42'),
(377,	'12pm - 4pm',	'5',	'2021-02-10',	35,	'2021-02-10 08:35:50'),
(378,	'12am - 4am',	'2',	'2021-02-10',	35,	'2021-02-10 08:36:55'),
(379,	'4pm - 8pm',	'3',	'2021-02-10',	35,	'2021-02-10 08:36:58'),
(380,	'4pm - 8pm',	'3',	'2021-02-01',	22,	'2021-02-10 11:49:29'),
(381,	'4pm - 8pm',	'3',	'2021-02-10',	22,	'2021-02-10 11:54:57'),
(382,	'8pm - 12am',	'5',	'2021-02-10',	22,	'2021-02-10 13:52:50'),
(383,	'12am - 4am',	'1',	'2021-02-12',	44,	'2021-02-12 11:18:47'),
(384,	'12am - 4am',	'1',	'2021-02-12',	34,	'2021-02-12 11:25:36'),
(385,	'12am - 4am',	'1',	'2021-02-12',	34,	'2021-02-12 11:57:02'),
(386,	'12am - 4am',	'1',	'2021-02-12',	34,	'2021-02-12 11:57:27'),
(387,	'4:00 - 8:00',	'4',	'2021-02-16',	45,	'2021-02-16 06:36:04'),
(388,	'4:00 - 8:00PM',	'3',	'2021-02-16',	45,	'2021-02-16 07:00:37'),
(389,	'12:00 - 4:00 null',	'4',	'2021-02-16',	45,	'2021-02-16 07:05:23'),
(390,	'12:00 - 4:00 AM',	'3',	'2021-02-16',	45,	'2021-02-16 07:05:59'),
(391,	'4pm - 8pm',	'3',	'2021-02-16',	45,	'2021-02-16 08:02:37'),
(392,	'12am - 4am',	'1',	'2021-02-16',	45,	'2021-02-16 08:02:54'),
(393,	'12pm - 4pm',	'2',	'2021-02-16',	45,	'2021-02-16 08:03:01'),
(394,	'4am - 8am',	'3',	'2021-02-16',	45,	'2021-02-16 08:03:11'),
(395,	'4pm - 8pm',	'4',	'2021-02-16',	45,	'2021-02-16 08:03:19'),
(396,	'8am - 12pm',	'5',	'2021-02-16',	45,	'2021-02-16 08:03:32'),
(397,	'4am - 8am',	'5',	'2021-02-16',	45,	'2021-02-16 08:03:39'),
(398,	'8am - 12pm',	'5',	'2021-02-16',	22,	'2021-02-16 08:15:32'),
(399,	'12am - 4am',	'1',	'2021-02-16',	34,	'2021-02-16 12:46:49'),
(400,	'12am - 4am',	'1',	'2021-02-16',	48,	'2021-02-16 13:05:39'),
(401,	'8pm - 12am',	'2',	'2021-02-16',	22,	'2021-02-16 13:34:19'),
(402,	'8am - 12pm',	'2',	'2021-02-01',	22,	'2021-02-16 16:15:22'),
(403,	'8am - 12pm',	'3',	'2021-02-01',	22,	'2021-02-16 16:15:30'),
(404,	'12am - 4am',	'4',	'2021-02-01',	22,	'2021-02-16 16:21:28'),
(405,	'8pm - 12am',	'5',	'2021-02-01',	22,	'2021-02-16 16:22:32'),
(406,	'4pm - 8pm',	'2',	'2021-02-01',	22,	'2021-02-16 16:22:51'),
(407,	'12am - 4am',	'3',	'2021-02-15',	22,	'2021-02-16 16:32:31'),
(408,	'12am - 4am',	'1',	'2021-02-15',	22,	'2021-02-16 16:32:40'),
(409,	'8pm - 12am',	'4',	'2021-02-15',	22,	'2021-02-16 16:32:47'),
(410,	'4am - 8am',	'2',	'2021-02-15',	22,	'2021-02-16 16:33:04'),
(411,	'8pm - 12am',	'4',	'2021-02-14',	22,	'2021-02-16 16:37:58'),
(412,	'8pm - 12am',	'3',	'2021-02-14',	22,	'2021-02-16 16:38:11'),
(413,	'8am - 12pm',	'4',	'2021-02-14',	22,	'2021-02-16 16:38:15'),
(414,	'4pm - 8pm',	'1',	'2021-02-14',	22,	'2021-02-16 16:38:23'),
(415,	'8am - 12pm',	'3',	'2021-02-13',	22,	'2021-02-16 16:38:38'),
(416,	'4am - 8am',	'4',	'2021-02-13',	22,	'2021-02-16 16:38:42'),
(417,	'12am - 4am',	'2',	'2021-02-13',	22,	'2021-02-16 16:38:45'),
(418,	'8pm - 12am',	'3',	'2021-02-02',	22,	'2021-02-17 02:06:44'),
(419,	'12pm - 4pm',	'2',	'2021-02-03',	22,	'2021-02-17 02:07:19'),
(420,	'8pm - 12am',	'2',	'2021-02-04',	22,	'2021-02-17 02:08:39'),
(421,	'12am - 4am',	'1',	'2021-02-04',	22,	'2021-02-17 02:08:42'),
(422,	'4pm - 8pm',	'1',	'2021-02-04',	22,	'2021-02-17 02:08:47'),
(423,	'8am - 12pm',	'1',	'2021-02-05',	22,	'2021-02-17 02:16:44'),
(424,	'8am - 12pm',	'3',	'2021-02-06',	22,	'2021-02-17 02:17:27'),
(425,	'12pm - 4pm',	'4',	'2021-02-06',	22,	'2021-02-17 02:17:32'),
(426,	'12am - 4am',	'1',	'2021-02-06',	22,	'2021-02-17 02:17:37'),
(427,	'8am - 12pm',	'3',	'2021-02-12',	22,	'2021-02-17 02:31:44'),
(428,	'12am - 4am',	'1',	'2021-02-12',	22,	'2021-02-17 02:31:48'),
(429,	'4pm - 8pm',	'1',	'2021-02-12',	22,	'2021-02-17 02:31:52'),
(430,	'12pm - 4pm',	'2',	'2021-02-11',	22,	'2021-02-17 02:34:38'),
(431,	'4am - 8am',	'4',	'2021-02-11',	22,	'2021-02-17 02:34:42'),
(432,	'8pm - 12am',	'1',	'2021-02-09',	22,	'2021-02-17 02:35:27'),
(433,	'12am - 4am',	'2',	'2021-02-09',	22,	'2021-02-17 02:35:32'),
(434,	'4pm - 8pm',	'3',	'2021-02-08',	22,	'2021-02-17 02:36:10'),
(435,	'12pm - 4pm',	'2',	'2021-02-08',	22,	'2021-02-17 02:36:14'),
(436,	'8am - 12pm',	'1',	'2021-02-08',	22,	'2021-02-17 02:36:18'),
(437,	'8pm - 12am',	'2',	'2021-02-07',	22,	'2021-02-17 02:36:54'),
(438,	'12am - 4am',	'1',	'2021-02-07',	22,	'2021-02-17 02:36:58'),
(439,	'4pm - 8pm',	'3',	'2021-02-07',	22,	'2021-02-17 02:37:02'),
(440,	'8am - 12pm',	'3',	'2021-02-17',	45,	'2021-02-17 05:26:38'),
(441,	'8pm - 12am',	'2',	'2021-02-17',	45,	'2021-02-17 06:11:42'),
(442,	'12am - 4am',	'3',	'2021-02-17',	45,	'2021-02-17 06:49:34'),
(443,	'12am - 4am',	'3',	'2021-02-17',	45,	'2021-02-17 07:36:10'),
(444,	'4pm - 8pm',	'3',	'2021-02-17',	45,	'2021-02-17 07:37:58'),
(445,	'8pm - 12am',	'3',	'2021-02-17',	33,	'2021-02-17 08:18:18'),
(446,	'4pm - 8pm',	'4',	'2021-02-17',	45,	'2021-02-17 09:14:30'),
(447,	'8pm - 12am',	'5',	'2021-02-17',	45,	'2021-02-17 13:00:34'),
(448,	'8pm - 12am',	'3',	'2021-02-17',	22,	'2021-02-17 14:44:51'),
(449,	'4am - 8am',	'3',	'2021-02-17',	22,	'2021-02-17 14:44:56'),
(450,	'12am - 4am',	'1',	'2021-02-17',	22,	'2021-02-17 14:45:00'),
(451,	'12pm - 4pm',	'2',	'2021-02-17',	22,	'2021-02-17 14:45:05'),
(452,	'4pm - 8pm',	'4',	'2021-02-17',	22,	'2021-02-17 21:51:59'),
(453,	'4pm - 8pm',	'4',	'2021-02-03',	22,	'2021-02-17 21:52:11'),
(454,	'4pm - 8pm',	'5',	'2021-02-03',	22,	'2021-02-17 21:52:42'),
(455,	'4pm - 8pm',	'5',	'2021-02-03',	22,	'2021-02-17 21:53:14'),
(456,	'12am - 4am',	'1',	'2021-02-18',	22,	'2021-02-18 06:20:31'),
(457,	'12am - 4am',	'1',	'2021-02-18',	34,	'2021-02-18 09:34:13'),
(458,	'12am - 4am',	'2',	'2021-02-19',	45,	'2021-02-19 06:04:30'),
(459,	'8pm - 12am',	'5',	'2021-02-19',	45,	'2021-02-19 06:06:36'),
(460,	'4am - 8am',	'3',	'2021-02-19',	34,	'2021-02-19 12:21:28'),
(461,	'4am - 8am',	'3',	'2021-02-19',	33,	'2021-02-19 12:27:31'),
(462,	'4am - 8am',	'1',	'2021-02-19',	22,	'2021-02-19 12:30:38'),
(463,	'12am - 4am',	'3',	'2021-02-18',	22,	'2021-02-19 13:37:13'),
(464,	'4pm - 8pm',	'4',	'2021-02-18',	22,	'2021-02-19 13:37:21'),
(465,	'12am - 4am',	'4',	'2021-02-19',	22,	'2021-02-19 13:38:28'),
(466,	'8pm - 12am',	'5',	'2021-02-19',	22,	'2021-02-19 13:38:32'),
(467,	'4am - 8am',	'3',	'2021-02-02',	22,	'2021-02-19 13:38:48'),
(468,	'12pm - 4pm',	'4',	'2021-02-04',	22,	'2021-02-19 13:40:39'),
(469,	'4am - 8am',	'3',	'2021-03-01',	33,	'2021-03-01 12:44:30'),
(470,	'8am - 12pm',	'4',	'2021-03-01',	33,	'2021-03-01 12:44:35'),
(471,	'12am - 4am',	'3',	'2021-03-01',	33,	'2021-03-01 12:44:53'),
(472,	'4am - 8am',	'1',	'2021-02-28',	22,	'2021-03-01 14:04:52'),
(473,	'12pm - 4pm',	'2',	'2021-02-28',	22,	'2021-03-01 14:04:59'),
(474,	'8am - 12pm',	'4',	'2021-02-28',	22,	'2021-03-01 14:05:08'),
(475,	'12am - 4am',	'5',	'2021-02-27',	22,	'2021-03-01 16:37:51'),
(476,	'4pm - 8pm',	'3',	'2021-02-27',	22,	'2021-03-01 16:37:55'),
(477,	'8pm - 12am',	'2',	'2021-02-27',	22,	'2021-03-01 16:38:03');

DROP TABLE IF EXISTS `notification`;
CREATE TABLE `notification` (
  `notificationId` int(11) NOT NULL AUTO_INCREMENT,
  `userId` int(11) DEFAULT NULL,
  `notification_message` varchar(200) DEFAULT '',
  `friendId` int(11) DEFAULT NULL,
  `read_status` int(11) DEFAULT '0',
  `type` int(11) DEFAULT '0',
  `questionId` int(11) DEFAULT NULL,
  `created_at` timestamp NULL DEFAULT CURRENT_TIMESTAMP,
  PRIMARY KEY (`notificationId`),
  KEY `userId` (`userId`),
  KEY `friendId` (`friendId`),
  CONSTRAINT `notification_ibfk_1` FOREIGN KEY (`userId`) REFERENCES `user` (`userId`),
  CONSTRAINT `notification_ibfk_2` FOREIGN KEY (`friendId`) REFERENCES `user` (`userId`)
) ENGINE=InnoDB DEFAULT CHARSET=latin1;

INSERT INTO `notification` (`notificationId`, `userId`, `notification_message`, `friendId`, `read_status`, `type`, `questionId`, `created_at`) VALUES
(1,	22,	' bookmarked your post.',	33,	1,	3,	257,	'2021-02-10 07:35:35'),
(2,	22,	' liked your post.',	43,	1,	1,	257,	'2021-02-11 13:34:01'),
(3,	22,	' bookmarked your post.',	43,	1,	3,	257,	'2021-02-11 13:34:04'),
(4,	44,	' bookmarked your post.',	34,	1,	3,	266,	'2021-02-12 11:23:37'),
(5,	22,	' bookmarked your post.',	34,	1,	3,	254,	'2021-02-12 11:40:01'),
(6,	34,	' liked your post.',	48,	1,	1,	272,	'2021-02-16 13:02:56'),
(7,	34,	' liked your post.',	22,	1,	1,	273,	'2021-02-17 06:09:10'),
(8,	34,	' bookmarked your post.',	44,	1,	3,	272,	'2021-02-17 10:58:43'),
(9,	34,	' liked your post.',	44,	1,	1,	272,	'2021-02-17 11:01:09'),
(10,	34,	' liked your comment.',	44,	1,	2,	272,	'2021-02-17 11:02:43'),
(11,	44,	' liked your post.',	22,	0,	1,	277,	'2021-02-17 21:59:37'),
(12,	44,	' bookmarked your post.',	22,	0,	3,	277,	'2021-02-17 21:59:40'),
(13,	45,	' bookmarked your post.',	22,	1,	3,	276,	'2021-02-17 22:05:34'),
(14,	45,	' liked your post.',	22,	1,	1,	275,	'2021-02-17 22:05:43'),
(15,	45,	' replied to your post.',	22,	1,	5,	NULL,	'2021-02-17 22:06:00'),
(16,	45,	' liked your post.',	22,	1,	1,	279,	'2021-03-01 13:55:39'),
(17,	45,	' replied to your post.',	22,	1,	5,	NULL,	'2021-03-01 13:56:01'),
(18,	34,	' bookmarked your post.',	45,	0,	3,	281,	'2021-03-02 10:22:58'),
(19,	22,	' bookmarked your post.',	45,	0,	3,	280,	'2021-03-02 10:22:58'),
(20,	34,	' bookmarked your post.',	45,	0,	3,	273,	'2021-03-02 10:23:09'),
(21,	34,	' bookmarked your post.',	45,	0,	3,	271,	'2021-03-02 10:23:22'),
(23,	34,	' bookmarked your post.',	45,	0,	3,	272,	'2021-03-02 10:23:24'),
(24,	34,	' bookmarked your post.',	45,	0,	3,	269,	'2021-03-02 10:23:27'),
(25,	22,	' bookmarked your post.',	45,	0,	3,	257,	'2021-03-02 10:23:29'),
(26,	22,	' replied to your post.',	34,	0,	5,	NULL,	'2021-03-02 11:52:51'),
(27,	34,	' replied to your post.',	33,	0,	5,	NULL,	'2021-03-04 06:42:16'),
(28,	22,	' replied to your post.',	33,	0,	5,	NULL,	'2021-03-04 07:01:57');

SET NAMES utf8mb4;

DROP TABLE IF EXISTS `questions`;
CREATE TABLE `questions` (
  `questionId` int(11) NOT NULL AUTO_INCREMENT,
  `question` longtext CHARACTER SET utf8mb4 COLLATE utf8mb4_bin,
  `question_time` varchar(100) COLLATE utf8mb4_unicode_ci DEFAULT '',
  `image` varchar(100) COLLATE utf8mb4_unicode_ci DEFAULT '',
  `userId` int(11) DEFAULT NULL,
  `created_at` timestamp NOT NULL DEFAULT CURRENT_TIMESTAMP,
  `updated_at` datetime DEFAULT CURRENT_TIMESTAMP ON UPDATE CURRENT_TIMESTAMP,
  PRIMARY KEY (`questionId`),
  KEY `userId` (`userId`),
  CONSTRAINT `questions_ibfk_1` FOREIGN KEY (`userId`) REFERENCES `user` (`userId`)
) ENGINE=InnoDB DEFAULT CHARSET=utf8mb4 COLLATE=utf8mb4_unicode_ci;

INSERT INTO `questions` (`questionId`, `question`, `question_time`, `image`, `userId`, `created_at`, `updated_at`) VALUES
(254,	'Welcome to the Candor community!\n\n           -    ,      .\n\nOur team looks for the most relevant content in the best scientific articles and latest evidence-based research that contain relevant medical information, and distill the core findings to provide maximum benefit to our community and members.\n\nWe also hope to facilitate a healthy conversation amongst our members on key topics, and to allow members to learn and grow by sharing experiences and insights to be able to live normal, healthy lives.\n\nFollow us on http://www.facebook.com/getcandorapp',	'0000000',	'1611759779318_SAVED-20210127_1002_51317.jpg',	22,	'2021-01-27 15:02:59',	'2021-01-27 15:02:59'),
(257,	'     \n\n1.    ,         -           . Its important to consult your physician for a correct diagnosis before attempting any diets. Gut symptoms including diarrhea, bloating and abdominal pain can occur for many reasons, and may indicate that you have a medical condition other than IBS. This is because chronic conditions such as celiac disease and IBS can also present with similar symptoms.\n\n2.         . The low FODMAP diet is not a cure for IBS. Instead, it is used produce symptom improvement and studies have shown that long-term symptom benefits/control is maintained for people following a personalized FODMAP diet.\n\n3.            . Theres no one approach for everyone - it depends on you and your needs. A health care professional and dietician can help determine how strictly you need to follow the diet, or whether a more simplified approach is best.\n\n4.      . No - many gluten-containing grains (e.g. barley, rye, wheat) are present in a reduced quantity on a low FODMAP diet. Gluten-free products tend to have a lower fiber content and this may compromise your fiber intake on the diet.\n\n5.      -. No, the low FODMAP diet is not a dairy-free diet. Lactose is the major FODMAP present in some dairy products. Reducing lactose intake can be achieved by adding lactose-free alternatives or calcium-fortified, low FODMAP suitable plant milks into the diet. A range of mature or ripened cheese (cheddar, Swiss, fetta, brie) also contain very little lactose content.\n\n6.       . Protein-rich sources such as meat, fish, eggs and poultry are low in FODMAP. Vegetarian diets can include tempeh, firm tofu, chickpeas, lentils and higher protein grains such as buckwheat and quinoa\n\n7.       - . A low FODMAP diet is typically followed for about 2-6 weeks to ensure sufficient symptom relief, followed by a reintroduction period and personalization. The reintroduction phase can be started earlier if your symptoms have resolved before 6 weeks.\n\n8.       (   )      . This depends. The fructans in onion and garlic are water soluble, and the FODMAPs will filter out into the surrounding liquid. Instead, if you them in a fat source like olive oil, and remove before adding the rest of the ingredients, the FODMAPs wont leak out into the pan.\n\nAre you interested in finding out more about your gut health? Follow us at: http://www.facebook.com/getcandorapp\n',	'0000000',	'1611925485958_SAVED-20210129_0803_18273.png',	22,	'2021-01-29 13:04:46',	'2021-02-01 00:59:19'),
(269,	'Defecation is the final act of digestion, by which organisms eliminate solid, semisolid, or liquid waste material from the digestive tract via the anus. Humans expel feces with a frequency varying from a few times daily to a few times weekly.\n\nDefecation is the final act of digestion, by which organisms eliminate solid, semisolid, or liquid waste material from the digestive tract via the anus. Humans expel feces with a frequency varying from a few times daily to a few times weekly.\n\n\nDefecation is the final act of digestion, by which organisms eliminate solid, semisolid, or liquid waste material from the digestive tract via the anus. Humans expel feces with a frequency varying from a few times daily to a few times weekly.',	'0000000',	'1613478387085_SAVED-20210216_1756_23321.jpg',	34,	'2021-02-16 12:26:28',	'2021-02-16 12:26:28'),
(271,	'Defecation is the final act of digestion, by which organisms eliminate solid, semisolid, or liquid waste material from the digestive tract via the anus. Humans expel feces with a frequency varying from a few times daily to a few times weekly.\nCheck',	'0000000',	'1613478541211_SAVED-20210216_1758_49215.jpg',	34,	'2021-02-16 12:29:02',	'2021-02-16 12:30:55'),
(272,	'Check',	'0000000',	'',	34,	'2021-02-16 12:32:00',	'2021-02-16 12:32:00'),
(273,	'Oh god',	'0000000',	'',	34,	'2021-02-16 12:33:18',	'2021-02-16 12:33:18'),
(274,	'Ysh she has not been done',	'0000000',	'',	45,	'2021-02-17 05:38:40',	'2021-02-17 05:38:40'),
(275,	'Test',	'0000000',	'',	45,	'2021-02-17 05:39:55',	'2021-02-17 05:39:55'),
(276,	'Test',	'0000000',	'1613540550221_SAVED-20210217_1112_20487.jpg',	45,	'2021-02-17 05:42:31',	'2021-02-17 05:42:31'),
(277,	'Yes',	'0000000',	'',	44,	'2021-02-17 10:58:32',	'2021-02-17 10:58:32'),
(278,	'The bikers rode down the long and narrow path to reach the city park. When they reached a good spot to rest, they began to look for signs of spring. The sun was bright, and a lot of bright red and blue blooms proved to all that warm spring days were the very best. Spring rides were planned. They had a burger at the lake and then rode farther up the mountain. As one rider started to get off his bike, he slipped and fell. One of the other bikers saw him fall but could do nothing to help him. Neither the boy nor the bike got hurt. After a brief stop, everyone was ready to go on. All the bikers enjoyed the nice view when they came to the top. All the roads far below them looked like ribbons. A dozen or so boats could be seen on the lake. It was very quiet and peaceful and no one wished to leave. As they set out on their return, they all enjoyed the ease of pedaling. The bikers came upon a new bike trail. This route led to scenery far grander than that seen from the normal path. The end of the day brought laughs and cheers from everyone. The fact that each person was very, very tired did not keep anyone from eagerly planning for the exciting ride to come.',	'0000000',	'',	45,	'2021-02-19 11:05:23',	'2021-02-19 11:05:23'),
(279,	'The bikers rode down the long and narrow path to reach the city park. When they reached a good spot to rest, they began to look for signs of spring. The sun was bright, and a lot of bright red and blue blooms proved to all that warm spring days were the very best. Spring rides were planned. They had a burger at the lake and then rode farther up the mountain. As one rider started to get off his bike, he slipped and fell. One of the other bikers saw him fall but could do nothing to help him. Neither the boy nor the bike got hurt. After a brief stop, everyone was ready to go on. All the bikers enjoyed the nice view when they came to the top. All the roads far below them looked like ribbons. A dozen or so boats could be seen on the lake. It was very quiet and peaceful and no one wished to leave.\n\n As they set out on their return, they all enjoyed the ease of pedaling. The bikers came upon a new bike trail. This route led to scenery far grander than that seen from the normal path. \n\nThe end of the day brought laughs and cheers from everyone. The fact that each person was very, very tired did not keep anyone from eagerly planning for the exciting ride to come.',	'0000000',	'',	45,	'2021-02-19 12:47:05',	'2021-02-19 12:47:05'),
(280,	'Ygffc',	'0000000',	'',	22,	'2021-02-19 13:20:14',	'2021-02-19 13:20:14'),
(281,	'Hi nilo',	'0000000',	'',	34,	'2021-03-02 07:18:37',	'2021-03-02 12:48:37'),
(282,	'Hi',	'0000000',	'',	34,	'2021-03-02 13:50:51',	'2021-03-02 19:20:51'),
(283,	'What is Lorem Ipsum?\n\nLorem Ipsumis simply dummy text of the printing and typesetting industry. Lorem Ipsum has been the industry\'s standard dummy text ever since the 1500s, when an unknown printer took a galley of type and scrambled it to make a type specimen book. It has survived not only five centuries, but also the leap into electronic typesetting, remaining essentially unchanged. It was popularised in the 1960s with the release of Letraset sheets containing Lorem Ipsum passages, and more recently with desktop publishing software like Aldus PageMaker including versions of Lorem Ipsum.\n\nWhy do we use it?\n\nIt is a long established fact that a reader will be distracted by the readable content of a page when looking at its layout. The point of using Lorem Ipsum is that it has a more-or-less normal distribution of letters, as opposed to using \'Content here, content here\', making it look like readable English. Many desktop publishing packages and web page editors now use Lorem Ipsum as their default model text, and a search for \'lorem ipsum\' will uncover many web sites still in their infancy. Various versions have evolved over the years, sometimes by accident, sometimes on purpose (injected humour and the like).\n\nWhere does it come from?\n\nContrary to popular belief, Lorem Ipsum is not simply random text. It has roots in a piece of classical Latin literature from 45 BC, making it over 2000 years old. Richard McClintock, a Latin professor at Hampden-Sydney College in Virginia, looked up one of the more obscure Latin words, consectetur, from a Lorem Ipsum passage, and going through the cites of the word in classical literature, discovered the undoubtable source. Lorem Ipsum comes from sections 1.10.32 and 1.10.33 of \"de Finibus Bonorum et Malorum\" (The Extremes of Good and Evil) by Cicero, written in 45 BC. This book is a treatise on the theory of ethics, very popular during the Renaissance. The first line of Lorem Ipsum, \"Lorem ipsum dolor sit amet..\", comes from a line in section 1.10.32.',	'0000000',	'1614841155914_SAVED-20210304_1229_11761.webp',	22,	'2021-03-04 06:59:16',	'2021-03-04 12:29:16');

DROP TABLE IF EXISTS `reply`;
CREATE TABLE `reply` (
  `replyId` int(11) NOT NULL AUTO_INCREMENT,
  `comment` longtext CHARACTER SET utf8mb4 COLLATE utf8mb4_bin,
  `comment_time` varchar(100) DEFAULT '',
  `questionId` int(11) DEFAULT NULL,
  `userId` int(11) DEFAULT NULL,
  `created_at` timestamp NULL DEFAULT CURRENT_TIMESTAMP,
  PRIMARY KEY (`replyId`),
  KEY `questionId` (`questionId`),
  KEY `userId` (`userId`),
  CONSTRAINT `reply_ibfk_5` FOREIGN KEY (`userId`) REFERENCES `user` (`userId`),
  CONSTRAINT `reply_ibfk_8` FOREIGN KEY (`questionId`) REFERENCES `questions` (`questionId`)
) ENGINE=InnoDB DEFAULT CHARSET=latin1;

INSERT INTO `reply` (`replyId`, `comment`, `comment_time`, `questionId`, `userId`, `created_at`) VALUES
(6,	'Wooow',	'1613478749416',	272,	34,	'2021-02-16 12:32:30'),
(7,	'Defecation is the final act of digestion, by which organisms eliminate solid, semisolid, or liquid waste material from the digestive tract via the anus. Humans expel feces with a frequency varying from a few times daily to a few times weekly.',	'1613478754965',	272,	34,	'2021-02-16 12:32:36'),
(8,	'Testing replies',	'1613599559368',	275,	22,	'2021-02-17 22:06:00'),
(9,	'Testing replies in demo',	'1614606960744',	279,	22,	'2021-03-01 13:56:01'),
(10,	'Hi',	'1614685969952',	280,	34,	'2021-03-02 11:52:51'),
(11,	'Hi',	'1614693087111',	282,	34,	'2021-03-02 13:51:28'),
(12,	'What is Lorem Ipsum?\n\nLorem Ipsumis simply dummy text of the printing and typesetting industry. Lorem Ipsum has been the industry\'s standard dummy text ever since the 1500s, when an unknown printer took a galley of type and scrambled it to make a type specimen book. It has survived not only five centuries, but also the leap into electronic typesetting, remaining essentially unchanged. It was popularised in the 1960s with the release of Letraset sheets containing Lorem Ipsum passages, and more recently with desktop publishing software like Aldus PageMaker including versions of Lorem Ipsum.\n\nWh',	'1614839674269',	282,	34,	'2021-03-04 06:34:35'),
(13,	'What is Lorem Ipsum?\n\nLorem Ipsumis simply dummy text of the printing and typesetting industry. Lorem Ipsum has been the industry\'s standard dummy text ever since the 1500s, when an unknown printer took a galley of type and scrambled it to make a type specimen book. It has survived not only five centuries, but also the leap into electronic typesetting, remaining essentially unchanged. It was popularised in the 1960s with the release of Letraset sheets containing Lorem Ipsum passages, and more recently with desktop publishing software like Aldus PageMaker including versions of Lorem Ipsum.\n\nWh',	'1614839705871',	282,	34,	'2021-03-04 06:35:07'),
(14,	'What is Lorem Ipsum?\n\nLorem Ipsumis simply dummy text of the printing and typesetting industry. Lorem Ipsum has been the industry\'s standard dummy text ever since the 1500s, when an unknown printer took a galley of type and scrambled it to make a type specimen book. It has survived not only five centuries, but also the leap into electronic typesetting, remaining essentially unchanged. It was popularised in the 1960s with the release of Letraset sheets containing Lorem Ipsum passages, and more recently with desktop publishing software like Aldus PageMaker including versions of Lorem Ipsum.\n\nWh',	'1614840069754',	282,	34,	'2021-03-04 06:41:11'),
(15,	'What is Lorem Ipsum?\n\nLorem Ipsumis simply dummy text of the printing and typesetting industry. Lorem Ipsum has been the industry\'s standard dummy text ever since the 1500s, when an unknown printer took a galley of type and scrambled it to make a type specimen book. It has survived not only five centuries, but also the leap into electronic typesetting, remaining essentially unchanged. It was popularised in the 1960s with the release of Letraset sheets containing Lorem Ipsum passages, and more recently with desktop publishing software like Aldus PageMaker including versions of Lorem Ipsum.\n\nWh',	'1614840135669',	269,	33,	'2021-03-04 06:42:16'),
(16,	'What is Lorem Ipsum?\n\nLorem Ipsumis simply dummy text of the printing and typesetting industry. Lorem Ipsum has been the industry\'s standard dummy text ever since the 1500s, when an unknown printer took a galley of type and scrambled it to make a type specimen book. It has survived not only five centuries, but also the leap into electronic typesetting, remaining essentially unchanged. It was popularised in the 1960s with the release of Letraset sheets containing Lorem Ipsum passages, and more recently with desktop publishing software like Aldus PageMaker including versions of Lorem Ipsum.\n\nWhy do we use it?\n\nIt is a long established fact that a reader will be distracted by the readable content of a page when looking at its layout. The point of using Lorem Ipsum is that it has a more-or-less normal distribution of letters, as opposed to using \'Content here, content here\', making it look like readable English. Many desktop publishing packages and web page editors now use Lorem Ipsum as their default model text, and a search for \'lorem ipsum\' will uncover many web sites still in their infancy. Various versions have evolved over the years, sometimes by accident, sometimes on purpose (injected humour and the like).\n\nWhere does it come from?\n\nContrary to popular belief, Lorem Ipsum is not simply random text. It has roots in a piece of classical Latin literature from 45 BC, making it over 2000 years old. Richard McClintock, a Latin professor at Hampden-Sydney College in Virginia, looked up one of the more obscure Latin words, consectetur, from a Lorem Ipsum passage, and going through the cites of the word in classical literature, discovered the undoubtable source. Lorem Ipsum comes from sections 1.10.32 and 1.10.33 of \"de Finibus Bonorum et Malorum\" (The Extremes of Good and Evil) by Cicero, written in 45 BC. This book is a treatise on the theory of ethics, very popular during the Renaissance. The first line of Lorem Ipsum, \"Lorem ipsum dolor sit amet..\", comes from a line in section 1.10.32.',	'1614841316805',	283,	33,	'2021-03-04 07:01:57');

DROP TABLE IF EXISTS `reportquestion`;
CREATE TABLE `reportquestion` (
  `reportQuestionId` int(11) NOT NULL AUTO_INCREMENT,
  `questionId` int(11) DEFAULT NULL,
  `reportReason` varchar(500) DEFAULT '',
  `userId` int(11) DEFAULT NULL,
  `created_at` timestamp NULL DEFAULT CURRENT_TIMESTAMP,
  PRIMARY KEY (`reportQuestionId`),
  KEY `questionId` (`questionId`),
  KEY `userId` (`userId`),
  CONSTRAINT `reportquestion_ibfk_3` FOREIGN KEY (`questionId`) REFERENCES `questions` (`questionId`),
  CONSTRAINT `reportquestion_ibfk_4` FOREIGN KEY (`userId`) REFERENCES `user` (`userId`)
) ENGINE=InnoDB DEFAULT CHARSET=latin1;

INSERT INTO `reportquestion` (`reportQuestionId`, `questionId`, `reportReason`, `userId`, `created_at`) VALUES
(3,	273,	'',	48,	'2021-02-16 13:02:46');

DROP TABLE IF EXISTS `reportreply`;
CREATE TABLE `reportreply` (
  `reportCommentId` int(11) NOT NULL AUTO_INCREMENT,
  `replyId` int(11) DEFAULT NULL,
  `questionId` int(11) DEFAULT NULL,
  `userId` int(11) DEFAULT NULL,
  `reportReason` varchar(100) DEFAULT '',
  `created_at` timestamp NULL DEFAULT CURRENT_TIMESTAMP,
  PRIMARY KEY (`reportCommentId`),
  KEY `replyId` (`replyId`),
  KEY `questionId` (`questionId`),
  KEY `userId` (`userId`),
  CONSTRAINT `reportreply_ibfk_4` FOREIGN KEY (`replyId`) REFERENCES `reply` (`replyId`),
  CONSTRAINT `reportreply_ibfk_5` FOREIGN KEY (`userId`) REFERENCES `user` (`userId`),
  CONSTRAINT `reportreply_ibfk_6` FOREIGN KEY (`questionId`) REFERENCES `questions` (`questionId`)
) ENGINE=InnoDB DEFAULT CHARSET=latin1;


DROP TABLE IF EXISTS `sharequestion`;
CREATE TABLE `sharequestion` (
  `shareQuestionId` int(11) NOT NULL AUTO_INCREMENT,
  `questionId` int(11) DEFAULT NULL,
  `userId` int(11) DEFAULT NULL,
  `status` int(11) DEFAULT '0',
  `created_at` timestamp NULL DEFAULT CURRENT_TIMESTAMP,
  PRIMARY KEY (`shareQuestionId`),
  KEY `questionId` (`questionId`),
  KEY `userId` (`userId`),
  CONSTRAINT `sharequestion_ibfk_3` FOREIGN KEY (`questionId`) REFERENCES `questions` (`questionId`),
  CONSTRAINT `sharequestion_ibfk_4` FOREIGN KEY (`userId`) REFERENCES `user` (`userId`)
) ENGINE=InnoDB DEFAULT CHARSET=latin1;

INSERT INTO `sharequestion` (`shareQuestionId`, `questionId`, `userId`, `status`, `created_at`) VALUES
(2,	257,	22,	1,	'2021-02-01 08:28:14'),
(3,	257,	22,	2,	'2021-02-01 08:45:41'),
(4,	257,	22,	2,	'2021-02-01 08:46:11'),
(5,	257,	22,	2,	'2021-02-01 08:49:04'),
(6,	257,	22,	2,	'2021-02-01 08:51:45'),
(7,	257,	22,	2,	'2021-02-01 08:52:32');

DROP TABLE IF EXISTS `symptom`;
CREATE TABLE `symptom` (
  `symptomId` int(11) NOT NULL AUTO_INCREMENT,
  `symptom_time` varchar(100) DEFAULT '',
  `symptom_severity` int(11) DEFAULT '0',
  `symptom_date` varchar(100) DEFAULT '',
  `symptom_log` varchar(250) DEFAULT '',
  `symptom_count` int(11) DEFAULT '0',
  `userId` int(11) DEFAULT NULL,
  `created_at` timestamp NULL DEFAULT CURRENT_TIMESTAMP,
  `symptom_totalscore` decimal(10,2) DEFAULT NULL,
  `symptom_startDate` datetime DEFAULT NULL,
  `symptom_endDate` datetime DEFAULT NULL,
  PRIMARY KEY (`symptomId`),
  KEY `userId` (`userId`),
  CONSTRAINT `symptom_ibfk_1` FOREIGN KEY (`userId`) REFERENCES `user` (`userId`)
) ENGINE=InnoDB DEFAULT CHARSET=latin1;

INSERT INTO `symptom` (`symptomId`, `symptom_time`, `symptom_severity`, `symptom_date`, `symptom_log`, `symptom_count`, `userId`, `created_at`, `symptom_totalscore`, `symptom_startDate`, `symptom_endDate`) VALUES
(11,	'4pm - 8pm',	2,	'2020-09-06',	'17, 19',	2,	22,	'2020-09-07 01:11:10',	2.80,	'2020-09-06 16:00:00',	'2020-09-06 20:00:00'),
(12,	'4pm - 8pm',	4,	'2020-09-06',	'2, 5',	2,	22,	'2020-09-07 01:11:18',	3.60,	'2020-09-06 16:00:00',	'2020-09-06 20:00:00'),
(15,	'8pm - 12am',	4,	'2020-09-08',	'2',	1,	22,	'2020-09-09 20:13:37',	1.80,	'2020-09-08 20:00:00',	'2020-09-08 00:00:00'),
(16,	'12pm - 4pm',	3,	'2020-09-01',	'2',	1,	22,	'2020-09-09 20:33:07',	1.60,	'2020-09-01 12:00:00',	'2020-09-01 16:00:00'),
(17,	'12pm - 4pm',	1,	'2020-08-01',	'3',	1,	22,	'2020-09-09 21:33:08',	1.20,	'2020-08-01 12:00:00',	'2020-08-01 16:00:00'),
(18,	'12pm - 4pm',	4,	'2020-08-02',	'2, 1, 3, 6, 20, 18, 22, 24, 23, 21',	10,	22,	'2020-09-09 21:33:58',	18.00,	'2020-08-02 12:00:00',	'2020-08-02 16:00:00'),
(19,	'12pm - 4pm',	1,	'2020-08-02',	'2, 1, 3',	3,	22,	'2020-09-09 21:34:19',	3.60,	'2020-08-02 12:00:00',	'2020-08-02 16:00:00'),
(20,	'8pm - 12am',	5,	'2020-08-03',	'3, 1, 6, 4',	4,	22,	'2020-09-10 03:02:59',	8.00,	'2020-08-03 20:00:00',	'2020-08-03 00:00:00'),
(21,	'8pm - 12am',	1,	'2020-08-03',	'3, 1, 6',	3,	22,	'2020-09-10 03:03:04',	3.60,	'2020-08-03 20:00:00',	'2020-08-03 00:00:00'),
(22,	'8pm - 12am',	1,	'2020-08-04',	'3, 1',	2,	22,	'2020-09-10 03:03:13',	2.40,	'2020-08-04 20:00:00',	'2020-08-04 00:00:00'),
(23,	'12pm - 4pm',	4,	'2020-08-05',	'2, 5, 6',	3,	22,	'2020-09-10 03:04:08',	5.40,	'2020-08-05 12:00:00',	'2020-08-05 16:00:00'),
(24,	'4am - 8am',	4,	'2020-08-05',	'2, 19, 16, 17',	4,	22,	'2020-09-10 03:04:14',	7.20,	'2020-08-05 04:00:00',	'2020-08-05 08:00:00'),
(25,	'12pm - 4pm',	5,	'2020-08-05',	'22, 24',	2,	22,	'2020-09-10 03:04:20',	4.00,	'2020-08-05 12:00:00',	'2020-08-05 16:00:00'),
(26,	'12pm - 4pm',	2,	'2020-08-06',	'20, 24, 16, 17',	4,	22,	'2020-09-10 03:04:30',	5.60,	'2020-08-06 12:00:00',	'2020-08-06 16:00:00'),
(27,	'4am - 8am',	5,	'2020-08-07',	'3, 2',	2,	22,	'2020-09-10 03:06:46',	4.00,	'2020-08-07 04:00:00',	'2020-08-07 08:00:00'),
(28,	'12pm - 4pm',	4,	'2020-08-07',	'2, 17',	2,	22,	'2020-09-10 03:06:52',	3.60,	'2020-08-07 12:00:00',	'2020-08-07 16:00:00'),
(29,	'12pm - 4pm',	1,	'2020-08-08',	'3, 1',	2,	22,	'2020-09-10 03:07:08',	2.40,	'2020-08-08 12:00:00',	'2020-08-08 16:00:00'),
(30,	'12pm - 4pm',	4,	'2020-08-09',	'2, 6, 12, 14',	4,	22,	'2020-09-10 03:07:30',	7.20,	'2020-08-09 12:00:00',	'2020-08-09 16:00:00'),
(31,	'8pm - 12am',	1,	'2020-08-10',	'6, 3',	2,	22,	'2020-09-10 03:08:31',	2.40,	'2020-08-10 20:00:00',	'2020-08-10 00:00:00'),
(32,	'8pm - 12am',	1,	'2020-08-11',	'6, 3',	2,	22,	'2020-09-10 03:09:02',	2.40,	'2020-08-11 20:00:00',	'2020-08-11 00:00:00'),
(33,	'12pm - 4pm',	4,	'2020-08-11',	'2, 1, 5',	3,	22,	'2020-09-10 03:09:13',	5.40,	'2020-08-11 12:00:00',	'2020-08-11 16:00:00'),
(34,	'12pm - 4pm',	5,	'2020-08-12',	'2, 3, 6',	3,	22,	'2020-09-10 03:09:28',	6.00,	'2020-08-12 12:00:00',	'2020-08-12 16:00:00'),
(35,	'12pm - 4pm',	1,	'2020-08-13',	'2',	2,	22,	'2020-09-10 03:09:41',	2.40,	'2020-08-13 12:00:00',	'2020-08-13 16:00:00'),
(36,	'12pm - 4pm',	5,	'2020-08-14',	'14, 16, 17, 18, 19, 20, 24',	7,	22,	'2020-09-10 03:09:54',	14.00,	'2020-08-14 12:00:00',	'2020-08-14 16:00:00'),
(37,	'8pm - 12am',	5,	'2020-08-15',	'2',	1,	22,	'2020-09-10 03:10:29',	2.00,	'2020-08-15 20:00:00',	'2020-08-15 00:00:00'),
(38,	'8pm - 12am',	1,	'2020-08-15',	'3, 6',	2,	22,	'2020-09-10 03:10:34',	2.40,	'2020-08-15 20:00:00',	'2020-08-15 00:00:00'),
(39,	'8pm - 12am',	1,	'2020-08-16',	'6',	1,	22,	'2020-09-10 03:10:46',	1.20,	'2020-08-16 20:00:00',	'2020-08-16 00:00:00'),
(40,	'8pm - 12am',	2,	'2020-08-17',	'2, 8',	2,	22,	'2020-09-10 03:12:09',	2.80,	'2020-08-17 20:00:00',	'2020-08-17 00:00:00'),
(41,	'4am - 8am',	4,	'2020-08-18',	'2, 6, 3, 5, 8, 7, 4, 1, 9, 10, 11, 14, 13',	13,	22,	'2020-09-10 03:12:36',	23.40,	'2020-08-18 04:00:00',	'2020-08-18 08:00:00'),
(42,	'8am - 12pm',	4,	'2020-08-19',	'2, 3',	2,	22,	'2020-09-10 03:13:36',	3.60,	'2020-08-19 08:00:00',	'2020-08-19 12:00:00'),
(43,	'8am - 12pm',	4,	'2020-08-19',	'2, 5',	2,	22,	'2020-09-10 03:13:40',	3.60,	'2020-08-19 08:00:00',	'2020-08-19 12:00:00'),
(44,	'8am - 12pm',	4,	'2020-08-20',	'2, 5',	2,	22,	'2020-09-10 03:14:21',	3.60,	'2020-08-20 08:00:00',	'2020-08-20 12:00:00'),
(45,	'8am - 12pm',	4,	'2020-08-21',	'2, 5',	2,	22,	'2020-09-10 03:14:30',	3.60,	'2020-08-21 08:00:00',	'2020-08-21 12:00:00'),
(46,	'8am - 12pm',	4,	'2020-08-22',	'2, 5, 6',	3,	22,	'2020-09-10 03:14:52',	5.40,	'2020-08-22 08:00:00',	'2020-08-22 12:00:00'),
(47,	'8am - 12pm',	4,	'2020-08-22',	'2',	1,	22,	'2020-09-10 03:14:56',	1.80,	'2020-08-22 08:00:00',	'2020-08-22 12:00:00'),
(48,	'8am - 12pm',	4,	'2020-08-23',	'2',	1,	22,	'2020-09-10 03:15:05',	1.80,	'2020-08-23 08:00:00',	'2020-08-23 12:00:00'),
(49,	'4am - 8am',	4,	'2020-08-23',	'6',	1,	22,	'2020-09-10 03:15:18',	1.80,	'2020-08-23 04:00:00',	'2020-08-23 08:00:00'),
(50,	'4am - 8am',	5,	'2020-08-24',	'3, 6, 17, 15',	4,	22,	'2020-09-10 03:15:27',	8.00,	'2020-08-24 04:00:00',	'2020-08-24 08:00:00'),
(51,	'12pm - 4pm',	4,	'2020-08-25',	'2',	1,	22,	'2020-09-10 03:15:37',	1.80,	'2020-08-25 12:00:00',	'2020-08-25 16:00:00'),
(52,	'8pm - 12am',	4,	'2020-08-26',	'6',	1,	22,	'2020-09-10 03:15:56',	1.80,	'2020-08-26 20:00:00',	'2020-08-26 00:00:00'),
(53,	'4pm - 8pm',	4,	'2020-08-27',	'6, 2',	2,	22,	'2020-09-10 03:16:11',	3.60,	'2020-08-27 16:00:00',	'2020-08-27 20:00:00'),
(54,	'4am - 8am',	4,	'2020-08-28',	'2, 5',	2,	22,	'2020-09-10 03:16:27',	3.60,	'2020-08-28 04:00:00',	'2020-08-28 08:00:00'),
(55,	'4pm - 8pm',	5,	'2020-08-29',	'6, 2',	2,	22,	'2020-09-10 03:16:39',	4.00,	'2020-08-29 16:00:00',	'2020-08-29 20:00:00'),
(56,	'4pm - 8pm',	4,	'2020-08-30',	'6, 2',	2,	22,	'2020-09-10 03:16:52',	3.60,	'2020-08-30 16:00:00',	'2020-08-30 20:00:00'),
(57,	'8am - 12pm',	4,	'2020-08-30',	'19, 9, 11, 12',	4,	22,	'2020-09-10 03:17:00',	7.20,	'2020-08-30 08:00:00',	'2020-08-30 12:00:00'),
(58,	'12pm - 4pm',	4,	'2020-08-31',	'2',	1,	22,	'2020-09-10 03:17:17',	1.80,	'2020-08-31 12:00:00',	'2020-08-31 16:00:00'),
(67,	'12pm - 4pm',	2,	'2020-09-12',	'2',	1,	22,	'2020-09-12 21:01:51',	1.40,	'2020-09-12 12:00:00',	'2020-09-12 16:00:00'),
(68,	'12pm - 4pm',	2,	'2020-09-10',	'6',	1,	22,	'2020-09-12 21:02:35',	1.40,	'2020-09-10 12:00:00',	'2020-09-10 16:00:00'),
(69,	'12pm - 4pm',	4,	'2020-09-09',	'2',	1,	22,	'2020-09-12 21:02:57',	1.80,	'2020-09-09 12:00:00',	'2020-09-09 16:00:00'),
(70,	'8pm - 12am',	2,	'2020-09-07',	'6, 2',	2,	22,	'2020-09-12 21:03:53',	2.80,	'2020-09-07 20:00:00',	'2020-09-07 00:00:00'),
(71,	'8pm - 12am',	1,	'2020-09-04',	'2',	1,	22,	'2020-09-12 21:04:14',	1.20,	'2020-09-04 20:00:00',	'2020-09-04 00:00:00'),
(72,	'12pm - 4pm',	1,	'2020-09-03',	'3, 5',	2,	22,	'2020-09-12 21:04:56',	2.40,	'2020-09-03 12:00:00',	'2020-09-03 16:00:00'),
(73,	'8pm - 12am',	2,	'2020-09-02',	'6',	1,	22,	'2020-09-12 21:05:11',	1.40,	'2020-09-02 20:00:00',	'2020-09-02 00:00:00'),
(74,	'8pm - 12am',	4,	'2020-07-30',	'2',	1,	22,	'2020-09-12 21:07:14',	1.80,	'2020-07-30 20:00:00',	'2020-07-30 00:00:00'),
(80,	'4pm - 8pm',	4,	'2020-09-16',	'2',	1,	22,	'2020-09-16 18:18:31',	1.80,	'2020-09-16 16:00:00',	'2020-09-16 20:00:00'),
(81,	'4pm - 8pm',	3,	'2020-09-16',	'6, 2',	2,	22,	'2020-09-16 18:18:52',	3.20,	'2020-09-16 16:00:00',	'2020-09-16 20:00:00'),
(84,	'4pm - 8pm',	4,	'2020-09-18',	'5,2,4',	3,	22,	'2020-09-18 20:20:22',	5.40,	'2020-09-18 16:00:00',	'2020-09-18 20:00:00'),
(87,	'12pm - 4pm',	4,	'2020-09-25',	'2',	1,	22,	'2020-09-25 20:06:53',	1.80,	'2020-09-25 12:00:00',	'2020-09-25 16:00:00'),
(97,	'8pm - 12am',	3,	'2020-11-12',	'2, 15, 14',	3,	22,	'2020-11-13 22:10:11',	4.80,	'2020-11-12 20:00:00',	'2020-11-12 00:00:00'),
(125,	'4pm - 8pm',	3,	'2021-01-04',	'2, 23, 6, 8, 5',	5,	22,	'2021-01-04 12:18:45',	8.00,	'2021-01-04 16:00:00',	'2021-01-04 20:00:00'),
(126,	'12am - 4am',	2,	'2021-01-04',	'1',	1,	22,	'2021-01-04 17:01:44',	1.40,	'2021-01-04 00:00:00',	'2021-01-04 04:00:00'),
(127,	'8pm - 12am',	3,	'2021-01-01',	'1, 3, 7',	3,	22,	'2021-01-04 17:06:47',	4.80,	'2021-01-01 20:00:00',	'2021-01-01 00:00:00'),
(128,	'8pm - 12am',	3,	'2021-01-02',	'3, 1, 5',	3,	22,	'2021-01-04 17:07:02',	4.80,	'2021-01-02 20:00:00',	'2021-01-02 00:00:00'),
(129,	'8pm - 12am',	4,	'2021-01-03',	'1, 6, 4, 5, 2, 8',	6,	22,	'2021-01-04 17:07:23',	10.80,	'2021-01-03 20:00:00',	'2021-01-03 00:00:00'),
(130,	'4pm - 8pm',	1,	'2021-01-03',	'1, 3, 4, 6, 7',	5,	22,	'2021-01-04 17:07:30',	6.00,	'2021-01-03 16:00:00',	'2021-01-03 20:00:00'),
(131,	'4pm - 8pm',	3,	'2021-01-03',	'3, 1, 6, 4, 8',	5,	22,	'2021-01-04 17:07:36',	8.00,	'2021-01-03 16:00:00',	'2021-01-03 20:00:00'),
(132,	'12pm - 4pm',	5,	'2021-01-02',	'3, 1, 6, 4, 5, 2, 15, 12, 14, 9, 11, 7, 16, 17',	14,	22,	'2021-01-04 17:28:52',	28.00,	'2021-01-02 12:00:00',	'2021-01-02 16:00:00'),
(133,	'8am - 12pm',	5,	'2021-01-02',	'1, 3, 4, 5, 2, 9, 14, 11, 15, 7, 10, 8, 12, 17, 16, 19, 18, 20, 22, 21, 24, 23, 6',	23,	22,	'2021-01-04 17:29:10',	46.00,	'2021-01-02 08:00:00',	'2021-01-02 12:00:00'),
(134,	'4am - 8am',	4,	'2021-01-02',	'2, 6',	2,	22,	'2021-01-04 17:38:18',	3.60,	'2021-01-02 04:00:00',	'2021-01-02 08:00:00'),
(140,	'12pm - 4pm',	5,	'2021-01-06',	'9, 11, 10, 1, 2, 3, 5, 6, 7, 8, 4, 12, 14, 13, 16, 15, 18, 17, 21, 19, 23, 22, 24, 20',	24,	22,	'2021-01-06 10:09:24',	48.00,	'2021-01-06 12:00:00',	'2021-01-06 16:00:00'),
(143,	'12pm - 4pm',	2,	'2021-01-01',	'1, 4',	2,	22,	'2021-01-08 11:28:22',	2.80,	'2021-01-01 12:00:00',	'2021-01-01 16:00:00'),
(144,	'4am - 8am',	2,	'2021-01-01',	'3, 6, 8',	3,	22,	'2021-01-08 11:29:04',	4.20,	'2021-01-01 04:00:00',	'2021-01-01 08:00:00'),
(145,	'12am - 4am',	2,	'2021-01-01',	'2, 5, 8, 22',	4,	22,	'2021-01-08 11:29:11',	5.60,	'2021-01-01 00:00:00',	'2021-01-01 04:00:00'),
(146,	'4am - 8am',	3,	'2021-01-04',	'2, 5, 7, 19',	4,	22,	'2021-01-08 11:31:42',	6.40,	'2021-01-04 04:00:00',	'2021-01-04 08:00:00'),
(147,	'8pm - 12am',	5,	'2021-01-04',	'2, 5, 8',	3,	22,	'2021-01-08 11:31:48',	6.00,	'2021-01-04 20:00:00',	'2021-01-04 00:00:00'),
(148,	'4pm - 8pm',	4,	'2021-01-05',	'3, 6, 8, 17, 16',	5,	22,	'2021-01-08 11:32:23',	9.00,	'2021-01-05 16:00:00',	'2021-01-05 20:00:00'),
(149,	'4am - 8am',	3,	'2021-01-05',	'3, 2',	2,	22,	'2021-01-08 11:32:31',	3.20,	'2021-01-05 04:00:00',	'2021-01-05 08:00:00'),
(150,	'8pm - 12am',	5,	'2021-01-05',	'3, 6, 19, 22, 24',	5,	22,	'2021-01-08 11:32:38',	10.00,	'2021-01-05 20:00:00',	'2021-01-05 00:00:00'),
(151,	'8pm - 12am',	4,	'2021-01-06',	'12, 13, 9, 10, 11, 8',	6,	22,	'2021-01-08 11:34:19',	10.80,	'2021-01-06 20:00:00',	'2021-01-06 00:00:00'),
(152,	'12am - 4am',	3,	'2021-01-06',	'2, 8, 5, 20, 17',	5,	22,	'2021-01-08 11:34:34',	8.00,	'2021-01-06 00:00:00',	'2021-01-06 04:00:00'),
(153,	'8am - 12pm',	5,	'2021-01-06',	'3, 8, 5',	3,	22,	'2021-01-08 11:35:19',	6.00,	'2021-01-06 08:00:00',	'2021-01-06 12:00:00'),
(154,	'4pm - 8pm',	4,	'2021-01-07',	'3, 5',	2,	22,	'2021-01-08 11:36:41',	3.60,	'2021-01-07 16:00:00',	'2021-01-07 20:00:00'),
(155,	'4pm - 8pm',	3,	'2021-01-07',	'2, 5',	2,	22,	'2021-01-08 11:36:45',	3.20,	'2021-01-07 16:00:00',	'2021-01-07 20:00:00'),
(156,	'12pm - 4pm',	2,	'2021-01-07',	'8, 19, 18, 16',	4,	22,	'2021-01-08 11:36:53',	5.60,	'2021-01-07 12:00:00',	'2021-01-07 16:00:00'),
(157,	'4pm - 8pm',	2,	'2021-01-07',	'2, 5, 19, 22',	4,	22,	'2021-01-08 11:37:00',	5.60,	'2021-01-07 16:00:00',	'2021-01-07 20:00:00'),
(158,	'8pm - 12am',	5,	'2021-01-07',	'3, 6, 20, 19, 22, 24',	6,	22,	'2021-01-08 11:37:09',	12.00,	'2021-01-07 20:00:00',	'2021-01-07 00:00:00'),
(159,	'8pm - 12am',	4,	'2021-01-08',	'19, 18, 21, 23',	4,	22,	'2021-01-08 11:39:21',	7.20,	'2021-01-08 20:00:00',	'2021-01-08 00:00:00'),
(160,	'8pm - 12am',	5,	'2021-01-08',	'1, 4, 7, 21, 18',	5,	22,	'2021-01-08 11:39:31',	10.00,	'2021-01-08 20:00:00',	'2021-01-08 00:00:00'),
(161,	'8pm - 12am',	4,	'2021-01-08',	'13, 15, 12',	3,	22,	'2021-01-08 11:39:41',	5.40,	'2021-01-08 20:00:00',	'2021-01-08 00:00:00'),
(162,	'8pm - 12am',	4,	'2021-01-08',	'15, 12, 9, 7, 4',	5,	22,	'2021-01-08 11:39:48',	9.00,	'2021-01-08 20:00:00',	'2021-01-08 00:00:00'),
(163,	'4am - 8am',	4,	'2021-01-08',	'13, 10, 8, 6',	4,	22,	'2021-01-08 11:39:56',	7.20,	'2021-01-08 04:00:00',	'2021-01-08 08:00:00'),
(166,	'4pm - 8pm',	2,	'2021-01-11',	'2, 5',	2,	22,	'2021-01-11 15:02:45',	2.80,	'2021-01-11 16:00:00',	'2021-01-11 20:00:00'),
(171,	'4pm - 8pm',	3,	'2021-01-13',	'3, 1, 6, 4',	4,	22,	'2021-01-13 18:19:20',	6.40,	'2021-01-13 16:00:00',	'2021-01-13 20:00:00'),
(172,	'4pm - 8pm',	1,	'2021-01-13',	'2, 4',	2,	22,	'2021-01-13 18:19:25',	2.40,	'2021-01-13 16:00:00',	'2021-01-13 20:00:00'),
(173,	'8pm - 12am',	4,	'2021-01-13',	'3, 6, 5, 13, 12, 10, 15, 17, 16, 19, 18, 20, 22',	13,	22,	'2021-01-13 18:19:35',	23.40,	'2021-01-13 20:00:00',	'2021-01-13 00:00:00'),
(174,	'8pm - 12am',	4,	'2021-01-12',	'4, 8, 7',	3,	22,	'2021-01-13 18:20:51',	5.40,	'2021-01-12 20:00:00',	'2021-01-12 00:00:00'),
(175,	'12am - 4am',	1,	'2021-01-12',	'2, 4',	2,	22,	'2021-01-13 18:20:56',	2.40,	'2021-01-12 00:00:00',	'2021-01-12 04:00:00'),
(176,	'4am - 8am',	3,	'2021-01-12',	'1, 5, 4, 18, 19',	5,	22,	'2021-01-13 18:21:02',	8.00,	'2021-01-12 04:00:00',	'2021-01-12 08:00:00'),
(177,	'4am - 8am',	3,	'2021-01-11',	'10, 13, 15, 16, 17',	5,	22,	'2021-01-13 18:23:17',	8.00,	'2021-01-11 04:00:00',	'2021-01-11 08:00:00'),
(178,	'12am - 4am',	2,	'2021-01-11',	'1, 4, 7, 12, 16',	5,	22,	'2021-01-13 18:23:25',	7.00,	'2021-01-11 00:00:00',	'2021-01-11 04:00:00'),
(179,	'8pm - 12am',	4,	'2021-01-10',	'3, 5',	2,	22,	'2021-01-13 18:24:53',	3.60,	'2021-01-10 20:00:00',	'2021-01-10 00:00:00'),
(180,	'4am - 8am',	3,	'2021-01-10',	'1, 2, 5, 4, 7',	5,	22,	'2021-01-13 18:24:59',	8.00,	'2021-01-10 04:00:00',	'2021-01-10 08:00:00'),
(181,	'4pm - 8pm',	3,	'2021-01-10',	'2, 5, 17, 19, 20, 22, 24',	7,	22,	'2021-01-13 18:25:06',	11.20,	'2021-01-10 16:00:00',	'2021-01-10 20:00:00'),
(182,	'12am - 4am',	4,	'2021-01-10',	'5, 19, 21, 18, 22',	5,	22,	'2021-01-13 18:25:15',	9.00,	'2021-01-10 00:00:00',	'2021-01-10 04:00:00'),
(183,	'8pm - 12am',	4,	'2021-01-09',	'2, 4',	2,	22,	'2021-01-13 18:26:42',	3.60,	'2021-01-09 20:00:00',	'2021-01-09 00:00:00'),
(184,	'8pm - 12am',	5,	'2021-01-09',	'4, 6, 7, 8, 9, 11, 12, 14, 16, 17, 18, 19, 20, 21, 22, 23, 24, 13, 10, 2, 5, 3, 1, 15',	24,	22,	'2021-01-13 18:27:01',	48.00,	'2021-01-09 20:00:00',	'2021-01-09 00:00:00'),
(185,	'8pm - 12am',	2,	'2021-01-14',	'3, 2, 6',	3,	22,	'2021-01-15 04:02:57',	4.20,	'2021-01-14 20:00:00',	'2021-01-14 00:00:00'),
(186,	'12am - 4am',	5,	'2021-01-14',	'1, 6',	2,	22,	'2021-01-15 04:03:02',	4.00,	'2021-01-14 00:00:00',	'2021-01-14 04:00:00'),
(187,	'4am - 8am',	5,	'2021-01-14',	'18, 20, 21, 22, 23',	5,	22,	'2021-01-15 04:03:09',	10.00,	'2021-01-14 04:00:00',	'2021-01-14 08:00:00'),
(194,	'8pm - 12am',	3,	'2021-01-19',	'15',	1,	22,	'2021-01-19 06:22:34',	1.60,	'2021-01-19 20:00:00',	'2021-01-19 00:00:00'),
(201,	'8pm - 12am',	2,	'2021-01-15',	'3, 6',	2,	22,	'2021-01-22 13:12:51',	2.80,	'2021-01-15 20:00:00',	'2021-01-15 00:00:00'),
(202,	'8am - 12pm',	4,	'2021-01-15',	'9, 10, 11, 7, 8, 4, 6, 5',	8,	22,	'2021-01-22 13:12:59',	14.40,	'2021-01-15 08:00:00',	'2021-01-15 12:00:00'),
(203,	'8pm - 12am',	2,	'2021-01-15',	'3',	1,	22,	'2021-01-22 13:36:26',	1.40,	'2021-01-15 20:00:00',	'2021-01-15 00:00:00'),
(204,	'4am - 8am',	3,	'2021-01-15',	'2, 5, 13, 15',	4,	22,	'2021-01-22 13:38:49',	6.40,	'2021-01-15 04:00:00',	'2021-01-15 08:00:00'),
(205,	'4am - 8am',	3,	'2021-01-16',	'6, 5, 16, 17',	4,	22,	'2021-01-22 13:49:32',	6.40,	'2021-01-16 04:00:00',	'2021-01-16 08:00:00'),
(206,	'4am - 8am',	4,	'2021-01-16',	'3, 2, 6, 5',	4,	22,	'2021-01-22 13:49:52',	7.20,	'2021-01-16 04:00:00',	'2021-01-16 08:00:00'),
(207,	'12am - 4am',	3,	'2021-01-16',	'1, 2, 4',	3,	22,	'2021-01-22 13:52:56',	4.80,	'2021-01-16 00:00:00',	'2021-01-16 04:00:00'),
(208,	'4pm - 8pm',	3,	'2021-01-17',	'16, 17, 18, 19, 20, 21',	6,	22,	'2021-01-22 13:54:23',	9.60,	'2021-01-17 16:00:00',	'2021-01-17 20:00:00'),
(209,	'8am - 12pm',	4,	'2021-01-17',	'1, 6, 4',	3,	22,	'2021-01-22 13:54:29',	5.40,	'2021-01-17 08:00:00',	'2021-01-17 12:00:00'),
(210,	'12pm - 4pm',	3,	'2021-01-17',	'3, 6, 8',	3,	22,	'2021-01-22 13:54:35',	4.80,	'2021-01-17 12:00:00',	'2021-01-17 16:00:00'),
(211,	'8pm - 12am',	1,	'2021-01-18',	'1, 6, 16, 17, 18, 19, 21',	7,	22,	'2021-01-22 13:56:38',	8.40,	'2021-01-18 20:00:00',	'2021-01-18 00:00:00'),
(212,	'8pm - 12am',	5,	'2021-01-18',	'1, 6',	2,	22,	'2021-01-22 13:56:46',	4.00,	'2021-01-18 20:00:00',	'2021-01-18 00:00:00'),
(213,	'8pm - 12am',	5,	'2021-01-22',	'1, 2, 3, 4, 5, 6, 7, 8, 9, 10, 11, 12, 13, 14, 15, 16, 17, 18, 19, 20, 21, 22, 23, 24',	24,	22,	'2021-01-22 14:05:38',	48.00,	'2021-01-22 20:00:00',	'2021-01-22 00:00:00'),
(214,	'4pm - 8pm',	4,	'2021-01-22',	'1, 3',	2,	22,	'2021-01-22 14:05:52',	3.60,	'2021-01-22 16:00:00',	'2021-01-22 20:00:00'),
(215,	'8pm - 12am',	4,	'2021-01-20',	'16, 17, 12, 14',	4,	22,	'2021-01-22 14:08:10',	7.20,	'2021-01-20 20:00:00',	'2021-01-20 00:00:00'),
(216,	'4pm - 8pm',	2,	'2021-01-20',	'2, 1, 5',	3,	22,	'2021-01-22 14:08:15',	4.20,	'2021-01-20 16:00:00',	'2021-01-20 20:00:00'),
(220,	'4am - 8am',	2,	'2021-01-21',	'3, 6, 5',	3,	22,	'2021-01-29 12:34:39',	4.20,	'2021-01-21 04:00:00',	'2021-01-21 08:00:00'),
(221,	'12am - 4am',	3,	'2021-01-21',	'3, 6, 20, 16',	4,	22,	'2021-01-29 12:34:49',	6.40,	'2021-01-21 00:00:00',	'2021-01-21 04:00:00'),
(222,	'8pm - 12am',	4,	'2021-01-21',	'6, 8',	2,	22,	'2021-01-29 12:34:55',	3.60,	'2021-01-21 20:00:00',	'2021-01-21 00:00:00'),
(223,	'8pm - 12am',	4,	'2021-01-23',	'3, 6, 24, 23, 22',	5,	22,	'2021-01-29 12:36:23',	9.00,	'2021-01-23 20:00:00',	'2021-01-23 00:00:00'),
(224,	'4am - 8am',	4,	'2021-01-23',	'4, 21, 22',	3,	22,	'2021-01-29 12:36:29',	5.40,	'2021-01-23 04:00:00',	'2021-01-23 08:00:00'),
(225,	'12pm - 4pm',	2,	'2021-01-23',	'9, 10, 11',	3,	22,	'2021-01-29 12:37:03',	4.20,	'2021-01-23 12:00:00',	'2021-01-23 16:00:00'),
(226,	'8pm - 12am',	5,	'2021-01-29',	'6, 8',	2,	22,	'2021-01-29 12:38:50',	4.00,	'2021-01-29 20:00:00',	'2021-01-29 00:00:00'),
(227,	'12am - 4am',	2,	'2021-01-29',	'2, 15, 16, 17',	4,	22,	'2021-01-29 12:38:57',	5.60,	'2021-01-29 00:00:00',	'2021-01-29 04:00:00'),
(228,	'8pm - 12am',	4,	'2021-01-28',	'3, 6',	2,	22,	'2021-01-29 12:45:39',	3.60,	'2021-01-28 20:00:00',	'2021-01-28 00:00:00'),
(229,	'8am - 12pm',	1,	'2021-01-28',	'3, 6, 16, 17, 18',	5,	22,	'2021-01-29 12:46:12',	6.00,	'2021-01-28 08:00:00',	'2021-01-28 12:00:00'),
(230,	'4am - 8am',	3,	'2021-01-28',	'3, 20, 18, 19',	4,	22,	'2021-01-29 12:46:17',	6.40,	'2021-01-28 04:00:00',	'2021-01-28 08:00:00'),
(231,	'12am - 4am',	4,	'2021-01-27',	'16, 17, 18, 19',	4,	22,	'2021-01-29 12:47:02',	7.20,	'2021-01-27 00:00:00',	'2021-01-27 04:00:00'),
(232,	'4pm - 8pm',	4,	'2021-01-27',	'12, 17, 18',	3,	22,	'2021-01-29 12:47:20',	5.40,	'2021-01-27 16:00:00',	'2021-01-27 20:00:00'),
(233,	'8pm - 12am',	4,	'2021-01-26',	'17, 16, 18, 19',	4,	22,	'2021-01-29 12:48:42',	7.20,	'2021-01-26 20:00:00',	'2021-01-26 00:00:00'),
(234,	'4pm - 8pm',	3,	'2021-01-26',	'19, 18',	2,	22,	'2021-01-29 12:48:49',	3.20,	'2021-01-26 16:00:00',	'2021-01-26 20:00:00'),
(235,	'8am - 12pm',	3,	'2021-01-26',	'17, 16, 19, 22',	4,	22,	'2021-01-29 12:48:57',	6.40,	'2021-01-26 08:00:00',	'2021-01-26 12:00:00'),
(236,	'4pm - 8pm',	3,	'2021-01-25',	'2, 1',	2,	22,	'2021-01-29 12:50:10',	3.20,	'2021-01-25 16:00:00',	'2021-01-25 20:00:00'),
(237,	'8pm - 12am',	4,	'2021-01-25',	'15, 17, 19',	3,	22,	'2021-01-29 12:50:16',	5.40,	'2021-01-25 20:00:00',	'2021-01-25 00:00:00'),
(238,	'8pm - 12am',	4,	'2021-01-24',	'3, 6',	2,	22,	'2021-01-29 12:51:48',	3.60,	'2021-01-24 20:00:00',	'2021-01-24 00:00:00'),
(239,	'4am - 8am',	5,	'2021-02-03',	'1, 2',	2,	22,	'2021-02-03 09:26:04',	4.00,	'2021-02-03 04:00:00',	'2021-02-03 08:00:00'),
(259,	'12am - 4am',	1,	'2021-02-10',	'1',	1,	34,	'2021-02-10 07:35:53',	1.20,	'2021-02-10 00:00:00',	'2021-02-10 04:00:00'),
(260,	'4pm - 8pm',	3,	'2021-02-10',	'2, 1',	2,	22,	'2021-02-10 11:55:04',	3.20,	'2021-02-10 16:00:00',	'2021-02-10 20:00:00'),
(261,	'12am - 4am',	1,	'2021-02-12',	'1',	1,	44,	'2021-02-12 11:19:09',	1.20,	'2021-02-12 00:00:00',	'2021-02-12 04:00:00'),
(262,	'4am - 8am',	2,	'2021-02-12',	'2',	1,	34,	'2021-02-12 11:25:50',	1.40,	'2021-02-12 04:00:00',	'2021-02-12 08:00:00'),
(263,	'12am - 4am',	1,	'2021-02-12',	'1, 2, 3, 4, 5, 6, 7, 8, 9, 10, 11, 12, 13, 14, 15, 16, 17, 18, 19, 20, 21, 22, 23, 24',	24,	34,	'2021-02-12 11:57:53',	28.80,	'2021-02-12 00:00:00',	'2021-02-12 04:00:00'),
(264,	'8am - 12pm',	5,	'2021-02-16',	'1, 17',	2,	22,	'2021-02-16 08:17:24',	4.00,	'2021-02-16 08:00:00',	'2021-02-16 12:00:00'),
(265,	'12pm - 4pm',	2,	'2021-02-16',	'9, 15',	2,	45,	'2021-02-16 09:48:13',	2.80,	'2021-02-16 12:00:00',	'2021-02-16 16:00:00'),
(266,	'4am - 8am',	3,	'2021-02-16',	'15',	1,	45,	'2021-02-16 09:58:22',	1.60,	'2021-02-16 04:00:00',	'2021-02-16 08:00:00'),
(267,	'12am - 4am',	2,	'2021-02-16',	'1, 4, 9, 8',	4,	34,	'2021-02-16 12:47:06',	5.60,	'2021-02-16 00:00:00',	'2021-02-16 04:00:00'),
(268,	'8am - 12pm',	1,	'2021-02-16',	'2, 5, 8, 9',	4,	34,	'2021-02-16 12:48:29',	4.80,	'2021-02-16 08:00:00',	'2021-02-16 12:00:00'),
(269,	'12am - 4am',	1,	'2021-02-16',	'1, 10',	2,	48,	'2021-02-16 13:05:55',	2.40,	'2021-02-16 00:00:00',	'2021-02-16 04:00:00'),
(270,	'4pm - 8pm',	3,	'2021-02-16',	'3, 6',	2,	22,	'2021-02-16 15:43:32',	3.20,	'2021-02-16 16:00:00',	'2021-02-16 20:00:00'),
(271,	'8pm - 12am',	2,	'2021-02-16',	'2',	1,	22,	'2021-02-16 15:46:21',	1.40,	'2021-02-16 20:00:00',	'2021-02-16 00:00:00'),
(272,	'8pm - 12am',	3,	'2021-02-15',	'3, 6, 17, 20, 19, 22, 24',	7,	22,	'2021-02-16 16:35:36',	11.20,	'2021-02-15 20:00:00',	'2021-02-15 00:00:00'),
(273,	'8am - 12pm',	5,	'2021-02-14',	'3, 6, 1, 9, 14, 12, 15, 13, 17',	9,	22,	'2021-02-16 16:36:30',	18.00,	'2021-02-14 08:00:00',	'2021-02-14 12:00:00'),
(274,	'8pm - 12am',	3,	'2021-02-13',	'3, 2, 6, 4',	4,	22,	'2021-02-16 16:39:56',	6.40,	'2021-02-13 20:00:00',	'2021-02-13 00:00:00'),
(275,	'8pm - 12am',	4,	'2021-02-01',	'2, 4, 5, 16, 18, 21',	6,	22,	'2021-02-17 02:05:22',	10.80,	'2021-02-01 20:00:00',	'2021-02-01 00:00:00'),
(276,	'12am - 4am',	3,	'2021-02-01',	'2, 5, 13',	3,	22,	'2021-02-17 02:05:30',	4.80,	'2021-02-01 00:00:00',	'2021-02-01 04:00:00'),
(277,	'8pm - 12am',	2,	'2021-02-02',	'2, 1, 4',	3,	22,	'2021-02-17 02:06:38',	4.20,	'2021-02-02 20:00:00',	'2021-02-02 00:00:00'),
(278,	'8pm - 12am',	4,	'2021-02-02',	'2',	1,	22,	'2021-02-17 02:07:02',	1.80,	'2021-02-02 20:00:00',	'2021-02-02 00:00:00'),
(279,	'12am - 4am',	2,	'2021-02-02',	'1, 4',	2,	22,	'2021-02-17 02:07:09',	2.80,	'2021-02-02 00:00:00',	'2021-02-02 04:00:00'),
(280,	'8pm - 12am',	2,	'2021-02-03',	'2, 22, 24',	3,	22,	'2021-02-17 02:07:34',	4.20,	'2021-02-03 20:00:00',	'2021-02-03 00:00:00'),
(281,	'8pm - 12am',	3,	'2021-02-04',	'10, 12',	2,	22,	'2021-02-17 02:09:11',	3.20,	'2021-02-04 20:00:00',	'2021-02-04 00:00:00'),
(282,	'8am - 12pm',	2,	'2021-02-05',	'18, 19',	2,	22,	'2021-02-17 02:16:52',	2.80,	'2021-02-05 08:00:00',	'2021-02-05 12:00:00'),
(283,	'12am - 4am',	3,	'2021-02-05',	'17, 20, 19',	3,	22,	'2021-02-17 02:16:59',	4.80,	'2021-02-05 00:00:00',	'2021-02-05 04:00:00'),
(284,	'8am - 12pm',	4,	'2021-02-16',	'2, 1',	2,	22,	'2021-02-17 02:31:04',	3.60,	'2021-02-16 08:00:00',	'2021-02-16 12:00:00'),
(285,	'8pm - 12am',	4,	'2021-02-12',	'3, 6, 17',	3,	22,	'2021-02-17 02:32:13',	5.40,	'2021-02-12 20:00:00',	'2021-02-12 00:00:00'),
(286,	'8pm - 12am',	3,	'2021-02-12',	'2, 1',	2,	22,	'2021-02-17 02:32:20',	3.20,	'2021-02-12 20:00:00',	'2021-02-12 00:00:00'),
(287,	'12pm - 4pm',	3,	'2021-02-11',	'2, 4, 16',	3,	22,	'2021-02-17 02:34:24',	4.80,	'2021-02-11 12:00:00',	'2021-02-11 16:00:00'),
(288,	'8pm - 12am',	2,	'2021-02-09',	'2',	1,	22,	'2021-02-17 02:35:14',	1.40,	'2021-02-09 20:00:00',	'2021-02-09 00:00:00'),
(289,	'8pm - 12am',	3,	'2021-02-08',	'19, 22',	2,	22,	'2021-02-17 02:35:55',	3.20,	'2021-02-08 20:00:00',	'2021-02-08 00:00:00'),
(290,	'8pm - 12am',	3,	'2021-02-07',	'12, 9, 7',	3,	22,	'2021-02-17 02:36:45',	4.80,	'2021-02-07 20:00:00',	'2021-02-07 00:00:00'),
(291,	'8pm - 12am',	4,	'2021-02-06',	'3, 17, 20',	3,	22,	'2021-02-17 02:37:19',	5.40,	'2021-02-06 20:00:00',	'2021-02-06 00:00:00'),
(292,	'8am - 12pm',	3,	'2021-02-17',	'10',	1,	45,	'2021-02-17 06:58:51',	1.60,	'2021-02-17 08:00:00',	'2021-02-17 12:00:00'),
(293,	'4pm - 8pm',	3,	'2021-02-17',	'9',	1,	45,	'2021-02-17 07:41:14',	1.60,	'2021-02-17 16:00:00',	'2021-02-17 20:00:00'),
(294,	'12am - 4am',	1,	'2021-02-17',	'1',	1,	34,	'2021-02-17 12:18:47',	1.20,	'2021-02-17 00:00:00',	'2021-02-17 04:00:00'),
(295,	'8pm - 12am',	1,	'2021-02-17',	'1, 2, 3, 4, 5, 6, 7, 8, 9, 10, 11, 12, 13, 14, 16, 15, 17, 18, 19, 20, 21, 22, 23, 24',	24,	34,	'2021-02-17 13:13:05',	28.80,	'2021-02-17 20:00:00',	'2021-02-17 00:00:00'),
(296,	'8pm - 12am',	5,	'2021-02-17',	'13, 16, 17, 18, 19, 20, 21, 22, 23, 24',	10,	22,	'2021-02-17 14:45:55',	20.00,	'2021-02-17 20:00:00',	'2021-02-17 00:00:00'),
(297,	'8pm - 12am',	2,	'2021-02-17',	'12, 17, 16, 19',	4,	22,	'2021-02-17 14:46:05',	5.60,	'2021-02-17 20:00:00',	'2021-02-17 00:00:00'),
(298,	'12am - 4am',	1,	'2021-02-18',	'1, 3, 4, 2, 5, 6, 7, 8, 9, 10, 12, 11, 13, 15, 14, 16, 17, 18, 19, 20, 22, 21, 23, 24',	24,	34,	'2021-02-18 09:35:23',	28.80,	'2021-02-18 00:00:00',	'2021-02-18 04:00:00'),
(299,	'12am - 4am',	2,	'2021-02-18',	'2, 1',	2,	34,	'2021-02-18 11:00:33',	2.80,	'2021-02-18 00:00:00',	'2021-02-18 04:00:00'),
(300,	'4am - 8am',	1,	'2021-02-19',	'9, 17',	2,	45,	'2021-02-19 06:07:05',	2.40,	'2021-02-19 04:00:00',	'2021-02-19 08:00:00'),
(301,	'12am - 4am',	1,	'2021-02-19',	'1, 2, 3, 4, 5, 6, 7, 8',	8,	34,	'2021-02-19 12:18:53',	9.60,	'2021-02-19 00:00:00',	'2021-02-19 04:00:00'),
(302,	'8am - 12pm',	3,	'2021-02-19',	'4, 6, 7, 8, 5, 9, 11, 12',	8,	33,	'2021-02-19 12:27:46',	12.80,	'2021-02-19 08:00:00',	'2021-02-19 12:00:00'),
(303,	'4am - 8am',	2,	'2021-02-19',	'2, 4, 5',	3,	22,	'2021-02-19 12:30:51',	4.20,	'2021-02-19 04:00:00',	'2021-02-19 08:00:00'),
(304,	'4am - 8am',	4,	'2021-02-19',	'1, 2, 3, 4, 5, 6, 7, 8, 9, 10, 11, 12, 13, 14, 15, 16, 17, 18, 19, 20, 21, 22, 23',	23,	22,	'2021-02-19 12:32:06',	41.40,	'2021-02-19 04:00:00',	'2021-02-19 08:00:00'),
(305,	'12am - 4am',	3,	'2021-02-18',	'3, 1',	2,	22,	'2021-02-19 13:37:46',	3.20,	'2021-02-18 00:00:00',	'2021-02-18 04:00:00'),
(306,	'12pm - 4pm',	5,	'2021-02-02',	'3, 1, 2, 4, 5, 6, 7, 8, 19',	9,	22,	'2021-02-19 13:39:00',	18.00,	'2021-02-02 12:00:00',	'2021-02-02 16:00:00'),
(307,	'8pm - 12am',	1,	'2021-02-04',	'3, 6',	2,	22,	'2021-02-19 13:39:24',	2.40,	'2021-02-04 20:00:00',	'2021-02-04 00:00:00'),
(308,	'12pm - 4pm',	4,	'2021-02-04',	'1, 3, 6',	3,	22,	'2021-02-19 13:40:59',	5.40,	'2021-02-04 12:00:00',	'2021-02-04 16:00:00'),
(309,	'4pm - 8pm',	5,	'2021-02-17',	'3, 2, 1, 4, 5, 6, 8, 7, 13, 10, 9, 12, 14, 17, 19, 22, 24, 23, 21, 18, 20, 16',	22,	22,	'2021-02-19 13:48:34',	44.00,	'2021-02-17 16:00:00',	'2021-02-17 20:00:00'),
(310,	'8pm - 12am',	2,	'2021-02-28',	'8, 6',	2,	22,	'2021-03-01 14:31:18',	2.80,	'2021-02-28 20:00:00',	'2021-02-28 00:00:00'),
(311,	'4am - 8am',	2,	'2021-02-28',	'1, 6, 4, 3',	4,	22,	'2021-03-01 14:31:37',	5.60,	'2021-02-28 04:00:00',	'2021-02-28 08:00:00'),
(312,	'12am - 4am',	5,	'2021-02-27',	'1, 2, 3',	3,	22,	'2021-03-01 16:40:44',	6.00,	'2021-02-27 00:00:00',	'2021-02-27 04:00:00'),
(313,	'4am - 8am',	2,	'2021-02-27',	'1, 2, 5, 7, 19, 22',	6,	22,	'2021-03-01 16:41:07',	8.40,	'2021-02-27 04:00:00',	'2021-02-27 08:00:00');

DROP TABLE IF EXISTS `symptom_name`;
CREATE TABLE `symptom_name` (
  `symptomNameId` int(11) NOT NULL AUTO_INCREMENT,
  `symptom_name` varchar(200) DEFAULT '',
  `created_at` timestamp NULL DEFAULT CURRENT_TIMESTAMP,
  PRIMARY KEY (`symptomNameId`)
) ENGINE=InnoDB DEFAULT CHARSET=latin1;

INSERT INTO `symptom_name` (`symptomNameId`, `symptom_name`, `created_at`) VALUES
(1,	'ab pain',	'2020-08-29 12:15:34'),
(2,	'acid reflux',	'2020-08-29 12:15:34'),
(3,	'anxiety',	'2020-08-29 12:15:50'),
(4,	'back pain',	'2020-08-29 12:15:50'),
(5,	'bloating',	'2020-08-29 12:16:03'),
(6,	'cramping',	'2020-08-29 12:16:03'),
(7,	'dehydration',	'2020-08-29 12:16:22'),
(8,	'depression',	'2020-08-29 12:16:22'),
(9,	'eczema flare up',	'2020-08-29 12:16:42'),
(10,	'fatigue',	'2020-08-29 12:16:42'),
(11,	'gassy',	'2020-08-29 12:16:58'),
(12,	'headache',	'2020-08-29 12:16:58'),
(13,	'heartburn',	'2020-08-29 12:17:18'),
(14,	'hemorrhoids',	'2020-08-29 12:17:18'),
(15,	'increased pain w menstruation',	'2020-08-29 12:18:00'),
(16,	'increased urination',	'2020-08-29 12:18:00'),
(17,	'itchy skin',	'2020-08-29 12:18:19'),
(18,	'low appetite',	'2020-08-29 12:18:19'),
(19,	'muscle ache',	'2020-08-29 12:18:34'),
(20,	'nausea',	'2020-08-29 12:18:34'),
(21,	'indigestion',	'2020-08-29 12:18:55'),
(22,	'sleep issues',	'2020-08-29 12:18:55'),
(23,	'stomach pain',	'2020-08-29 12:19:10'),
(24,	'vomiting',	'2020-08-29 12:19:10');

DROP TABLE IF EXISTS `upvotequestion`;
CREATE TABLE `upvotequestion` (
  `upvoteQuestionId` int(11) NOT NULL AUTO_INCREMENT,
  `questionId` int(11) DEFAULT NULL,
  `userId` int(11) DEFAULT NULL,
  `created_at` timestamp NULL DEFAULT CURRENT_TIMESTAMP,
  PRIMARY KEY (`upvoteQuestionId`),
  KEY `questionId` (`questionId`),
  KEY `userId` (`userId`),
  CONSTRAINT `upvotequestion_ibfk_3` FOREIGN KEY (`questionId`) REFERENCES `questions` (`questionId`),
  CONSTRAINT `upvotequestion_ibfk_4` FOREIGN KEY (`userId`) REFERENCES `user` (`userId`)
) ENGINE=InnoDB DEFAULT CHARSET=latin1;

INSERT INTO `upvotequestion` (`upvoteQuestionId`, `questionId`, `userId`, `created_at`) VALUES
(23,	257,	43,	'2021-02-11 13:34:01'),
(24,	254,	22,	'2021-02-11 14:48:05'),
(25,	257,	22,	'2021-02-11 14:48:09'),
(27,	272,	34,	'2021-02-16 12:32:24'),
(28,	272,	48,	'2021-02-16 13:02:56'),
(29,	273,	22,	'2021-02-17 06:09:10'),
(30,	272,	44,	'2021-02-17 11:01:09'),
(31,	277,	22,	'2021-02-17 21:59:37'),
(32,	275,	22,	'2021-02-17 22:05:43'),
(33,	279,	22,	'2021-03-01 13:55:39'),
(34,	282,	34,	'2021-03-02 14:01:56');

DROP TABLE IF EXISTS `upvotereply`;
CREATE TABLE `upvotereply` (
  `upvoteReplyId` int(11) NOT NULL AUTO_INCREMENT,
  `replyId` int(11) DEFAULT NULL,
  `userId` int(11) DEFAULT NULL,
  `questionId` int(11) DEFAULT NULL,
  `created_at` timestamp NULL DEFAULT CURRENT_TIMESTAMP,
  PRIMARY KEY (`upvoteReplyId`),
  KEY `replyId` (`replyId`),
  KEY `questionId` (`questionId`),
  KEY `userId` (`userId`),
  CONSTRAINT `upvotereply_ibfk_4` FOREIGN KEY (`replyId`) REFERENCES `reply` (`replyId`),
  CONSTRAINT `upvotereply_ibfk_5` FOREIGN KEY (`userId`) REFERENCES `user` (`userId`),
  CONSTRAINT `upvotereply_ibfk_6` FOREIGN KEY (`questionId`) REFERENCES `questions` (`questionId`)
) ENGINE=InnoDB DEFAULT CHARSET=latin1;

INSERT INTO `upvotereply` (`upvoteReplyId`, `replyId`, `userId`, `questionId`, `created_at`) VALUES
(5,	6,	34,	272,	'2021-02-16 12:32:56'),
(6,	7,	34,	272,	'2021-02-16 12:32:57'),
(7,	7,	44,	272,	'2021-02-17 11:02:43'),
(8,	8,	22,	275,	'2021-02-17 22:06:03'),
(9,	9,	22,	279,	'2021-03-01 13:56:09');

DROP TABLE IF EXISTS `user`;
CREATE TABLE `user` (
  `userId` int(11) NOT NULL AUTO_INCREMENT,
  `user_name` varchar(100) DEFAULT '',
  `user_email` varchar(100) DEFAULT '',
  `user_password` varchar(400) DEFAULT '',
  `user_pic` varchar(400) DEFAULT '',
  `user_age` varchar(20) DEFAULT '0',
  `user_gender` varchar(40) DEFAULT '',
  `year_with_symptoms` varchar(40) DEFAULT '0',
  `verification_code` varchar(20) DEFAULT '0',
  `email_notification` varchar(10) DEFAULT '0',
  `push_notification` varchar(10) DEFAULT '0',
  `user_device_token` varchar(300) DEFAULT '',
  `user_device_type` int(11) DEFAULT '0',
  `created_at` timestamp NULL DEFAULT CURRENT_TIMESTAMP,
  PRIMARY KEY (`userId`)
) ENGINE=InnoDB DEFAULT CHARSET=latin1;

INSERT INTO `user` (`userId`, `user_name`, `user_email`, `user_password`, `user_pic`, `user_age`, `user_gender`, `year_with_symptoms`, `verification_code`, `email_notification`, `push_notification`, `user_device_token`, `user_device_type`, `created_at`) VALUES
(22,	'Candor Official Demo',	'ramj.fb@gmail.com',	'$2a$10$1a6R/zOz2HdajS8fej9hTuVCK7H4nrP/5MSIgz7xaIWuQ3x/53Mku',	'1614607240760_SAVED-20210301_0900_26666.png',	'40 - 50',	'Male',	'5 - 10',	'0567',	'0',	'0',	'eaD_oKkjSZSQQ35ylOMT0y:APA91bElrW6cUAwvB0FZd_LUVUbIlTzeerRpMssROitIPI5xAafh67GlCJbrhjOHFinOTdzVfK9HgBfMNJbzkLMeDwdZ5DfbHfjcZTOasQGa6M5pNcbefpc1aMfrNTobdOMrYnvKWOLR',	1,	'2020-04-22 18:07:03'),
(33,	'prathi',	'prathibhag@dci.in',	'$2a$10$GP.kEoL6N.5Yv2NP0pJeMu2TEdOV8GwpV6l4DNebL.k5vhUBEgLku',	'',	'0',	'',	'0',	'7457',	'0',	'0',	'',	0,	'2021-02-10 06:34:55'),
(34,	'nilo',	'nilofernasrin47@gmail.com',	'$2a$10$gFC2ceWMlpMIovtf5xbrkOOoZDfegEJWhR82JauuE9GCaDKiSGw5i',	'http://getcandorapp.com:3001/image/1613480335593_SAVED-20210216_1828_52744.jpg',	'70 +',	'Male',	'10 +',	'7803',	'1',	'1',	'eXdsLm9uQ9a_FhfxfppiGW:APA91bEvydhLxr5cAuCGONqEQAYly8qWU_YCR_taOjjXakJAPXEW81P_cef7pJYBLMwH0w4dfHtJcFO6ecS8sqYf718clycqWEvP-BFc_wLzHumNcjx-TQMqd5dSevJ5Omaii5xFOlPZ',	1,	'2021-02-10 07:34:46'),
(35,	'naga lakshmi',	'nagalakshmi.muthukumaran@dci.in',	'$2a$10$gFC2ceWMlpMIovtf5xbrkOc8f75vuzkDZn5IRpkQjaKHTBu4qoY1u',	'',	'0',	'',	'0',	'3006',	'0',	'0',	'',	0,	'2021-02-10 08:34:51'),
(36,	'Ramj',	'ram.jayaraman@gmail.com',	'$2a$10$gFC2ceWMlpMIovtf5xbrkOchQ.3o55BDICxqKs6vcFGmu2bkgV3Ce',	'',	'0',	'',	'0',	'3518',	'0',	'0',	'e44IqceLSRydx8qZqtNiBG:APA91bEhMxxbIlH_40IUWxTYru4tAZGudyCp20LdsMTnVb0ERvR2QitcxC_uH1LZYHOdygLPNjx2UiuMZCrT8eJ257gg5nvLn5jGLN-k-RBvljJ8_biBergivMSjAXNYlRx94rQ5LZiJ',	1,	'2021-02-10 13:55:16'),
(42,	'vicky',	'v.vickysp@gmail.com',	'$2a$10$npkqv9IV8x/EFKnrulhYLOymmT.Q4niemIXuDqpy21gMuRDk4i/mW',	'',	'0',	'',	'0',	'0',	'0',	'0',	'',	0,	'2021-02-11 12:11:41'),
(43,	'ram',	'getcandorapp@gmail.com',	'$2a$10$npkqv9IV8x/EFKnrulhYLOlxfP4FMNsUXJgAfJJi95Wt1R/tq5J1m',	'',	'0',	'',	'0',	'9437',	'0',	'0',	'',	0,	'2021-02-11 13:31:12'),
(44,	'nilo',	'mifraalfa@gmail.com',	'$2a$10$l75sS0Wzku1AD1k/D1DTouUjTn5RsPAtodUiq9xadE71bN238c4Be',	'',	'20 - 30',	'Male',	'5 - 10',	'5427',	'1',	'1',	'',	0,	'2021-02-12 11:14:32'),
(45,	'Vigneshwari Ravikumar',	'vigneshwari.ravikumar@dci.in',	'$2a$10$l75sS0Wzku1AD1k/D1DTouTfHTlZFeQ6yySDNeYi.ISpKuE9jkUNe',	'',	'0',	'',	'0',	'5749',	'0',	'0',	'e6SCF-PPThi3e8Wh6zic4c:APA91bGEVUM1fcsniRSWxpZhVJxSxJVZuTfUyUVfx5sFcVMKc4TqEPuZ6SxrMlDOR9PknryVMCTagb6WQjd2VsCsCjS2uPYJAau7pKRoSv0J2BT3sNhF-lVboD98Qg66Cb4-hV7RBsbX',	1,	'2021-02-16 06:33:28'),
(46,	'Doctor',	'rank.fb@gmail.com',	'$2a$10$l75sS0Wzku1AD1k/D1DToucx.7oluOo9E0BLmB29.E6EyZePOqfzy',	'',	'0',	'',	'0',	'0',	'0',	'0',	'',	0,	'2021-02-16 12:07:42'),
(47,	'nilz',	'nasrin.mubarkali@dci.in',	'$2a$10$l75sS0Wzku1AD1k/D1DTouUjTn5RsPAtodUiq9xadE71bN238c4Be',	'',	'0',	'',	'0',	'0',	'0',	'0',	'',	0,	'2021-02-16 13:01:36'),
(48,	'nilz',	'nasrinnilo64@gmail.com',	'$2a$10$l75sS0Wzku1AD1k/D1DTouUjTn5RsPAtodUiq9xadE71bN238c4Be',	'1613480628509_SAVED-20210216_1833_41841.jpg',	'20 - 30',	'Female',	'5 - 10',	'2324',	'1',	'1',	'dK1FTm5cTh2ukTCLCfIA2Y:APA91bF04uTZrIC8m1SezmZnqWR_ytuZlXetXu64jEq3VN6L-fqdb_o6Rhem3Yl7mB0aJ1TnkD7CeoG6EoF20UGGuxHbZAAlyE8x8sq9noN_Xzo5C8nqiwT-SoaoqdYvW732EKOM93RT',	1,	'2021-02-16 13:02:01'),
(49,	'iPhone',	'Rama.fb@gmail.com',	'$2a$10$l75sS0Wzku1AD1k/D1DToucx.7oluOo9E0BLmB29.E6EyZePOqfzy',	'',	'0',	'',	'0',	'0',	'0',	'0',	'',	0,	'2021-02-16 22:12:36'),
(50,	'vig',	'vigneshwariravikumar2396@gmail.com',	'$2a$10$l75sS0Wzku1AD1k/D1DTouUjTn5RsPAtodUiq9xadE71bN238c4Be',	'',	'0',	'',	'0',	'0',	'0',	'0',	'',	0,	'2021-02-17 11:04:45'),
(51,	'ram msft',	'ram.jayaraman@live.com',	'$2a$10$M3Yqwmnx28mmzy8nBaSq0uN9Gl0VEdJcGgbfheppcyAZ0LZyA3IOO',	'',	'0',	'',	'0',	'8317',	'0',	'0',	'',	0,	'2021-02-19 12:55:18'),
(52,	'candor health',	'candoribs@gmail.com',	'$2a$10$1a6R/zOz2HdajS8fej9hTuVCK7H4nrP/5MSIgz7xaIWuQ3x/53Mku',	'',	'0',	'',	'0',	'0',	'0',	'0',	'',	0,	'2021-03-01 16:19:58');

DROP TABLE IF EXISTS `user_bowel`;
CREATE TABLE `user_bowel` (
  `userBowlId` int(11) NOT NULL AUTO_INCREMENT,
  `bowelId` int(11) DEFAULT NULL,
  `bowelnameId` int(11) DEFAULT NULL,
  `userId` int(11) DEFAULT NULL,
  `created_at` timestamp NULL DEFAULT CURRENT_TIMESTAMP,
  PRIMARY KEY (`userBowlId`)
) ENGINE=InnoDB DEFAULT CHARSET=latin1;

INSERT INTO `user_bowel` (`userBowlId`, `bowelId`, `bowelnameId`, `userId`, `created_at`) VALUES
(58,	19,	3,	22,	'2020-09-07 15:48:05'),
(59,	20,	3,	22,	'2020-09-07 15:48:13'),
(60,	20,	2,	22,	'2020-09-07 15:48:13'),
(61,	20,	6,	22,	'2020-09-07 15:48:13'),
(62,	20,	4,	22,	'2020-09-07 15:48:13'),
(89,	25,	3,	22,	'2020-09-09 01:19:23'),
(90,	25,	2,	22,	'2020-09-09 01:19:23'),
(91,	26,	2,	22,	'2020-09-09 01:21:55'),
(92,	26,	6,	22,	'2020-09-09 01:21:55'),
(93,	27,	1,	22,	'2020-09-09 01:22:04'),
(94,	27,	2,	22,	'2020-09-09 01:22:04'),
(96,	28,	4,	22,	'2020-09-09 20:14:01'),
(100,	31,	1,	22,	'2020-09-09 20:24:37'),
(101,	32,	2,	22,	'2020-09-09 20:27:09'),
(102,	32,	3,	22,	'2020-09-09 20:27:09'),
(103,	32,	6,	22,	'2020-09-09 20:27:09'),
(104,	32,	7,	22,	'2020-09-09 20:27:09'),
(105,	33,	1,	22,	'2020-09-09 20:28:15'),
(106,	33,	6,	22,	'2020-09-09 20:28:15'),
(107,	33,	5,	22,	'2020-09-09 20:28:15'),
(108,	34,	3,	22,	'2020-09-09 20:28:24'),
(111,	30,	3,	22,	'2020-09-09 20:30:49'),
(112,	30,	6,	22,	'2020-09-09 20:30:49'),
(113,	29,	1,	22,	'2020-09-09 20:31:20'),
(114,	29,	2,	22,	'2020-09-09 20:31:20'),
(115,	35,	1,	22,	'2020-09-09 21:33:00'),
(116,	35,	2,	22,	'2020-09-09 21:33:00'),
(117,	35,	3,	22,	'2020-09-09 21:33:00'),
(118,	36,	4,	22,	'2020-09-09 21:33:47'),
(119,	36,	3,	22,	'2020-09-09 21:33:47'),
(120,	36,	1,	22,	'2020-09-09 21:33:47'),
(121,	37,	1,	22,	'2020-09-09 21:34:42'),
(122,	37,	3,	22,	'2020-09-09 21:34:42'),
(123,	37,	2,	22,	'2020-09-09 21:34:42'),
(124,	38,	4,	22,	'2020-09-10 03:02:47'),
(125,	38,	6,	22,	'2020-09-10 03:02:47'),
(126,	39,	4,	22,	'2020-09-10 03:02:54'),
(127,	39,	1,	22,	'2020-09-10 03:02:54'),
(128,	40,	2,	22,	'2020-09-10 03:03:23'),
(129,	40,	7,	22,	'2020-09-10 03:03:23'),
(130,	40,	5,	22,	'2020-09-10 03:03:23'),
(131,	41,	2,	22,	'2020-09-10 03:03:57'),
(132,	41,	3,	22,	'2020-09-10 03:03:57'),
(133,	42,	2,	22,	'2020-09-10 03:04:03'),
(134,	43,	3,	22,	'2020-09-10 03:04:37'),
(135,	43,	4,	22,	'2020-09-10 03:04:37'),
(136,	43,	6,	22,	'2020-09-10 03:04:37'),
(137,	44,	3,	22,	'2020-09-10 03:05:54'),
(138,	44,	6,	22,	'2020-09-10 03:05:54'),
(139,	45,	6,	22,	'2020-09-10 03:06:41'),
(140,	45,	5,	22,	'2020-09-10 03:06:41'),
(141,	46,	3,	22,	'2020-09-10 03:07:12'),
(142,	47,	3,	22,	'2020-09-10 03:07:23'),
(143,	48,	4,	22,	'2020-09-10 03:07:38'),
(144,	48,	1,	22,	'2020-09-10 03:07:38'),
(145,	48,	6,	22,	'2020-09-10 03:07:38'),
(146,	49,	3,	22,	'2020-09-10 03:08:45'),
(147,	49,	6,	22,	'2020-09-10 03:08:45'),
(148,	50,	3,	22,	'2020-09-10 03:09:24'),
(149,	50,	4,	22,	'2020-09-10 03:09:24'),
(150,	51,	6,	22,	'2020-09-10 03:09:37'),
(151,	51,	7,	22,	'2020-09-10 03:09:37'),
(152,	52,	6,	22,	'2020-09-10 03:09:50'),
(153,	52,	5,	22,	'2020-09-10 03:09:50'),
(154,	52,	4,	22,	'2020-09-10 03:09:50'),
(155,	53,	4,	22,	'2020-09-10 03:09:59'),
(156,	53,	6,	22,	'2020-09-10 03:09:59'),
(157,	54,	4,	22,	'2020-09-10 03:10:03'),
(158,	54,	6,	22,	'2020-09-10 03:10:03'),
(159,	55,	1,	22,	'2020-09-10 03:10:24'),
(160,	56,	3,	22,	'2020-09-10 03:10:51'),
(161,	56,	1,	22,	'2020-09-10 03:10:51'),
(162,	57,	4,	22,	'2020-09-10 03:10:55'),
(163,	58,	3,	22,	'2020-09-10 03:12:04'),
(164,	58,	1,	22,	'2020-09-10 03:12:04'),
(165,	59,	6,	22,	'2020-09-10 03:12:23'),
(166,	59,	1,	22,	'2020-09-10 03:12:23'),
(167,	60,	3,	22,	'2020-09-10 03:12:30'),
(168,	60,	6,	22,	'2020-09-10 03:12:30'),
(169,	61,	3,	22,	'2020-09-10 03:12:43'),
(170,	62,	3,	22,	'2020-09-10 03:12:48'),
(171,	63,	4,	22,	'2020-09-10 03:14:16'),
(172,	63,	3,	22,	'2020-09-10 03:14:16'),
(173,	64,	6,	22,	'2020-09-10 03:14:34'),
(174,	65,	3,	22,	'2020-09-10 03:14:47'),
(175,	65,	1,	22,	'2020-09-10 03:14:47'),
(176,	66,	6,	22,	'2020-09-10 03:15:11'),
(177,	66,	7,	22,	'2020-09-10 03:15:11'),
(178,	67,	4,	22,	'2020-09-10 03:15:42'),
(179,	68,	3,	22,	'2020-09-10 03:15:48'),
(180,	69,	6,	22,	'2020-09-10 03:16:04'),
(181,	69,	3,	22,	'2020-09-10 03:16:04'),
(182,	70,	3,	22,	'2020-09-10 03:16:15'),
(183,	70,	4,	22,	'2020-09-10 03:16:15'),
(184,	71,	3,	22,	'2020-09-10 03:16:23'),
(185,	71,	1,	22,	'2020-09-10 03:16:23'),
(186,	72,	3,	22,	'2020-09-10 03:16:36'),
(187,	73,	3,	22,	'2020-09-10 03:16:44'),
(188,	73,	4,	22,	'2020-09-10 03:16:44'),
(189,	73,	6,	22,	'2020-09-10 03:16:44'),
(190,	74,	3,	22,	'2020-09-10 03:17:06'),
(191,	75,	6,	22,	'2020-09-10 03:17:14'),
(198,	80,	3,	22,	'2020-09-12 21:01:33'),
(199,	82,	1,	22,	'2020-09-12 21:02:03'),
(200,	82,	6,	22,	'2020-09-12 21:02:03'),
(201,	83,	3,	22,	'2020-09-12 21:02:25'),
(202,	83,	1,	22,	'2020-09-12 21:02:25'),
(203,	84,	3,	22,	'2020-09-12 21:02:30'),
(204,	86,	1,	22,	'2020-09-12 21:03:43'),
(205,	86,	6,	22,	'2020-09-12 21:03:43'),
(206,	86,	5,	22,	'2020-09-12 21:03:43'),
(207,	87,	3,	22,	'2020-09-12 21:03:48'),
(208,	87,	1,	22,	'2020-09-12 21:03:48'),
(209,	88,	1,	22,	'2020-09-12 21:04:02'),
(210,	90,	1,	22,	'2020-09-12 21:04:46'),
(211,	90,	6,	22,	'2020-09-12 21:04:46'),
(212,	91,	4,	22,	'2020-09-12 21:05:05'),
(213,	93,	3,	22,	'2020-09-12 21:07:04'),
(223,	101,	3,	22,	'2020-09-25 15:49:57'),
(227,	100,	2,	22,	'2020-09-25 20:04:33'),
(258,	112,	2,	22,	'2020-11-13 23:10:25'),
(368,	168,	1,	22,	'2021-01-04 12:18:34'),
(369,	171,	6,	22,	'2021-01-04 16:58:22'),
(370,	171,	5,	22,	'2021-01-04 16:58:22'),
(371,	169,	1,	22,	'2021-01-04 16:58:27'),
(374,	170,	2,	22,	'2021-01-04 17:00:14'),
(375,	170,	3,	22,	'2021-01-04 17:00:14'),
(376,	172,	7,	22,	'2021-01-04 17:00:22'),
(377,	173,	5,	22,	'2021-01-04 17:00:31'),
(380,	174,	5,	22,	'2021-01-04 17:00:43'),
(381,	174,	6,	22,	'2021-01-04 17:00:43'),
(382,	175,	3,	22,	'2021-01-04 17:01:01'),
(383,	175,	2,	22,	'2021-01-04 17:01:01'),
(384,	176,	3,	22,	'2021-01-04 17:01:06'),
(385,	176,	6,	22,	'2021-01-04 17:01:06'),
(386,	177,	3,	22,	'2021-01-04 17:01:15'),
(387,	177,	6,	22,	'2021-01-04 17:01:15'),
(388,	178,	6,	22,	'2021-01-04 17:01:21'),
(389,	178,	7,	22,	'2021-01-04 17:01:21'),
(390,	179,	2,	22,	'2021-01-04 17:01:26'),
(391,	180,	2,	22,	'2021-01-04 17:01:37'),
(392,	180,	6,	22,	'2021-01-04 17:01:37'),
(393,	181,	3,	22,	'2021-01-04 17:01:54'),
(394,	181,	6,	22,	'2021-01-04 17:01:54'),
(395,	182,	3,	22,	'2021-01-04 17:02:36'),
(398,	185,	6,	22,	'2021-01-06 10:09:06'),
(399,	185,	7,	22,	'2021-01-06 10:09:06'),
(400,	186,	1,	22,	'2021-01-06 13:50:56'),
(401,	187,	6,	22,	'2021-01-06 13:51:03'),
(402,	187,	4,	22,	'2021-01-06 13:51:03'),
(403,	188,	4,	22,	'2021-01-06 13:51:09'),
(404,	189,	5,	22,	'2021-01-06 13:51:15'),
(405,	190,	5,	22,	'2021-01-06 13:51:28'),
(406,	190,	7,	22,	'2021-01-06 13:51:28'),
(409,	192,	6,	22,	'2021-01-08 11:28:11'),
(410,	192,	2,	22,	'2021-01-08 11:28:11'),
(411,	193,	6,	22,	'2021-01-08 11:30:21'),
(412,	194,	6,	22,	'2021-01-08 11:30:58'),
(413,	194,	7,	22,	'2021-01-08 11:30:58'),
(414,	195,	5,	22,	'2021-01-08 11:31:04'),
(415,	195,	1,	22,	'2021-01-08 11:31:04'),
(416,	196,	3,	22,	'2021-01-08 11:35:07'),
(417,	197,	2,	22,	'2021-01-08 11:35:12'),
(418,	198,	5,	22,	'2021-01-08 11:35:26'),
(419,	199,	3,	22,	'2021-01-08 11:35:32'),
(420,	199,	6,	22,	'2021-01-08 11:35:32'),
(421,	200,	3,	22,	'2021-01-08 11:36:05'),
(422,	200,	6,	22,	'2021-01-08 11:36:05'),
(423,	201,	3,	22,	'2021-01-08 11:36:13'),
(424,	201,	2,	22,	'2021-01-08 11:36:13'),
(425,	201,	1,	22,	'2021-01-08 11:36:13'),
(426,	202,	3,	22,	'2021-01-08 11:36:20'),
(427,	202,	6,	22,	'2021-01-08 11:36:20'),
(428,	202,	7,	22,	'2021-01-08 11:36:20'),
(429,	203,	7,	22,	'2021-01-08 11:36:32'),
(430,	203,	5,	22,	'2021-01-08 11:36:32'),
(431,	204,	2,	22,	'2021-01-08 11:38:47'),
(432,	204,	6,	22,	'2021-01-08 11:38:47'),
(433,	205,	5,	22,	'2021-01-08 11:38:54'),
(434,	205,	7,	22,	'2021-01-08 11:38:54'),
(435,	206,	7,	22,	'2021-01-08 11:39:00'),
(436,	206,	6,	22,	'2021-01-08 11:39:00'),
(437,	207,	6,	22,	'2021-01-08 11:39:08'),
(438,	207,	7,	22,	'2021-01-08 11:39:08'),
(439,	208,	2,	22,	'2021-01-08 11:39:14'),
(440,	208,	1,	22,	'2021-01-08 11:39:14'),
(449,	215,	6,	22,	'2021-01-11 15:02:53'),
(450,	215,	1,	22,	'2021-01-11 15:02:53'),
(464,	225,	4,	22,	'2021-01-13 18:19:41'),
(465,	226,	5,	22,	'2021-01-13 18:19:47'),
(466,	226,	7,	22,	'2021-01-13 18:19:47'),
(467,	227,	3,	22,	'2021-01-13 18:21:07'),
(468,	227,	5,	22,	'2021-01-13 18:21:07'),
(469,	228,	3,	22,	'2021-01-13 18:21:13'),
(470,	228,	1,	22,	'2021-01-13 18:21:13'),
(471,	229,	3,	22,	'2021-01-13 18:21:18'),
(472,	229,	6,	22,	'2021-01-13 18:21:18'),
(473,	230,	3,	22,	'2021-01-13 18:21:24'),
(474,	230,	5,	22,	'2021-01-13 18:21:24'),
(475,	231,	3,	22,	'2021-01-13 18:21:30'),
(476,	231,	6,	22,	'2021-01-13 18:21:30'),
(477,	231,	2,	22,	'2021-01-13 18:21:30'),
(478,	231,	1,	22,	'2021-01-13 18:21:30'),
(479,	231,	7,	22,	'2021-01-13 18:21:30'),
(480,	232,	3,	22,	'2021-01-13 18:21:36'),
(481,	232,	1,	22,	'2021-01-13 18:21:36'),
(482,	232,	6,	22,	'2021-01-13 18:21:36'),
(483,	233,	3,	22,	'2021-01-13 18:21:42'),
(484,	233,	5,	22,	'2021-01-13 18:21:42'),
(485,	234,	3,	22,	'2021-01-13 18:22:15'),
(486,	234,	6,	22,	'2021-01-13 18:22:15'),
(487,	235,	2,	22,	'2021-01-13 18:22:42'),
(488,	235,	6,	22,	'2021-01-13 18:22:42'),
(489,	236,	1,	22,	'2021-01-13 18:23:01'),
(490,	236,	5,	22,	'2021-01-13 18:23:01'),
(491,	236,	7,	22,	'2021-01-13 18:23:01'),
(492,	237,	2,	22,	'2021-01-13 18:23:09'),
(493,	237,	6,	22,	'2021-01-13 18:23:09'),
(494,	237,	7,	22,	'2021-01-13 18:23:09'),
(495,	238,	4,	22,	'2021-01-13 18:25:26'),
(496,	239,	7,	22,	'2021-01-13 18:25:32'),
(497,	240,	3,	22,	'2021-01-13 18:25:37'),
(498,	241,	3,	22,	'2021-01-13 18:26:13'),
(499,	242,	5,	22,	'2021-01-13 18:26:19'),
(500,	243,	2,	22,	'2021-01-13 18:26:27'),
(501,	243,	5,	22,	'2021-01-13 18:26:27'),
(502,	244,	5,	22,	'2021-01-13 18:26:36'),
(503,	244,	6,	22,	'2021-01-13 18:26:36'),
(504,	244,	7,	22,	'2021-01-13 18:26:36'),
(505,	245,	4,	22,	'2021-01-13 18:26:49'),
(506,	246,	1,	22,	'2021-01-15 04:02:31'),
(507,	247,	1,	22,	'2021-01-15 04:02:40'),
(508,	247,	6,	22,	'2021-01-15 04:02:40'),
(509,	247,	5,	22,	'2021-01-15 04:02:40'),
(510,	248,	1,	22,	'2021-01-15 04:02:46'),
(511,	249,	1,	22,	'2021-01-15 04:02:52'),
(512,	249,	5,	22,	'2021-01-15 04:02:52'),
(569,	262,	1,	22,	'2021-01-22 13:12:18'),
(570,	262,	6,	22,	'2021-01-22 13:12:18'),
(571,	263,	1,	22,	'2021-01-22 13:12:25'),
(572,	263,	5,	22,	'2021-01-22 13:12:25'),
(573,	264,	3,	22,	'2021-01-22 13:12:33'),
(574,	265,	2,	22,	'2021-01-22 13:12:45'),
(575,	265,	5,	22,	'2021-01-22 13:12:45'),
(576,	266,	3,	22,	'2021-01-22 13:49:17'),
(577,	266,	6,	22,	'2021-01-22 13:49:17'),
(578,	268,	3,	22,	'2021-01-22 13:53:14'),
(579,	268,	2,	22,	'2021-01-22 13:53:14'),
(580,	268,	6,	22,	'2021-01-22 13:53:14'),
(581,	269,	5,	22,	'2021-01-22 13:53:23'),
(582,	269,	6,	22,	'2021-01-22 13:53:23'),
(583,	270,	1,	22,	'2021-01-22 13:53:53'),
(584,	270,	3,	22,	'2021-01-22 13:53:53'),
(585,	271,	6,	22,	'2021-01-22 13:54:09'),
(586,	272,	6,	22,	'2021-01-22 13:54:15'),
(587,	272,	5,	22,	'2021-01-22 13:54:15'),
(588,	272,	7,	22,	'2021-01-22 13:54:15'),
(589,	273,	5,	22,	'2021-01-22 13:55:54'),
(590,	273,	6,	22,	'2021-01-22 13:55:54'),
(591,	273,	7,	22,	'2021-01-22 13:55:54'),
(592,	274,	6,	22,	'2021-01-22 13:56:25'),
(593,	274,	5,	22,	'2021-01-22 13:56:25'),
(594,	275,	1,	22,	'2021-01-22 13:56:30'),
(595,	275,	3,	22,	'2021-01-22 13:56:30'),
(596,	276,	4,	22,	'2021-01-22 14:05:01'),
(597,	276,	1,	22,	'2021-01-22 14:05:01'),
(598,	276,	6,	22,	'2021-01-22 14:05:01'),
(599,	277,	1,	22,	'2021-01-22 14:05:08'),
(600,	277,	3,	22,	'2021-01-22 14:05:08'),
(601,	277,	5,	22,	'2021-01-22 14:05:08'),
(602,	278,	3,	22,	'2021-01-22 14:05:14'),
(603,	278,	5,	22,	'2021-01-22 14:05:14'),
(604,	279,	3,	22,	'2021-01-22 14:05:21'),
(605,	279,	6,	22,	'2021-01-22 14:05:21'),
(606,	279,	5,	22,	'2021-01-22 14:05:21'),
(607,	279,	2,	22,	'2021-01-22 14:05:21'),
(608,	279,	7,	22,	'2021-01-22 14:05:21'),
(609,	280,	1,	22,	'2021-01-22 14:08:24'),
(610,	280,	3,	22,	'2021-01-22 14:08:24'),
(611,	281,	4,	22,	'2021-01-22 14:08:31'),
(612,	282,	4,	22,	'2021-01-22 14:10:58'),
(613,	282,	1,	22,	'2021-01-22 14:10:58'),
(614,	283,	3,	22,	'2021-01-22 14:11:05'),
(615,	283,	1,	22,	'2021-01-22 14:11:05'),
(616,	283,	6,	22,	'2021-01-22 14:11:05'),
(617,	283,	5,	22,	'2021-01-22 14:11:05'),
(618,	283,	7,	22,	'2021-01-22 14:11:05'),
(619,	284,	3,	22,	'2021-01-22 14:11:11'),
(620,	284,	1,	22,	'2021-01-22 14:11:11'),
(641,	288,	1,	22,	'2021-01-29 12:34:25'),
(642,	288,	6,	22,	'2021-01-29 12:34:25'),
(643,	288,	5,	22,	'2021-01-29 12:34:25'),
(644,	289,	3,	22,	'2021-01-29 12:34:32'),
(645,	289,	6,	22,	'2021-01-29 12:34:32'),
(646,	290,	3,	22,	'2021-01-29 12:35:52'),
(647,	290,	5,	22,	'2021-01-29 12:35:52'),
(648,	290,	6,	22,	'2021-01-29 12:35:52'),
(649,	291,	6,	22,	'2021-01-29 12:36:05'),
(650,	291,	1,	22,	'2021-01-29 12:36:05'),
(651,	291,	5,	22,	'2021-01-29 12:36:05'),
(652,	292,	2,	22,	'2021-01-29 12:36:16'),
(653,	292,	7,	22,	'2021-01-29 12:36:16'),
(654,	293,	3,	22,	'2021-01-29 12:38:37'),
(655,	293,	6,	22,	'2021-01-29 12:38:37'),
(656,	294,	2,	22,	'2021-01-29 12:38:44'),
(657,	294,	5,	22,	'2021-01-29 12:38:44'),
(658,	294,	7,	22,	'2021-01-29 12:38:44'),
(659,	295,	1,	22,	'2021-01-29 12:45:34'),
(660,	295,	6,	22,	'2021-01-29 12:45:34'),
(661,	296,	6,	22,	'2021-01-29 12:46:02'),
(662,	296,	5,	22,	'2021-01-29 12:46:02'),
(663,	296,	3,	22,	'2021-01-29 12:46:02'),
(664,	297,	3,	22,	'2021-01-29 12:46:48'),
(665,	297,	6,	22,	'2021-01-29 12:46:48'),
(666,	298,	3,	22,	'2021-01-29 12:46:56'),
(667,	298,	4,	22,	'2021-01-29 12:46:56'),
(668,	299,	3,	22,	'2021-01-29 12:47:10'),
(669,	300,	3,	22,	'2021-01-29 12:48:29'),
(670,	300,	6,	22,	'2021-01-29 12:48:29'),
(671,	301,	3,	22,	'2021-01-29 12:48:34'),
(672,	302,	3,	22,	'2021-01-29 12:50:21'),
(673,	302,	6,	22,	'2021-01-29 12:50:21'),
(674,	303,	2,	22,	'2021-01-29 12:50:28'),
(675,	303,	3,	22,	'2021-01-29 12:50:28'),
(676,	303,	6,	22,	'2021-01-29 12:50:28'),
(677,	303,	7,	22,	'2021-01-29 12:50:28'),
(678,	304,	3,	22,	'2021-01-29 12:50:36'),
(679,	304,	2,	22,	'2021-01-29 12:50:36'),
(680,	305,	2,	22,	'2021-01-29 12:51:56'),
(681,	305,	6,	22,	'2021-01-29 12:51:56'),
(682,	306,	6,	22,	'2021-01-29 12:52:03'),
(760,	333,	1,	22,	'2021-02-02 13:13:20'),
(761,	333,	2,	22,	'2021-02-02 13:13:20'),
(762,	333,	3,	22,	'2021-02-02 13:13:20'),
(763,	333,	6,	22,	'2021-02-02 13:13:20'),
(764,	334,	2,	22,	'2021-02-02 13:14:01'),
(765,	334,	3,	22,	'2021-02-02 13:14:01'),
(766,	334,	1,	22,	'2021-02-02 13:14:01'),
(767,	334,	5,	22,	'2021-02-02 13:14:01'),
(768,	334,	6,	22,	'2021-02-02 13:14:01'),
(769,	334,	7,	22,	'2021-02-02 13:14:01'),
(802,	341,	1,	22,	'2021-02-02 13:21:13'),
(803,	341,	2,	22,	'2021-02-02 13:21:13'),
(804,	341,	6,	22,	'2021-02-02 13:21:13'),
(910,	371,	2,	22,	'2021-02-05 10:28:08'),
(911,	371,	5,	22,	'2021-02-05 10:28:08'),
(919,	364,	1,	22,	'2021-02-05 10:30:56'),
(920,	374,	2,	22,	'2021-02-05 10:31:05'),
(921,	374,	3,	22,	'2021-02-05 10:31:05'),
(939,	381,	4,	22,	'2021-02-05 11:07:38'),
(940,	381,	3,	22,	'2021-02-05 11:07:38'),
(941,	382,	2,	22,	'2021-02-05 11:08:06'),
(946,	384,	2,	22,	'2021-02-05 11:13:03'),
(971,	387,	2,	22,	'2021-02-05 11:17:19'),
(978,	390,	1,	34,	'2021-02-10 07:35:48'),
(979,	391,	2,	22,	'2021-02-10 11:49:50'),
(980,	391,	3,	22,	'2021-02-10 11:49:50'),
(981,	392,	1,	44,	'2021-02-12 11:19:01'),
(985,	394,	1,	34,	'2021-02-12 11:57:17'),
(986,	395,	1,	34,	'2021-02-12 11:57:38'),
(987,	395,	2,	34,	'2021-02-12 11:57:38'),
(988,	395,	3,	34,	'2021-02-12 11:57:38'),
(989,	395,	4,	34,	'2021-02-12 11:57:38'),
(990,	395,	5,	34,	'2021-02-12 11:57:38'),
(991,	395,	6,	34,	'2021-02-12 11:57:38'),
(992,	395,	7,	34,	'2021-02-12 11:57:38'),
(993,	393,	1,	34,	'2021-02-12 12:25:11'),
(994,	396,	3,	45,	'2021-02-16 06:38:14'),
(996,	397,	2,	22,	'2021-02-16 08:17:09'),
(998,	398,	5,	45,	'2021-02-16 09:55:01'),
(999,	398,	3,	45,	'2021-02-16 09:55:01'),
(1000,	399,	1,	34,	'2021-02-16 12:46:57'),
(1002,	400,	1,	34,	'2021-02-16 12:52:52'),
(1003,	401,	1,	48,	'2021-02-16 13:05:48'),
(1004,	402,	5,	22,	'2021-02-16 15:49:39'),
(1005,	403,	2,	22,	'2021-02-16 15:49:55'),
(1006,	404,	6,	22,	'2021-02-16 16:33:15'),
(1007,	404,	3,	22,	'2021-02-16 16:33:15'),
(1008,	404,	2,	22,	'2021-02-16 16:33:15'),
(1009,	405,	3,	22,	'2021-02-16 16:35:03'),
(1010,	405,	6,	22,	'2021-02-16 16:35:03'),
(1011,	405,	2,	22,	'2021-02-16 16:35:03'),
(1012,	406,	3,	22,	'2021-02-16 16:37:20'),
(1013,	406,	6,	22,	'2021-02-16 16:37:20'),
(1014,	406,	7,	22,	'2021-02-16 16:37:20'),
(1015,	407,	6,	22,	'2021-02-16 16:37:28'),
(1016,	407,	3,	22,	'2021-02-16 16:37:28'),
(1017,	408,	1,	22,	'2021-02-16 16:37:41'),
(1018,	408,	6,	22,	'2021-02-16 16:37:41'),
(1019,	408,	5,	22,	'2021-02-16 16:37:41'),
(1020,	409,	3,	22,	'2021-02-16 16:37:49'),
(1021,	409,	6,	22,	'2021-02-16 16:37:49'),
(1022,	409,	7,	22,	'2021-02-16 16:37:49'),
(1023,	411,	3,	22,	'2021-02-16 16:39:00'),
(1024,	412,	6,	22,	'2021-02-16 16:39:48'),
(1025,	412,	2,	22,	'2021-02-16 16:39:48'),
(1026,	412,	5,	22,	'2021-02-16 16:39:48'),
(1027,	412,	1,	22,	'2021-02-16 16:39:48'),
(1028,	413,	3,	22,	'2021-02-17 02:04:28'),
(1029,	413,	6,	22,	'2021-02-17 02:04:28'),
(1030,	414,	2,	22,	'2021-02-17 02:04:37'),
(1031,	414,	6,	22,	'2021-02-17 02:04:37'),
(1032,	415,	3,	22,	'2021-02-17 02:04:47'),
(1033,	416,	2,	22,	'2021-02-17 02:04:56'),
(1034,	416,	1,	22,	'2021-02-17 02:04:56'),
(1035,	416,	5,	22,	'2021-02-17 02:04:56'),
(1036,	417,	3,	22,	'2021-02-17 02:05:03'),
(1037,	417,	7,	22,	'2021-02-17 02:05:03'),
(1038,	417,	5,	22,	'2021-02-17 02:05:03'),
(1039,	418,	3,	22,	'2021-02-17 02:05:10'),
(1040,	418,	6,	22,	'2021-02-17 02:05:10'),
(1041,	419,	6,	22,	'2021-02-17 02:07:26'),
(1042,	419,	5,	22,	'2021-02-17 02:07:26'),
(1043,	419,	7,	22,	'2021-02-17 02:07:26'),
(1046,	421,	7,	22,	'2021-02-17 02:09:00'),
(1047,	422,	7,	22,	'2021-02-17 02:30:57'),
(1048,	422,	6,	22,	'2021-02-17 02:30:57'),
(1049,	423,	3,	22,	'2021-02-17 02:31:58'),
(1050,	424,	6,	22,	'2021-02-17 02:32:04'),
(1051,	425,	2,	22,	'2021-02-17 02:34:33'),
(1052,	425,	1,	22,	'2021-02-17 02:34:33'),
(1053,	426,	5,	22,	'2021-02-17 02:35:24'),
(1054,	426,	7,	22,	'2021-02-17 02:35:24'),
(1055,	427,	3,	22,	'2021-02-17 02:36:05'),
(1056,	427,	6,	22,	'2021-02-17 02:36:05'),
(1057,	428,	2,	22,	'2021-02-17 02:36:51'),
(1058,	428,	5,	22,	'2021-02-17 02:36:51'),
(1059,	429,	3,	22,	'2021-02-17 02:37:11'),
(1060,	429,	6,	22,	'2021-02-17 02:37:11'),
(1065,	430,	6,	45,	'2021-02-17 07:40:39'),
(1066,	432,	2,	45,	'2021-02-17 07:46:20'),
(1068,	434,	2,	33,	'2021-02-17 08:18:26'),
(1069,	434,	5,	33,	'2021-02-17 08:18:26'),
(1070,	434,	6,	33,	'2021-02-17 08:18:26'),
(1071,	435,	1,	34,	'2021-02-17 13:13:23'),
(1072,	435,	2,	34,	'2021-02-17 13:13:23'),
(1073,	435,	4,	34,	'2021-02-17 13:13:23'),
(1074,	435,	5,	34,	'2021-02-17 13:13:23'),
(1075,	435,	3,	34,	'2021-02-17 13:13:23'),
(1076,	435,	6,	34,	'2021-02-17 13:13:23'),
(1077,	435,	7,	34,	'2021-02-17 13:13:23'),
(1078,	433,	6,	45,	'2021-02-17 13:13:52'),
(1079,	433,	4,	45,	'2021-02-17 13:13:52'),
(1080,	436,	3,	22,	'2021-02-17 14:45:13'),
(1081,	436,	6,	22,	'2021-02-17 14:45:13'),
(1082,	437,	2,	22,	'2021-02-17 14:45:19'),
(1083,	437,	5,	22,	'2021-02-17 14:45:19'),
(1084,	438,	2,	22,	'2021-02-17 14:45:32'),
(1085,	438,	5,	22,	'2021-02-17 14:45:32'),
(1086,	439,	4,	22,	'2021-02-17 14:45:40'),
(1087,	439,	6,	22,	'2021-02-17 14:45:40'),
(1088,	440,	2,	22,	'2021-02-17 14:45:48'),
(1089,	440,	7,	22,	'2021-02-17 14:45:48'),
(1090,	441,	1,	22,	'2021-02-17 22:09:07'),
(1091,	441,	6,	22,	'2021-02-17 22:09:07'),
(1092,	442,	3,	22,	'2021-02-17 22:09:18'),
(1093,	442,	4,	22,	'2021-02-17 22:09:18'),
(1094,	443,	1,	34,	'2021-02-18 09:34:21'),
(1098,	444,	2,	34,	'2021-02-18 10:11:37'),
(1100,	445,	6,	45,	'2021-02-19 05:57:12'),
(1102,	446,	7,	45,	'2021-02-19 06:06:58'),
(1103,	446,	4,	45,	'2021-02-19 06:06:58'),
(1104,	446,	1,	45,	'2021-02-19 06:06:58'),
(1106,	447,	1,	34,	'2021-02-19 12:20:41'),
(1107,	448,	1,	33,	'2021-02-19 12:27:37'),
(1108,	448,	6,	33,	'2021-02-19 12:27:37'),
(1109,	449,	2,	22,	'2021-02-19 12:30:44'),
(1110,	449,	3,	22,	'2021-02-19 12:30:44'),
(1111,	449,	6,	22,	'2021-02-19 12:30:44'),
(1112,	450,	3,	22,	'2021-02-19 13:37:28'),
(1113,	451,	2,	22,	'2021-02-19 13:37:34'),
(1114,	452,	2,	22,	'2021-02-19 13:37:41'),
(1115,	452,	1,	22,	'2021-02-19 13:37:41'),
(1116,	453,	3,	22,	'2021-02-19 13:39:12'),
(1117,	420,	2,	22,	'2021-02-19 13:40:18'),
(1118,	420,	5,	22,	'2021-02-19 13:40:18'),
(1119,	454,	3,	22,	'2021-02-19 13:40:50'),
(1120,	455,	2,	22,	'2021-02-22 12:18:30'),
(1121,	456,	1,	22,	'2021-03-01 14:06:40'),
(1122,	456,	5,	22,	'2021-03-01 14:06:40'),
(1123,	457,	2,	22,	'2021-03-01 14:08:10'),
(1124,	457,	6,	22,	'2021-03-01 14:08:10'),
(1125,	457,	7,	22,	'2021-03-01 14:08:10'),
(1126,	458,	1,	22,	'2021-03-01 16:39:22'),
(1127,	458,	2,	22,	'2021-03-01 16:39:22'),
(1128,	458,	6,	22,	'2021-03-01 16:39:22'),
(1131,	460,	2,	22,	'2021-03-01 16:40:00'),
(1132,	460,	5,	22,	'2021-03-01 16:40:00'),
(1135,	459,	3,	22,	'2021-03-01 16:40:26'),
(1136,	459,	6,	22,	'2021-03-01 16:40:26');

DROP TABLE IF EXISTS `user_food`;
CREATE TABLE `user_food` (
  `userFoodId` int(11) NOT NULL AUTO_INCREMENT,
  `food_time` varchar(100) DEFAULT '',
  `food_date` varchar(50) DEFAULT '',
  `food_frontend` longtext,
  `userId` int(11) DEFAULT NULL,
  `food_created_at` timestamp NULL DEFAULT CURRENT_TIMESTAMP,
  `user_startDate` datetime DEFAULT NULL,
  `user_endDate` datetime DEFAULT NULL,
  PRIMARY KEY (`userFoodId`),
  KEY `userId` (`userId`),
  CONSTRAINT `user_food_ibfk_1` FOREIGN KEY (`userId`) REFERENCES `user` (`userId`)
) ENGINE=InnoDB DEFAULT CHARSET=latin1;

INSERT INTO `user_food` (`userFoodId`, `food_time`, `food_date`, `food_frontend`, `userId`, `food_created_at`, `user_startDate`, `user_endDate`) VALUES
(32,	'12pm - 4pm',	'2020-08-26',	'[{\"foodCategoryId\":3,\"foodId\":205},{\"foodCategoryId\":3,\"foodId\":207},{\"foodCategoryId\":3,\"foodId\":224},{\"foodCategoryId\":4,\"foodId\":323},{\"foodCategoryId\":4,\"foodId\":325}]',	22,	'2020-08-26 13:15:03',	'2020-08-26 12:00:00',	'2020-08-26 16:00:00'),
(43,	'12pm - 4pm',	'2020-09-06',	'[{\"foodCategoryId\":4,\"foodId\":322},{\"foodCategoryId\":4,\"foodId\":324},{\"foodCategoryId\":6,\"foodId\":419},{\"foodCategoryId\":6,\"foodId\":423}]',	22,	'2020-09-07 01:09:56',	'2020-09-06 12:00:00',	'2020-09-06 16:00:00'),
(44,	'12am - 4am',	'2020-09-06',	'[{\"foodCategoryId\":1,\"foodId\":4},{\"foodCategoryId\":1,\"foodId\":7},{\"foodCategoryId\":1,\"foodId\":70},{\"foodCategoryId\":2,\"foodId\":74},{\"foodCategoryId\":2,\"foodId\":77},{\"foodCategoryId\":6,\"foodId\":373},{\"foodCategoryId\":6,\"foodId\":377}]',	22,	'2020-09-07 01:10:22',	'2020-09-06 00:00:00',	'2020-09-06 04:00:00'),
(65,	'4am - 8am',	'2020-08-01',	'[{\"foodCategoryId\":1,\"foodId\":4},{\"foodCategoryId\":1,\"foodId\":17},{\"foodCategoryId\":8,\"foodId\":429}]',	22,	'2020-09-16 02:27:39',	'2020-08-01 04:00:00',	'2020-08-01 08:00:00'),
(66,	'4pm - 8pm',	'2020-08-01',	'[{\"foodCategoryId\":3,\"foodId\":205},{\"foodCategoryId\":3,\"foodId\":208},{\"foodCategoryId\":6,\"foodId\":403},{\"foodCategoryId\":7,\"foodId\":533}]',	22,	'2020-09-16 02:28:28',	'2020-08-01 16:00:00',	'2020-08-01 20:00:00'),
(67,	'4am - 8am',	'2020-08-02',	'[{\"foodCategoryId\":2,\"foodId\":98},{\"foodCategoryId\":2,\"foodId\":110},{\"foodCategoryId\":4,\"foodId\":329},{\"foodCategoryId\":5,\"foodId\":355}]',	22,	'2020-09-16 02:31:04',	'2020-08-02 04:00:00',	'2020-08-02 08:00:00'),
(68,	'12pm - 4pm',	'2020-08-02',	'[{\"foodCategoryId\":3,\"foodId\":203},{\"foodCategoryId\":3,\"foodId\":275},{\"foodCategoryId\":4,\"foodId\":346}]',	22,	'2020-09-16 02:31:31',	'2020-08-02 12:00:00',	'2020-08-02 16:00:00'),
(69,	'8pm - 12am',	'2020-08-03',	'[{\"foodCategoryId\":4,\"foodId\":323},{\"foodCategoryId\":6,\"foodId\":408},{\"foodCategoryId\":8,\"foodId\":454}]',	22,	'2020-09-16 02:32:08',	'2020-08-03 20:00:00',	'2020-08-03 00:00:00'),
(70,	'8am - 12pm',	'2020-08-03',	'[{\"foodCategoryId\":1,\"foodId\":58},{\"foodCategoryId\":6,\"foodId\":373},{\"foodCategoryId\":7,\"foodId\":568}]',	22,	'2020-09-16 02:32:36',	'2020-08-03 08:00:00',	'2020-08-03 12:00:00'),
(71,	'4pm - 8pm',	'2020-08-03',	'[{\"foodCategoryId\":2,\"foodId\":180},{\"foodCategoryId\":4,\"foodId\":345}]',	22,	'2020-09-16 02:33:11',	'2020-08-03 16:00:00',	'2020-08-03 20:00:00'),
(72,	'8pm - 12am',	'2020-08-04',	'[{\"foodCategoryId\":1,\"foodId\":6},{\"foodCategoryId\":2,\"foodId\":139},{\"foodCategoryId\":2,\"foodId\":162},{\"foodCategoryId\":2,\"foodId\":163},{\"foodCategoryId\":2,\"foodId\":177},{\"foodCategoryId\":4,\"foodId\":347}]',	22,	'2020-09-16 02:34:11',	'2020-08-04 20:00:00',	'2020-08-04 00:00:00'),
(73,	'4am - 8am',	'2020-08-05',	'[{\"foodCategoryId\":2,\"foodId\":107},{\"foodCategoryId\":3,\"foodId\":290},{\"foodCategoryId\":3,\"foodId\":294},{\"foodCategoryId\":8,\"foodId\":511}]',	22,	'2020-09-16 02:34:59',	'2020-08-05 04:00:00',	'2020-08-05 08:00:00'),
(74,	'4pm - 8pm',	'2020-08-05',	'[{\"foodCategoryId\":5,\"foodId\":356},{\"foodCategoryId\":5,\"foodId\":367},{\"foodCategoryId\":6,\"foodId\":398}]',	22,	'2020-09-16 02:35:36',	'2020-08-05 16:00:00',	'2020-08-05 20:00:00'),
(75,	'4am - 8am',	'2020-08-05',	'[{\"foodCategoryId\":1,\"foodId\":68},{\"foodCategoryId\":1,\"foodId\":70},{\"foodCategoryId\":4,\"foodId\":321},{\"foodCategoryId\":8,\"foodId\":482}]',	22,	'2020-09-16 02:36:54',	'2020-08-05 04:00:00',	'2020-08-05 08:00:00'),
(76,	'12am - 4am',	'2020-08-06',	'[{\"foodCategoryId\":1,\"foodId\":5},{\"foodCategoryId\":2,\"foodId\":76},{\"foodCategoryId\":2,\"foodId\":101},{\"foodCategoryId\":4,\"foodId\":324}]',	22,	'2020-09-16 02:38:07',	'2020-08-06 00:00:00',	'2020-08-06 04:00:00'),
(77,	'8pm - 12am',	'2020-08-06',	'[{\"foodCategoryId\":1,\"foodId\":42},{\"foodCategoryId\":2,\"foodId\":122},{\"foodCategoryId\":2,\"foodId\":155},{\"foodCategoryId\":6,\"foodId\":371}]',	22,	'2020-09-16 02:38:31',	'2020-08-06 20:00:00',	'2020-08-06 00:00:00'),
(78,	'8pm - 12am',	'2020-08-07',	'[{\"foodCategoryId\":1,\"foodId\":38},{\"foodCategoryId\":1,\"foodId\":61},{\"foodCategoryId\":2,\"foodId\":76},{\"foodCategoryId\":2,\"foodId\":104},{\"foodCategoryId\":3,\"foodId\":201},{\"foodCategoryId\":4,\"foodId\":320}]',	22,	'2020-09-16 02:55:04',	'2020-08-07 20:00:00',	'2020-08-07 00:00:00'),
(79,	'4pm - 8pm',	'2020-08-07',	'[{\"foodCategoryId\":1,\"foodId\":13},{\"foodCategoryId\":2,\"foodId\":183},{\"foodCategoryId\":4,\"foodId\":323}]',	22,	'2020-09-16 02:55:24',	'2020-08-07 16:00:00',	'2020-08-07 20:00:00'),
(80,	'12pm - 4pm',	'2020-08-14',	'[{\"foodCategoryId\":1,\"foodId\":5},{\"foodCategoryId\":1,\"foodId\":15},{\"foodCategoryId\":6,\"foodId\":374},{\"foodCategoryId\":6,\"foodId\":388},{\"foodCategoryId\":8,\"foodId\":430}]',	22,	'2020-09-16 18:16:10',	'2020-08-14 12:00:00',	'2020-08-14 16:00:00'),
(83,	'12pm - 4pm',	'2020-08-31',	'[{\"foodCategoryId\":1,\"foodId\":3},{\"foodCategoryId\":4,\"foodId\":323},{\"foodCategoryId\":6,\"foodId\":420}]',	22,	'2020-09-19 01:34:30',	'2020-08-31 12:00:00',	'2020-08-31 16:00:00'),
(84,	'12am - 4am',	'2020-08-31',	'[{\"foodCategoryId\":1,\"foodId\":67},{\"foodCategoryId\":2,\"foodId\":77},{\"foodCategoryId\":3,\"foodId\":271},{\"foodCategoryId\":4,\"foodId\":347},{\"foodCategoryId\":5,\"foodId\":365},{\"foodCategoryId\":6,\"foodId\":422}]',	22,	'2020-09-19 01:35:21',	'2020-08-31 00:00:00',	'2020-08-31 04:00:00'),
(85,	'4pm - 8pm',	'2020-08-30',	'[{\"foodCategoryId\":1,\"foodId\":23},{\"foodCategoryId\":2,\"foodId\":105},{\"foodCategoryId\":2,\"foodId\":110},{\"foodCategoryId\":3,\"foodId\":206},{\"foodCategoryId\":5,\"foodId\":365},{\"foodCategoryId\":7,\"foodId\":546}]',	22,	'2020-09-19 01:35:57',	'2020-08-30 16:00:00',	'2020-08-30 20:00:00'),
(86,	'4am - 8am',	'2020-08-29',	'[{\"foodCategoryId\":2,\"foodId\":95},{\"foodCategoryId\":3,\"foodId\":225},{\"foodCategoryId\":4,\"foodId\":325},{\"foodCategoryId\":8,\"foodId\":429},{\"foodCategoryId\":8,\"foodId\":439}]',	22,	'2020-09-19 01:36:26',	'2020-08-29 04:00:00',	'2020-08-29 08:00:00'),
(87,	'4pm - 8pm',	'2020-08-28',	'[{\"foodCategoryId\":1,\"foodId\":29},{\"foodCategoryId\":2,\"foodId\":120},{\"foodCategoryId\":2,\"foodId\":137},{\"foodCategoryId\":6,\"foodId\":399}]',	22,	'2020-09-19 01:36:55',	'2020-08-28 16:00:00',	'2020-08-28 20:00:00'),
(88,	'12am - 4am',	'2020-08-28',	'[{\"foodCategoryId\":2,\"foodId\":99},{\"foodCategoryId\":3,\"foodId\":237},{\"foodCategoryId\":3,\"foodId\":240},{\"foodCategoryId\":4,\"foodId\":329},{\"foodCategoryId\":5,\"foodId\":358}]',	22,	'2020-09-19 01:37:22',	'2020-08-28 00:00:00',	'2020-08-28 04:00:00'),
(89,	'8pm - 12am',	'2020-08-27',	'[{\"foodCategoryId\":1,\"foodId\":6},{\"foodCategoryId\":1,\"foodId\":22},{\"foodCategoryId\":4,\"foodId\":324},{\"foodCategoryId\":5,\"foodId\":361}]',	22,	'2020-09-19 01:38:18',	'2020-08-27 20:00:00',	'2020-08-27 00:00:00'),
(90,	'8am - 12pm',	'2020-08-27',	'[{\"foodCategoryId\":1,\"foodId\":5},{\"foodCategoryId\":1,\"foodId\":24},{\"foodCategoryId\":2,\"foodId\":97},{\"foodCategoryId\":4,\"foodId\":321}]',	22,	'2020-09-19 01:39:22',	'2020-08-27 08:00:00',	'2020-08-27 12:00:00'),
(91,	'4pm - 8pm',	'2020-08-25',	'[{\"foodCategoryId\":2,\"foodId\":96},{\"foodCategoryId\":2,\"foodId\":101},{\"foodCategoryId\":3,\"foodId\":205},{\"foodCategoryId\":4,\"foodId\":322},{\"foodCategoryId\":8,\"foodId\":439},{\"foodCategoryId\":8,\"foodId\":441}]',	22,	'2020-09-19 01:40:03',	'2020-08-25 16:00:00',	'2020-08-25 20:00:00'),
(92,	'12pm - 4pm',	'2020-08-25',	'[{\"foodCategoryId\":1,\"foodId\":35},{\"foodCategoryId\":1,\"foodId\":37},{\"foodCategoryId\":4,\"foodId\":325},{\"foodCategoryId\":5,\"foodId\":369},{\"foodCategoryId\":6,\"foodId\":383}]',	22,	'2020-09-19 01:40:43',	'2020-08-25 12:00:00',	'2020-08-25 16:00:00'),
(97,	'12am - 4am',	'2020-08-24',	'[{\"foodCategoryId\":1,\"foodId\":5},{\"foodCategoryId\":4,\"foodId\":323}]',	22,	'2020-09-24 15:53:44',	'2020-08-24 00:00:00',	'2020-08-24 04:00:00'),
(101,	'12pm - 4pm',	'2020-09-25',	'[{\"foodCategoryId\":3,\"foodId\":203}]',	22,	'2020-09-25 20:07:04',	'2020-09-25 12:00:00',	'2020-09-25 16:00:00'),
(138,	'8am - 12pm',	'2020-08-13',	'[{\"foodCategoryId\":1,\"foodId\":3},{\"foodCategoryId\":1,\"foodId\":6},{\"foodCategoryId\":1,\"foodId\":24}]',	22,	'2020-12-10 06:07:10',	'2020-08-13 08:00:00',	'2020-08-13 12:00:00'),
(139,	'8am - 12pm',	'2020-08-14',	'[{\"foodCategoryId\":4,\"foodId\":324},{\"foodCategoryId\":8,\"foodId\":460}]',	22,	'2020-12-10 14:10:54',	'2020-08-14 08:00:00',	'2020-08-14 12:00:00'),
(140,	'8pm - 12am',	'2020-08-13',	'[{\"foodCategoryId\":3,\"foodId\":235},{\"foodCategoryId\":4,\"foodId\":346},{\"foodCategoryId\":6,\"foodId\":374},{\"foodCategoryId\":8,\"foodId\":431}]',	22,	'2020-12-10 14:12:27',	'2020-08-13 20:00:00',	'2020-08-13 00:00:00'),
(141,	'4pm - 8pm',	'2020-08-13',	'[{\"foodCategoryId\":5,\"foodId\":355}]',	22,	'2020-12-10 14:12:38',	'2020-08-13 16:00:00',	'2020-08-13 20:00:00'),
(151,	'12pm - 4pm',	'2020-08-15',	'[{\"foodCategoryId\":5,\"foodId\":353},{\"foodCategoryId\":5,\"foodId\":354},{\"foodCategoryId\":5,\"foodId\":356},{\"foodCategoryId\":5,\"foodId\":357},{\"foodCategoryId\":5,\"foodId\":358}]',	22,	'2020-12-18 15:15:00',	'2020-08-15 12:00:00',	'2020-08-15 16:00:00'),
(152,	'8pm - 12am',	'2020-08-17',	'[{\"foodCategoryId\":5,\"foodId\":356},{\"foodCategoryId\":5,\"foodId\":358},{\"foodCategoryId\":5,\"foodId\":366},{\"foodCategoryId\":5,\"foodId\":367}]',	22,	'2020-12-18 15:15:18',	'2020-08-17 20:00:00',	'2020-08-17 00:00:00'),
(153,	'8pm - 12am',	'2020-08-14',	'[{\"foodCategoryId\":4,\"foodId\":324},{\"foodCategoryId\":4,\"foodId\":325}]',	22,	'2020-12-21 02:11:39',	'2020-08-14 20:00:00',	'2020-08-14 00:00:00'),
(158,	'4am - 8am',	'2020-12-31',	'[{\"foodCategoryId\":5,\"foodId\":353},{\"foodCategoryId\":5,\"foodId\":356},{\"foodCategoryId\":5,\"foodId\":357}]',	22,	'2020-12-31 12:04:21',	'2020-12-31 04:00:00',	'2020-12-31 08:00:00'),
(159,	'4am - 8am',	'2020-12-31',	'[{\"foodCategoryId\":1,\"foodId\":2},{\"foodCategoryId\":1,\"foodId\":3},{\"foodCategoryId\":1,\"foodId\":5}]',	22,	'2020-12-31 12:15:15',	'2020-12-31 04:00:00',	'2020-12-31 08:00:00'),
(161,	'4pm - 8pm',	'2021-01-04',	'[{\"foodCategoryId\":3,\"foodId\":203},{\"foodCategoryId\":3,\"foodId\":205}]',	22,	'2021-01-04 12:19:00',	'2021-01-04 16:00:00',	'2021-01-04 20:00:00'),
(162,	'4pm - 8pm',	'2021-01-04',	'[{\"foodCategoryId\":4,\"foodId\":324},{\"foodCategoryId\":5,\"foodId\":353},{\"foodCategoryId\":5,\"foodId\":355},{\"foodCategoryId\":6,\"foodId\":374},{\"foodCategoryId\":6,\"foodId\":376}]',	22,	'2021-01-04 17:14:02',	'2021-01-04 16:00:00',	'2021-01-04 20:00:00'),
(163,	'4pm - 8pm',	'2021-01-04',	'[{\"foodCategoryId\":2,\"foodId\":180},{\"foodCategoryId\":2,\"foodId\":182},{\"foodCategoryId\":6,\"foodId\":413},{\"foodCategoryId\":6,\"foodId\":414},{\"foodCategoryId\":7,\"foodId\":535},{\"foodCategoryId\":8,\"foodId\":433}]',	22,	'2021-01-04 17:17:32',	'2021-01-04 16:00:00',	'2021-01-04 20:00:00'),
(164,	'4pm - 8pm',	'2021-01-03',	'[{\"foodCategoryId\":1,\"foodId\":4},{\"foodCategoryId\":1,\"foodId\":7},{\"foodCategoryId\":1,\"foodId\":56},{\"foodCategoryId\":1,\"foodId\":67},{\"foodCategoryId\":1,\"foodId\":68},{\"foodCategoryId\":2,\"foodId\":128},{\"foodCategoryId\":2,\"foodId\":129},{\"foodCategoryId\":3,\"foodId\":208},{\"foodCategoryId\":3,\"foodId\":268},{\"foodCategoryId\":3,\"foodId\":270},{\"foodCategoryId\":4,\"foodId\":322},{\"foodCategoryId\":6,\"foodId\":422}]',	22,	'2021-01-04 17:21:02',	'2021-01-03 16:00:00',	'2021-01-03 20:00:00'),
(165,	'12pm - 4pm',	'2021-01-03',	'[{\"foodCategoryId\":1,\"foodId\":27},{\"foodCategoryId\":1,\"foodId\":29},{\"foodCategoryId\":3,\"foodId\":250},{\"foodCategoryId\":3,\"foodId\":277},{\"foodCategoryId\":7,\"foodId\":533},{\"foodCategoryId\":7,\"foodId\":536},{\"foodCategoryId\":8,\"foodId\":480},{\"foodCategoryId\":8,\"foodId\":489}]',	22,	'2021-01-04 17:23:22',	'2021-01-03 12:00:00',	'2021-01-03 16:00:00'),
(166,	'8am - 12pm',	'2021-01-03',	'[{\"foodCategoryId\":1,\"foodId\":22},{\"foodCategoryId\":1,\"foodId\":23},{\"foodCategoryId\":3,\"foodId\":206},{\"foodCategoryId\":3,\"foodId\":207},{\"foodCategoryId\":4,\"foodId\":325},{\"foodCategoryId\":4,\"foodId\":326},{\"foodCategoryId\":7,\"foodId\":568},{\"foodCategoryId\":7,\"foodId\":569},{\"foodCategoryId\":8,\"foodId\":431}]',	22,	'2021-01-04 17:23:57',	'2021-01-03 08:00:00',	'2021-01-03 12:00:00'),
(167,	'8pm - 12am',	'2021-01-02',	'[{\"foodCategoryId\":3,\"foodId\":206},{\"foodCategoryId\":3,\"foodId\":208}]',	22,	'2021-01-05 02:49:32',	'2021-01-02 20:00:00',	'2021-01-02 00:00:00'),
(168,	'8pm - 12am',	'2021-01-02',	'[{\"foodCategoryId\":2,\"foodId\":76},{\"foodCategoryId\":2,\"foodId\":78},{\"foodCategoryId\":2,\"foodId\":79}]',	22,	'2021-01-05 02:49:42',	'2021-01-02 20:00:00',	'2021-01-02 00:00:00'),
(169,	'12am - 4am',	'2021-01-02',	'[{\"foodCategoryId\":4,\"foodId\":340},{\"foodCategoryId\":4,\"foodId\":341}]',	22,	'2021-01-05 02:49:53',	'2021-01-02 00:00:00',	'2021-01-02 04:00:00'),
(170,	'8pm - 12am',	'2021-01-01',	'[{\"foodCategoryId\":2,\"foodId\":77},{\"foodCategoryId\":2,\"foodId\":78}]',	22,	'2021-01-05 02:50:10',	'2021-01-01 20:00:00',	'2021-01-01 00:00:00'),
(171,	'8am - 12pm',	'2021-01-01',	'[{\"foodCategoryId\":4,\"foodId\":324},{\"foodCategoryId\":4,\"foodId\":325},{\"foodCategoryId\":8,\"foodId\":430}]',	22,	'2021-01-05 02:50:25',	'2021-01-01 08:00:00',	'2021-01-01 12:00:00'),
(172,	'4pm - 8pm',	'2021-01-01',	'[{\"foodCategoryId\":2,\"foodId\":72},{\"foodCategoryId\":3,\"foodId\":229},{\"foodCategoryId\":3,\"foodId\":239},{\"foodCategoryId\":3,\"foodId\":200},{\"foodCategoryId\":3,\"foodId\":202}]',	22,	'2021-01-05 02:50:43',	'2021-01-01 16:00:00',	'2021-01-01 20:00:00'),
(173,	'4pm - 8pm',	'2021-01-01',	'[{\"foodCategoryId\":2,\"foodId\":72},{\"foodCategoryId\":3,\"foodId\":229},{\"foodCategoryId\":3,\"foodId\":239},{\"foodCategoryId\":8,\"foodId\":428},{\"foodCategoryId\":8,\"foodId\":431}]',	22,	'2021-01-05 02:50:43',	'2021-01-01 16:00:00',	'2021-01-01 20:00:00'),
(186,	'4pm - 8pm',	'2021-01-06',	'[{\"foodCategoryId\":1,\"foodId\":7},{\"foodCategoryId\":1,\"foodId\":8},{\"foodCategoryId\":1,\"foodId\":9},{\"foodCategoryId\":1,\"foodId\":10},{\"foodCategoryId\":1,\"foodId\":11},{\"foodCategoryId\":1,\"foodId\":12},{\"foodCategoryId\":1,\"foodId\":13},{\"foodCategoryId\":8,\"foodId\":430},{\"foodCategoryId\":8,\"foodId\":432}]',	22,	'2021-01-06 10:09:42',	'2021-01-06 16:00:00',	'2021-01-06 20:00:00'),
(189,	'12pm - 4pm',	'2021-01-06',	'[{\"foodCategoryId\":1,\"foodId\":14},{\"foodCategoryId\":1,\"foodId\":15}]',	22,	'2021-01-08 11:29:21',	'2021-01-06 12:00:00',	'2021-01-06 16:00:00'),
(190,	'8pm - 12am',	'2021-01-01',	'[{\"foodCategoryId\":4,\"foodId\":323},{\"foodCategoryId\":4,\"foodId\":325}]',	22,	'2021-01-08 11:29:59',	'2021-01-01 20:00:00',	'2021-01-01 00:00:00'),
(191,	'8am - 12pm',	'2021-01-02',	'[{\"foodCategoryId\":4,\"foodId\":326}]',	22,	'2021-01-08 11:30:31',	'2021-01-02 08:00:00',	'2021-01-02 12:00:00'),
(192,	'4pm - 8pm',	'2021-01-03',	'[{\"foodCategoryId\":6,\"foodId\":423}]',	22,	'2021-01-08 11:31:18',	'2021-01-03 16:00:00',	'2021-01-03 20:00:00'),
(193,	'4pm - 8pm',	'2021-01-03',	'[{\"foodCategoryId\":3,\"foodId\":202},{\"foodCategoryId\":3,\"foodId\":206}]',	22,	'2021-01-08 11:31:27',	'2021-01-03 16:00:00',	'2021-01-03 20:00:00'),
(194,	'8pm - 12am',	'2021-01-04',	'[{\"foodCategoryId\":2,\"foodId\":76},{\"foodCategoryId\":2,\"foodId\":101},{\"foodCategoryId\":2,\"foodId\":130},{\"foodCategoryId\":3,\"foodId\":208}]',	22,	'2021-01-08 11:32:04',	'2021-01-04 20:00:00',	'2021-01-04 00:00:00'),
(195,	'4am - 8am',	'2021-01-05',	'[{\"foodCategoryId\":2,\"foodId\":155},{\"foodCategoryId\":2,\"foodId\":157},{\"foodCategoryId\":3,\"foodId\":201},{\"foodCategoryId\":6,\"foodId\":390},{\"foodCategoryId\":7,\"foodId\":567},{\"foodCategoryId\":7,\"foodId\":569}]',	22,	'2021-01-08 11:32:59',	'2021-01-05 04:00:00',	'2021-01-05 08:00:00'),
(196,	'4am - 8am',	'2021-01-05',	'[{\"foodCategoryId\":4,\"foodId\":324},{\"foodCategoryId\":4,\"foodId\":332},{\"foodCategoryId\":5,\"foodId\":357},{\"foodCategoryId\":5,\"foodId\":358}]',	22,	'2021-01-08 11:33:16',	'2021-01-05 04:00:00',	'2021-01-05 08:00:00'),
(197,	'8pm - 12am',	'2021-01-05',	'[{\"foodCategoryId\":4,\"foodId\":325},{\"foodCategoryId\":4,\"foodId\":326},{\"foodCategoryId\":8,\"foodId\":432}]',	22,	'2021-01-08 11:33:27',	'2021-01-05 20:00:00',	'2021-01-05 00:00:00'),
(198,	'8am - 12pm',	'2021-01-05',	'[{\"foodCategoryId\":1,\"foodId\":25},{\"foodCategoryId\":2,\"foodId\":104},{\"foodCategoryId\":2,\"foodId\":105}]',	22,	'2021-01-08 11:33:56',	'2021-01-05 08:00:00',	'2021-01-05 12:00:00'),
(199,	'8pm - 12am',	'2021-01-07',	'[{\"foodCategoryId\":1,\"foodId\":7},{\"foodCategoryId\":2,\"foodId\":76},{\"foodCategoryId\":2,\"foodId\":77},{\"foodCategoryId\":4,\"foodId\":333},{\"foodCategoryId\":4,\"foodId\":334}]',	22,	'2021-01-08 11:37:27',	'2021-01-07 20:00:00',	'2021-01-07 00:00:00'),
(200,	'4pm - 8pm',	'2021-01-07',	'[{\"foodCategoryId\":1,\"foodId\":45},{\"foodCategoryId\":2,\"foodId\":107},{\"foodCategoryId\":2,\"foodId\":109},{\"foodCategoryId\":3,\"foodId\":207}]',	22,	'2021-01-08 11:37:44',	'2021-01-07 16:00:00',	'2021-01-07 20:00:00'),
(201,	'8pm - 12am',	'2021-01-07',	'[{\"foodCategoryId\":1,\"foodId\":5},{\"foodCategoryId\":2,\"foodId\":76},{\"foodCategoryId\":4,\"foodId\":323}]',	22,	'2021-01-08 11:37:58',	'2021-01-07 20:00:00',	'2021-01-07 00:00:00'),
(202,	'8pm - 12am',	'2021-01-07',	'[{\"foodCategoryId\":1,\"foodId\":2},{\"foodCategoryId\":1,\"foodId\":3},{\"foodCategoryId\":1,\"foodId\":4},{\"foodCategoryId\":7,\"foodId\":531},{\"foodCategoryId\":8,\"foodId\":431}]',	22,	'2021-01-08 11:38:14',	'2021-01-07 20:00:00',	'2021-01-07 00:00:00'),
(203,	'8pm - 12am',	'2021-01-08',	'[{\"foodCategoryId\":2,\"foodId\":90},{\"foodCategoryId\":2,\"foodId\":91},{\"foodCategoryId\":3,\"foodId\":225},{\"foodCategoryId\":3,\"foodId\":226},{\"foodCategoryId\":3,\"foodId\":227},{\"foodCategoryId\":4,\"foodId\":344},{\"foodCategoryId\":4,\"foodId\":345},{\"foodCategoryId\":4,\"foodId\":346}]',	22,	'2021-01-08 11:40:15',	'2021-01-08 20:00:00',	'2021-01-08 00:00:00'),
(204,	'4pm - 8pm',	'2021-01-08',	'[{\"foodCategoryId\":1,\"foodId\":27},{\"foodCategoryId\":1,\"foodId\":28},{\"foodCategoryId\":2,\"foodId\":97},{\"foodCategoryId\":2,\"foodId\":98},{\"foodCategoryId\":4,\"foodId\":328},{\"foodCategoryId\":4,\"foodId\":329},{\"foodCategoryId\":8,\"foodId\":443},{\"foodCategoryId\":8,\"foodId\":444}]',	22,	'2021-01-08 11:40:33',	'2021-01-08 16:00:00',	'2021-01-08 20:00:00'),
(205,	'8am - 12pm',	'2021-01-08',	'[{\"foodCategoryId\":2,\"foodId\":87},{\"foodCategoryId\":3,\"foodId\":291},{\"foodCategoryId\":4,\"foodId\":330},{\"foodCategoryId\":7,\"foodId\":556}]',	22,	'2021-01-08 11:40:51',	'2021-01-08 08:00:00',	'2021-01-08 12:00:00'),
(206,	'8pm - 12am',	'2021-01-08',	'[{\"foodCategoryId\":5,\"foodId\":355},{\"foodCategoryId\":5,\"foodId\":365},{\"foodCategoryId\":5,\"foodId\":366},{\"foodCategoryId\":6,\"foodId\":401},{\"foodCategoryId\":7,\"foodId\":535}]',	22,	'2021-01-08 11:41:07',	'2021-01-08 20:00:00',	'2021-01-08 00:00:00'),
(214,	'12pm - 4pm',	'2021-01-10',	'[{\"foodCategoryId\":4,\"foodId\":322},{\"foodCategoryId\":2,\"foodId\":73}]',	22,	'2021-01-10 17:03:36',	'2021-01-10 12:00:00',	'2021-01-10 16:00:00'),
(215,	'12pm - 4pm',	'2021-01-11',	'[{\"foodCategoryId\":2,\"foodId\":75},{\"foodCategoryId\":2,\"foodId\":77}]',	22,	'2021-01-11 15:02:36',	'2021-01-11 12:00:00',	'2021-01-11 16:00:00'),
(217,	'4pm - 8pm',	'2021-01-13',	'[{\"foodCategoryId\":2,\"foodId\":74},{\"foodCategoryId\":2,\"foodId\":75},{\"foodCategoryId\":2,\"foodId\":76},{\"foodCategoryId\":3,\"foodId\":201},{\"foodCategoryId\":3,\"foodId\":202},{\"foodCategoryId\":3,\"foodId\":203},{\"foodCategoryId\":3,\"foodId\":206},{\"foodCategoryId\":3,\"foodId\":208},{\"foodCategoryId\":8,\"foodId\":426},{\"foodCategoryId\":8,\"foodId\":427},{\"foodCategoryId\":8,\"foodId\":428},{\"foodCategoryId\":8,\"foodId\":430}]',	22,	'2021-01-13 11:22:04',	'2021-01-13 16:00:00',	'2021-01-13 20:00:00'),
(219,	'8pm - 12am',	'2021-01-12',	'[{\"foodCategoryId\":2,\"foodId\":76},{\"foodCategoryId\":2,\"foodId\":80},{\"foodCategoryId\":3,\"foodId\":207},{\"foodCategoryId\":6,\"foodId\":376}]',	22,	'2021-01-13 18:20:15',	NULL,	NULL),
(220,	'8pm - 12am',	'2021-01-12',	'[{\"foodCategoryId\":1,\"foodId\":6},{\"foodCategoryId\":1,\"foodId\":14},{\"foodCategoryId\":5,\"foodId\":366},{\"foodCategoryId\":8,\"foodId\":432}]',	22,	'2021-01-13 18:20:33',	NULL,	NULL),
(221,	'4am - 8am',	'2021-01-12',	'[{\"foodCategoryId\":4,\"foodId\":330},{\"foodCategoryId\":4,\"foodId\":333},{\"foodCategoryId\":6,\"foodId\":384}]',	22,	'2021-01-13 18:20:45',	NULL,	NULL),
(222,	'4pm - 8pm',	'2021-01-11',	'[{\"foodCategoryId\":4,\"foodId\":324},{\"foodCategoryId\":4,\"foodId\":325},{\"foodCategoryId\":5,\"foodId\":358},{\"foodCategoryId\":5,\"foodId\":359},{\"foodCategoryId\":8,\"foodId\":430}]',	22,	'2021-01-13 18:23:43',	NULL,	NULL),
(223,	'8pm - 12am',	'2021-01-11',	'[{\"foodCategoryId\":2,\"foodId\":86},{\"foodCategoryId\":2,\"foodId\":87},{\"foodCategoryId\":4,\"foodId\":319},{\"foodCategoryId\":4,\"foodId\":320},{\"foodCategoryId\":6,\"foodId\":391}]',	22,	'2021-01-13 18:24:03',	NULL,	NULL),
(224,	'8pm - 12am',	'2021-01-10',	'[{\"foodCategoryId\":2,\"foodId\":93},{\"foodCategoryId\":2,\"foodId\":94},{\"foodCategoryId\":4,\"foodId\":321},{\"foodCategoryId\":5,\"foodId\":353},{\"foodCategoryId\":6,\"foodId\":375},{\"foodCategoryId\":8,\"foodId\":439},{\"foodCategoryId\":8,\"foodId\":440}]',	22,	'2021-01-13 18:24:30',	NULL,	NULL),
(225,	'4am - 8am',	'2021-01-10',	'[{\"foodCategoryId\":1,\"foodId\":6},{\"foodCategoryId\":2,\"foodId\":72},{\"foodCategoryId\":4,\"foodId\":323},{\"foodCategoryId\":5,\"foodId\":350}]',	22,	'2021-01-13 18:24:46',	NULL,	NULL),
(226,	'4pm - 8pm',	'2021-01-09',	'[{\"foodCategoryId\":2,\"foodId\":156},{\"foodCategoryId\":2,\"foodId\":158},{\"foodCategoryId\":2,\"foodId\":192},{\"foodCategoryId\":2,\"foodId\":195},{\"foodCategoryId\":3,\"foodId\":220},{\"foodCategoryId\":3,\"foodId\":263},{\"foodCategoryId\":3,\"foodId\":264},{\"foodCategoryId\":6,\"foodId\":374},{\"foodCategoryId\":6,\"foodId\":375}]',	22,	'2021-01-13 18:27:39',	NULL,	NULL),
(227,	'4pm - 8pm',	'2021-01-09',	'[{\"foodCategoryId\":4,\"foodId\":345},{\"foodCategoryId\":4,\"foodId\":346},{\"foodCategoryId\":5,\"foodId\":365},{\"foodCategoryId\":5,\"foodId\":366}]',	22,	'2021-01-13 18:27:52',	NULL,	NULL),
(228,	'8pm - 12am',	'2021-01-14',	'[{\"foodCategoryId\":1,\"foodId\":7},{\"foodCategoryId\":1,\"foodId\":8},{\"foodCategoryId\":2,\"foodId\":73},{\"foodCategoryId\":2,\"foodId\":74},{\"foodCategoryId\":3,\"foodId\":207},{\"foodCategoryId\":3,\"foodId\":211},{\"foodCategoryId\":4,\"foodId\":323},{\"foodCategoryId\":4,\"foodId\":324}]',	22,	'2021-01-15 04:03:34',	NULL,	NULL),
(229,	'12pm - 4pm',	'2021-01-14',	'[{\"foodCategoryId\":3,\"foodId\":205},{\"foodCategoryId\":4,\"foodId\":324},{\"foodCategoryId\":7,\"foodId\":534}]',	22,	'2021-01-15 04:03:47',	NULL,	NULL),
(230,	'8pm - 12am',	'2021-01-14',	'[{\"foodCategoryId\":1,\"foodId\":7},{\"foodCategoryId\":6,\"foodId\":376},{\"foodCategoryId\":7,\"foodId\":531}]',	22,	'2021-01-15 04:04:04',	NULL,	NULL),
(241,	'4pm - 8pm',	'2021-01-05',	'[{\"foodCategoryId\":2,\"foodId\":74},{\"foodCategoryId\":2,\"foodId\":78},{\"foodCategoryId\":4,\"foodId\":324}]',	22,	'2021-01-19 14:05:41',	'2021-01-05 16:00:00',	'2021-01-05 20:00:00'),
(242,	'8am - 12pm',	'2021-01-06',	'[{\"foodCategoryId\":1,\"foodId\":13},{\"foodCategoryId\":1,\"foodId\":14},{\"foodCategoryId\":3,\"foodId\":212}]',	22,	'2021-01-19 14:06:24',	'2021-01-06 08:00:00',	'2021-01-06 12:00:00'),
(243,	'8pm - 12am',	'2021-01-05',	'[{\"foodCategoryId\":5,\"foodId\":355},{\"foodCategoryId\":7,\"foodId\":531},{\"foodCategoryId\":8,\"foodId\":431}]',	22,	'2021-01-19 14:08:35',	'2021-01-05 20:00:00',	'2021-01-05 00:00:00'),
(244,	'4pm - 8pm',	'2021-01-10',	'[{\"foodCategoryId\":1,\"foodId\":1},{\"foodCategoryId\":1,\"foodId\":2},{\"foodCategoryId\":1,\"foodId\":3},{\"foodCategoryId\":2,\"foodId\":72},{\"foodCategoryId\":2,\"foodId\":73},{\"foodCategoryId\":2,\"foodId\":74}]',	22,	'2021-01-21 06:15:22',	'2021-01-10 16:00:00',	'2021-01-10 20:00:00'),
(245,	'8pm - 12am',	'2021-01-09',	'[{\"foodCategoryId\":1,\"foodId\":1},{\"foodCategoryId\":1,\"foodId\":2},{\"foodCategoryId\":1,\"foodId\":3},{\"foodCategoryId\":1,\"foodId\":4},{\"foodCategoryId\":2,\"foodId\":72},{\"foodCategoryId\":2,\"foodId\":73},{\"foodCategoryId\":2,\"foodId\":74}]',	22,	'2021-01-21 06:15:55',	'2021-01-09 20:00:00',	'2021-01-09 00:00:00'),
(246,	'12pm - 4pm',	'2021-01-21',	'[{\"foodCategoryId\":1,\"foodId\":14},{\"foodCategoryId\":1,\"foodId\":15},{\"foodCategoryId\":1,\"foodId\":16}]',	22,	'2021-01-21 13:54:47',	'2021-01-21 12:00:00',	'2021-01-21 16:00:00'),
(247,	'12pm - 4pm',	'2021-01-15',	'[{\"foodCategoryId\":4,\"foodId\":322},{\"foodCategoryId\":4,\"foodId\":325},{\"foodCategoryId\":8,\"foodId\":430},{\"foodCategoryId\":8,\"foodId\":438},{\"foodCategoryId\":8,\"foodId\":444}]',	22,	'2021-01-22 13:37:16',	'2021-01-15 12:00:00',	'2021-01-15 16:00:00'),
(248,	'8am - 12pm',	'2021-01-15',	'[{\"foodCategoryId\":7,\"foodId\":569}]',	22,	'2021-01-22 13:39:32',	'2021-01-15 08:00:00',	'2021-01-15 12:00:00'),
(249,	'12pm - 4pm',	'2021-01-15',	'[{\"foodCategoryId\":1,\"foodId\":3}]',	22,	'2021-01-22 13:44:17',	'2021-01-15 12:00:00',	'2021-01-15 16:00:00'),
(250,	'12pm - 4pm',	'2021-01-15',	'[{\"foodCategoryId\":1,\"foodId\":3}]',	22,	'2021-01-22 13:44:17',	'2021-01-15 12:00:00',	'2021-01-15 16:00:00'),
(251,	'8pm - 12am',	'2021-01-15',	'[{\"foodCategoryId\":4,\"foodId\":323},{\"foodCategoryId\":4,\"foodId\":326}]',	22,	'2021-01-22 13:44:38',	'2021-01-15 20:00:00',	'2021-01-15 00:00:00'),
(252,	'4am - 8am',	'2021-01-15',	'[{\"foodCategoryId\":3,\"foodId\":203},{\"foodCategoryId\":3,\"foodId\":206},{\"foodCategoryId\":6,\"foodId\":376},{\"foodCategoryId\":6,\"foodId\":381}]',	22,	'2021-01-22 13:45:10',	'2021-01-15 04:00:00',	'2021-01-15 08:00:00'),
(253,	'4pm - 8pm',	'2021-01-15',	'[{\"foodCategoryId\":6,\"foodId\":372},{\"foodCategoryId\":6,\"foodId\":375}]',	22,	'2021-01-22 13:48:47',	'2021-01-15 16:00:00',	'2021-01-15 20:00:00'),
(254,	'12pm - 4pm',	'2021-01-16',	'[{\"foodCategoryId\":8,\"foodId\":429},{\"foodCategoryId\":8,\"foodId\":430},{\"foodCategoryId\":8,\"foodId\":431}]',	22,	'2021-01-22 13:49:45',	'2021-01-16 12:00:00',	'2021-01-16 16:00:00'),
(255,	'12am - 4am',	'2021-01-16',	'[{\"foodCategoryId\":3,\"foodId\":229},{\"foodCategoryId\":3,\"foodId\":231},{\"foodCategoryId\":3,\"foodId\":232}]',	22,	'2021-01-22 13:50:04',	'2021-01-16 00:00:00',	'2021-01-16 04:00:00'),
(256,	'4pm - 8pm',	'2021-01-16',	'[{\"foodCategoryId\":3,\"foodId\":206},{\"foodCategoryId\":3,\"foodId\":207},{\"foodCategoryId\":3,\"foodId\":223}]',	22,	'2021-01-22 13:50:22',	'2021-01-16 16:00:00',	'2021-01-16 20:00:00'),
(257,	'8pm - 12am',	'2021-01-17',	'[{\"foodCategoryId\":3,\"foodId\":205},{\"foodCategoryId\":4,\"foodId\":322},{\"foodCategoryId\":4,\"foodId\":323},{\"foodCategoryId\":5,\"foodId\":353},{\"foodCategoryId\":8,\"foodId\":429},{\"foodCategoryId\":8,\"foodId\":431}]',	22,	'2021-01-22 13:55:11',	'2021-01-17 20:00:00',	'2021-01-17 00:00:00'),
(258,	'4pm - 8pm',	'2021-01-17',	'[{\"foodCategoryId\":1,\"foodId\":2},{\"foodCategoryId\":3,\"foodId\":202},{\"foodCategoryId\":5,\"foodId\":356}]',	22,	'2021-01-22 13:55:27',	'2021-01-17 16:00:00',	'2021-01-17 20:00:00'),
(259,	'12pm - 4pm',	'2021-01-17',	'[{\"foodCategoryId\":6,\"foodId\":373},{\"foodCategoryId\":6,\"foodId\":377}]',	22,	'2021-01-22 13:55:43',	'2021-01-17 12:00:00',	'2021-01-17 16:00:00'),
(260,	'8pm - 12am',	'2021-01-22',	'[{\"foodCategoryId\":2,\"foodId\":74},{\"foodCategoryId\":8,\"foodId\":428}]',	22,	'2021-01-22 14:06:16',	'2021-01-22 20:00:00',	'2021-01-22 00:00:00'),
(261,	'8am - 12pm',	'2021-01-22',	'[{\"foodCategoryId\":3,\"foodId\":203},{\"foodCategoryId\":3,\"foodId\":205},{\"foodCategoryId\":4,\"foodId\":330}]',	22,	'2021-01-22 14:06:32',	'2021-01-22 08:00:00',	'2021-01-22 12:00:00'),
(262,	'4pm - 8pm',	'2021-01-21',	'[{\"foodCategoryId\":4,\"foodId\":345},{\"foodCategoryId\":4,\"foodId\":346}]',	22,	'2021-01-22 14:06:45',	'2021-01-21 16:00:00',	'2021-01-21 20:00:00'),
(263,	'4am - 8am',	'2021-01-21',	'[{\"foodCategoryId\":5,\"foodId\":354},{\"foodCategoryId\":5,\"foodId\":355}]',	22,	'2021-01-22 14:06:54',	'2021-01-21 04:00:00',	'2021-01-21 08:00:00'),
(264,	'12pm - 4pm',	'2021-01-21',	'[{\"foodCategoryId\":3,\"foodId\":205}]',	22,	'2021-01-22 14:07:01',	'2021-01-21 12:00:00',	'2021-01-21 16:00:00'),
(265,	'8pm - 12am',	'2021-01-21',	'[{\"foodCategoryId\":1,\"foodId\":5},{\"foodCategoryId\":2,\"foodId\":78},{\"foodCategoryId\":4,\"foodId\":321}]',	22,	'2021-01-22 14:07:41',	'2021-01-21 20:00:00',	'2021-01-21 00:00:00'),
(266,	'8pm - 12am',	'2021-01-20',	'[{\"foodCategoryId\":1,\"foodId\":4},{\"foodCategoryId\":4,\"foodId\":322},{\"foodCategoryId\":4,\"foodId\":323}]',	22,	'2021-01-22 14:07:54',	'2021-01-20 20:00:00',	'2021-01-20 00:00:00'),
(267,	'4am - 8am',	'2021-01-20',	'[{\"foodCategoryId\":3,\"foodId\":203},{\"foodCategoryId\":3,\"foodId\":206},{\"foodCategoryId\":8,\"foodId\":431}]',	22,	'2021-01-22 14:08:03',	'2021-01-20 04:00:00',	'2021-01-20 08:00:00'),
(268,	'8pm - 12am',	'2021-01-19',	'[{\"foodCategoryId\":4,\"foodId\":321},{\"foodCategoryId\":4,\"foodId\":322}]',	22,	'2021-01-22 14:08:59',	'2021-01-19 20:00:00',	'2021-01-19 00:00:00'),
(269,	'12pm - 4pm',	'2021-01-19',	'[{\"foodCategoryId\":2,\"foodId\":75},{\"foodCategoryId\":2,\"foodId\":76}]',	22,	'2021-01-22 14:09:11',	'2021-01-19 12:00:00',	'2021-01-19 16:00:00'),
(270,	'12pm - 4pm',	'2021-01-18',	'[{\"foodCategoryId\":3,\"foodId\":220},{\"foodCategoryId\":3,\"foodId\":221},{\"foodCategoryId\":6,\"foodId\":374}]',	22,	'2021-01-22 14:10:37',	'2021-01-18 12:00:00',	'2021-01-18 16:00:00'),
(271,	'4am - 8am',	'2021-01-18',	'[{\"foodCategoryId\":2,\"foodId\":75},{\"foodCategoryId\":2,\"foodId\":76},{\"foodCategoryId\":6,\"foodId\":373}]',	22,	'2021-01-22 14:10:50',	'2021-01-18 04:00:00',	'2021-01-18 08:00:00'),
(276,	'4pm - 8pm',	'2021-01-23',	'[{\"foodCategoryId\":2,\"foodId\":75},{\"foodCategoryId\":2,\"foodId\":108},{\"foodCategoryId\":4,\"foodId\":321},{\"foodCategoryId\":4,\"foodId\":325},{\"foodCategoryId\":5,\"foodId\":353},{\"foodCategoryId\":5,\"foodId\":356}]',	22,	'2021-01-29 12:37:49',	'2021-01-23 16:00:00',	'2021-01-23 20:00:00'),
(277,	'12pm - 4pm',	'2021-01-29',	'[{\"foodCategoryId\":3,\"foodId\":207},{\"foodCategoryId\":3,\"foodId\":227},{\"foodCategoryId\":3,\"foodId\":228},{\"foodCategoryId\":4,\"foodId\":323},{\"foodCategoryId\":6,\"foodId\":373}]',	22,	'2021-01-29 12:39:20',	'2021-01-29 12:00:00',	'2021-01-29 16:00:00'),
(278,	'4am - 8am',	'2021-01-29',	'[{\"foodCategoryId\":1,\"foodId\":3},{\"foodCategoryId\":8,\"foodId\":462}]',	22,	'2021-01-29 12:39:34',	'2021-01-29 04:00:00',	'2021-01-29 08:00:00'),
(279,	'4am - 8am',	'2021-01-29',	'[{\"foodCategoryId\":3,\"foodId\":212},{\"foodCategoryId\":3,\"foodId\":213},{\"foodCategoryId\":8,\"foodId\":481}]',	22,	'2021-01-29 12:43:32',	'2021-01-29 04:00:00',	'2021-01-29 08:00:00'),
(280,	'4pm - 8pm',	'2021-01-28',	'[{\"foodCategoryId\":2,\"foodId\":84},{\"foodCategoryId\":2,\"foodId\":85},{\"foodCategoryId\":4,\"foodId\":321},{\"foodCategoryId\":4,\"foodId\":323},{\"foodCategoryId\":8,\"foodId\":431}]',	22,	'2021-01-29 12:44:01',	'2021-01-28 16:00:00',	'2021-01-28 20:00:00'),
(281,	'12am - 4am',	'2021-01-28',	'[{\"foodCategoryId\":3,\"foodId\":241},{\"foodCategoryId\":3,\"foodId\":243},{\"foodCategoryId\":3,\"foodId\":252},{\"foodCategoryId\":7,\"foodId\":550}]',	22,	'2021-01-29 12:44:27',	'2021-01-28 00:00:00',	'2021-01-28 04:00:00'),
(282,	'12pm - 4pm',	'2021-01-28',	'[{\"foodCategoryId\":1,\"foodId\":6},{\"foodCategoryId\":4,\"foodId\":320}]',	22,	'2021-01-29 12:45:27',	'2021-01-28 12:00:00',	'2021-01-28 16:00:00'),
(283,	'12pm - 4pm',	'2021-01-27',	'[{\"foodCategoryId\":1,\"foodId\":5},{\"foodCategoryId\":5,\"foodId\":350},{\"foodCategoryId\":8,\"foodId\":430}]',	22,	'2021-01-29 12:47:42',	'2021-01-27 12:00:00',	'2021-01-27 16:00:00'),
(284,	'4pm - 8pm',	'2021-01-27',	'[{\"foodCategoryId\":3,\"foodId\":202},{\"foodCategoryId\":3,\"foodId\":231},{\"foodCategoryId\":3,\"foodId\":298},{\"foodCategoryId\":4,\"foodId\":325},{\"foodCategoryId\":5,\"foodId\":355}]',	22,	'2021-01-29 12:48:06',	'2021-01-27 16:00:00',	'2021-01-27 20:00:00'),
(285,	'8pm - 12am',	'2021-01-26',	'[{\"foodCategoryId\":1,\"foodId\":4},{\"foodCategoryId\":1,\"foodId\":5},{\"foodCategoryId\":2,\"foodId\":76},{\"foodCategoryId\":4,\"foodId\":324}]',	22,	'2021-01-29 12:49:13',	'2021-01-26 20:00:00',	'2021-01-26 00:00:00'),
(286,	'12am - 4am',	'2021-01-26',	'[{\"foodCategoryId\":1,\"foodId\":44},{\"foodCategoryId\":4,\"foodId\":321}]',	22,	'2021-01-29 12:49:26',	'2021-01-26 00:00:00',	'2021-01-26 04:00:00'),
(287,	'8am - 12pm',	'2021-01-26',	'[{\"foodCategoryId\":1,\"foodId\":4}]',	22,	'2021-01-29 12:49:34',	'2021-01-26 08:00:00',	'2021-01-26 12:00:00'),
(288,	'4pm - 8pm',	'2021-01-25',	'[{\"foodCategoryId\":1,\"foodId\":66},{\"foodCategoryId\":2,\"foodId\":72},{\"foodCategoryId\":8,\"foodId\":428}]',	22,	'2021-01-29 12:49:53',	'2021-01-25 16:00:00',	'2021-01-25 20:00:00'),
(289,	'8pm - 12am',	'2021-01-25',	'[{\"foodCategoryId\":1,\"foodId\":6},{\"foodCategoryId\":2,\"foodId\":75},{\"foodCategoryId\":7,\"foodId\":533}]',	22,	'2021-01-29 12:50:05',	'2021-01-25 20:00:00',	'2021-01-25 00:00:00'),
(290,	'12am - 4am',	'2021-01-24',	'[{\"foodCategoryId\":3,\"foodId\":203},{\"foodCategoryId\":3,\"foodId\":208},{\"foodCategoryId\":6,\"foodId\":422},{\"foodCategoryId\":8,\"foodId\":438},{\"foodCategoryId\":8,\"foodId\":439}]',	22,	'2021-01-29 12:51:31',	'2021-01-24 00:00:00',	'2021-01-24 04:00:00'),
(291,	'8am - 12pm',	'2021-01-24',	'[{\"foodCategoryId\":2,\"foodId\":75},{\"foodCategoryId\":2,\"foodId\":76},{\"foodCategoryId\":6,\"foodId\":374}]',	22,	'2021-01-29 12:51:41',	'2021-01-24 08:00:00',	'2021-01-24 12:00:00'),
(292,	'4am - 8am',	'2021-02-03',	'[{\"foodCategoryId\":1,\"foodId\":1},{\"foodCategoryId\":1,\"foodId\":2}]',	22,	'2021-02-03 09:27:45',	'2021-02-03 04:00:00',	'2021-02-03 08:00:00'),
(311,	'12am - 4am',	'2021-02-10',	'[{\"foodCategoryId\":1,\"foodId\":1}]',	34,	'2021-02-10 07:36:00',	'2021-02-10 00:00:00',	'2021-02-10 04:00:00'),
(312,	'4pm - 8pm',	'2021-02-10',	'[{\"foodCategoryId\":1,\"foodId\":1},{\"foodCategoryId\":1,\"foodId\":2}]',	22,	'2021-02-10 11:55:21',	'2021-02-10 16:00:00',	'2021-02-10 20:00:00'),
(313,	'12am - 4am',	'2021-02-12',	'[{\"foodCategoryId\":1,\"foodId\":1},{\"foodCategoryId\":1,\"foodId\":2},{\"foodCategoryId\":1,\"foodId\":4}]',	44,	'2021-02-12 11:19:15',	'2021-02-12 00:00:00',	'2021-02-12 04:00:00'),
(314,	'12am - 4am',	'2021-02-12',	'[{\"foodCategoryId\":1,\"foodId\":1}]',	44,	'2021-02-12 11:19:24',	'2021-02-12 00:00:00',	'2021-02-12 04:00:00'),
(315,	'4pm - 8pm',	'2021-02-12',	'[{\"foodCategoryId\":1,\"foodId\":4}]',	34,	'2021-02-12 11:25:55',	'2021-02-12 16:00:00',	'2021-02-12 20:00:00'),
(316,	'12am - 4am',	'2021-02-12',	'[{\"foodCategoryId\":1,\"foodId\":2},{\"foodCategoryId\":1,\"foodId\":3},{\"foodCategoryId\":1,\"foodId\":4}]',	34,	'2021-02-12 11:58:03',	'2021-02-12 00:00:00',	'2021-02-12 04:00:00'),
(317,	'12am - 4am',	'2021-02-12',	'[{\"foodCategoryId\":1,\"foodId\":1},{\"foodCategoryId\":1,\"foodId\":2}]',	34,	'2021-02-12 11:58:09',	'2021-02-12 00:00:00',	'2021-02-12 04:00:00'),
(318,	'12am - 4am',	'2021-02-12',	'[{\"foodCategoryId\":1,\"foodId\":1},{\"foodCategoryId\":1,\"foodId\":2},{\"foodCategoryId\":1,\"foodId\":3},{\"foodCategoryId\":1,\"foodId\":4},{\"foodCategoryId\":1,\"foodId\":5},{\"foodCategoryId\":1,\"foodId\":6},{\"foodCategoryId\":1,\"foodId\":7},{\"foodCategoryId\":1,\"foodId\":8},{\"foodCategoryId\":1,\"foodId\":9},{\"foodCategoryId\":1,\"foodId\":10},{\"foodCategoryId\":1,\"foodId\":11},{\"foodCategoryId\":1,\"foodId\":12},{\"foodCategoryId\":1,\"foodId\":13},{\"foodCategoryId\":1,\"foodId\":14},{\"foodCategoryId\":1,\"foodId\":15},{\"foodCategoryId\":1,\"foodId\":16},{\"foodCategoryId\":1,\"foodId\":17},{\"foodCategoryId\":1,\"foodId\":18},{\"foodCategoryId\":1,\"foodId\":19},{\"foodCategoryId\":1,\"foodId\":20},{\"foodCategoryId\":1,\"foodId\":21},{\"foodCategoryId\":1,\"foodId\":22},{\"foodCategoryId\":1,\"foodId\":23},{\"foodCategoryId\":1,\"foodId\":24},{\"foodCategoryId\":1,\"foodId\":25},{\"foodCategoryId\":1,\"foodId\":26},{\"foodCategoryId\":1,\"foodId\":27},{\"foodCategoryId\":1,\"foodId\":28},{\"foodCategoryId\":1,\"foodId\":29},{\"foodCategoryId\":1,\"foodId\":30},{\"foodCategoryId\":1,\"foodId\":31},{\"foodCategoryId\":1,\"foodId\":32},{\"foodCategoryId\":1,\"foodId\":33},{\"foodCategoryId\":1,\"foodId\":34},{\"foodCategoryId\":1,\"foodId\":35},{\"foodCategoryId\":1,\"foodId\":36},{\"foodCategoryId\":1,\"foodId\":37},{\"foodCategoryId\":1,\"foodId\":38},{\"foodCategoryId\":1,\"foodId\":39},{\"foodCategoryId\":1,\"foodId\":40},{\"foodCategoryId\":1,\"foodId\":41},{\"foodCategoryId\":1,\"foodId\":42},{\"foodCategoryId\":1,\"foodId\":43},{\"foodCategoryId\":1,\"foodId\":44},{\"foodCategoryId\":1,\"foodId\":45},{\"foodCategoryId\":1,\"foodId\":46},{\"foodCategoryId\":1,\"foodId\":47},{\"foodCategoryId\":1,\"foodId\":48},{\"foodCategoryId\":1,\"foodId\":49},{\"foodCategoryId\":1,\"foodId\":50},{\"foodCategoryId\":1,\"foodId\":51},{\"foodCategoryId\":1,\"foodId\":52},{\"foodCategoryId\":1,\"foodId\":53},{\"foodCategoryId\":1,\"foodId\":54},{\"foodCategoryId\":1,\"foodId\":55},{\"foodCategoryId\":1,\"foodId\":56},{\"foodCategoryId\":1,\"foodId\":57},{\"foodCategoryId\":1,\"foodId\":58},{\"foodCategoryId\":1,\"foodId\":59},{\"foodCategoryId\":1,\"foodId\":60},{\"foodCategoryId\":1,\"foodId\":61},{\"foodCategoryId\":1,\"foodId\":62},{\"foodCategoryId\":1,\"foodId\":63},{\"foodCategoryId\":1,\"foodId\":64},{\"foodCategoryId\":1,\"foodId\":65},{\"foodCategoryId\":1,\"foodId\":66},{\"foodCategoryId\":1,\"foodId\":67},{\"foodCategoryId\":1,\"foodId\":68},{\"foodCategoryId\":1,\"foodId\":69},{\"foodCategoryId\":1,\"foodId\":70},{\"foodCategoryId\":1,\"foodId\":71},{\"foodCategoryId\":2,\"foodId\":72},{\"foodCategoryId\":2,\"foodId\":73},{\"foodCategoryId\":2,\"foodId\":74},{\"foodCategoryId\":2,\"foodId\":75},{\"foodCategoryId\":2,\"foodId\":76},{\"foodCategoryId\":2,\"foodId\":77},{\"foodCategoryId\":2,\"foodId\":78},{\"foodCategoryId\":2,\"foodId\":79},{\"foodCategoryId\":2,\"foodId\":80},{\"foodCategoryId\":2,\"foodId\":81},{\"foodCategoryId\":2,\"foodId\":82},{\"foodCategoryId\":2,\"foodId\":83},{\"foodCategoryId\":2,\"foodId\":84},{\"foodCategoryId\":2,\"foodId\":85},{\"foodCategoryId\":2,\"foodId\":86},{\"foodCategoryId\":2,\"foodId\":87},{\"foodCategoryId\":2,\"foodId\":88},{\"foodCategoryId\":2,\"foodId\":89},{\"foodCategoryId\":2,\"foodId\":90},{\"foodCategoryId\":2,\"foodId\":91},{\"foodCategoryId\":2,\"foodId\":92},{\"foodCategoryId\":2,\"foodId\":93},{\"foodCategoryId\":2,\"foodId\":94},{\"foodCategoryId\":2,\"foodId\":95},{\"foodCategoryId\":2,\"foodId\":96},{\"foodCategoryId\":2,\"foodId\":97},{\"foodCategoryId\":2,\"foodId\":98},{\"foodCategoryId\":2,\"foodId\":99},{\"foodCategoryId\":2,\"foodId\":100},{\"foodCategoryId\":2,\"foodId\":101},{\"foodCategoryId\":2,\"foodId\":102},{\"foodCategoryId\":2,\"foodId\":103},{\"foodCategoryId\":2,\"foodId\":104},{\"foodCategoryId\":2,\"foodId\":105},{\"foodCategoryId\":2,\"foodId\":106},{\"foodCategoryId\":2,\"foodId\":107},{\"foodCategoryId\":2,\"foodId\":108},{\"foodCategoryId\":2,\"foodId\":109},{\"foodCategoryId\":2,\"foodId\":110},{\"foodCategoryId\":2,\"foodId\":111},{\"foodCategoryId\":2,\"foodId\":112},{\"foodCategoryId\":2,\"foodId\":113},{\"foodCategoryId\":2,\"foodId\":114},{\"foodCategoryId\":2,\"foodId\":115},{\"foodCategoryId\":2,\"foodId\":116},{\"foodCategoryId\":2,\"foodId\":117},{\"foodCategoryId\":2,\"foodId\":118},{\"foodCategoryId\":2,\"foodId\":119},{\"foodCategoryId\":2,\"foodId\":120},{\"foodCategoryId\":2,\"foodId\":121},{\"foodCategoryId\":2,\"foodId\":122},{\"foodCategoryId\":2,\"foodId\":123},{\"foodCategoryId\":2,\"foodId\":124},{\"foodCategoryId\":2,\"foodId\":125},{\"foodCategoryId\":2,\"foodId\":126},{\"foodCategoryId\":2,\"foodId\":127},{\"foodCategoryId\":2,\"foodId\":128},{\"foodCategoryId\":2,\"foodId\":129},{\"foodCategoryId\":2,\"foodId\":130},{\"foodCategoryId\":2,\"foodId\":131},{\"foodCategoryId\":2,\"foodId\":132},{\"foodCategoryId\":2,\"foodId\":133},{\"foodCategoryId\":2,\"foodId\":134},{\"foodCategoryId\":2,\"foodId\":135},{\"foodCategoryId\":2,\"foodId\":136},{\"foodCategoryId\":2,\"foodId\":137},{\"foodCategoryId\":2,\"foodId\":138},{\"foodCategoryId\":2,\"foodId\":139},{\"foodCategoryId\":2,\"foodId\":140},{\"foodCategoryId\":2,\"foodId\":141},{\"foodCategoryId\":2,\"foodId\":142},{\"foodCategoryId\":2,\"foodId\":143},{\"foodCategoryId\":2,\"foodId\":144},{\"foodCategoryId\":2,\"foodId\":145},{\"foodCategoryId\":2,\"foodId\":146},{\"foodCategoryId\":2,\"foodId\":147},{\"foodCategoryId\":2,\"foodId\":148},{\"foodCategoryId\":2,\"foodId\":149},{\"foodCategoryId\":2,\"foodId\":150},{\"foodCategoryId\":2,\"foodId\":151},{\"foodCategoryId\":2,\"foodId\":152},{\"foodCategoryId\":2,\"foodId\":153},{\"foodCategoryId\":2,\"foodId\":154},{\"foodCategoryId\":2,\"foodId\":155},{\"foodCategoryId\":2,\"foodId\":156},{\"foodCategoryId\":2,\"foodId\":157},{\"foodCategoryId\":2,\"foodId\":158},{\"foodCategoryId\":2,\"foodId\":159},{\"foodCategoryId\":2,\"foodId\":160},{\"foodCategoryId\":2,\"foodId\":161},{\"foodCategoryId\":2,\"foodId\":162},{\"foodCategoryId\":2,\"foodId\":163},{\"foodCategoryId\":2,\"foodId\":164},{\"foodCategoryId\":2,\"foodId\":165},{\"foodCategoryId\":2,\"foodId\":166},{\"foodCategoryId\":2,\"foodId\":167},{\"foodCategoryId\":2,\"foodId\":168},{\"foodCategoryId\":2,\"foodId\":169},{\"foodCategoryId\":2,\"foodId\":170},{\"foodCategoryId\":2,\"foodId\":171},{\"foodCategoryId\":2,\"foodId\":172},{\"foodCategoryId\":2,\"foodId\":173},{\"foodCategoryId\":2,\"foodId\":174},{\"foodCategoryId\":2,\"foodId\":175},{\"foodCategoryId\":2,\"foodId\":176},{\"foodCategoryId\":2,\"foodId\":177},{\"foodCategoryId\":3,\"foodId\":201},{\"foodCategoryId\":3,\"foodId\":202},{\"foodCategoryId\":3,\"foodId\":203},{\"foodCategoryId\":3,\"foodId\":206},{\"foodCategoryId\":4,\"foodId\":320},{\"foodCategoryId\":4,\"foodId\":322},{\"foodCategoryId\":4,\"foodId\":323},{\"foodCategoryId\":4,\"foodId\":324},{\"foodCategoryId\":4,\"foodId\":326}]',	34,	'2021-02-12 12:00:56',	'2021-02-12 00:00:00',	'2021-02-12 04:00:00'),
(319,	'8am - 12pm',	'2021-02-16',	'[{\"foodCategoryId\":1,\"foodId\":9},{\"foodCategoryId\":2,\"foodId\":83}]',	22,	'2021-02-16 08:17:53',	'2021-02-16 08:00:00',	'2021-02-16 12:00:00'),
(320,	'4pm - 8pm',	'2021-02-16',	'[{\"foodCategoryId\":5,\"foodId\":356}]',	45,	'2021-02-16 10:00:05',	'2021-02-16 16:00:00',	'2021-02-16 20:00:00'),
(321,	'4pm - 8pm',	'2021-02-16',	'[{\"foodCategoryId\":1,\"foodId\":9}]',	45,	'2021-02-16 10:15:25',	'2021-02-16 16:00:00',	'2021-02-16 20:00:00'),
(322,	'12pm - 4pm',	'2021-02-16',	'[{\"foodCategoryId\":8,\"foodId\":431}]',	45,	'2021-02-16 10:21:36',	'2021-02-16 12:00:00',	'2021-02-16 16:00:00'),
(323,	'4pm - 8pm',	'2021-02-16',	'[{\"foodCategoryId\":1,\"foodId\":3},{\"foodCategoryId\":4,\"foodId\":321}]',	45,	'2021-02-16 10:25:32',	'2021-02-16 16:00:00',	'2021-02-16 20:00:00'),
(324,	'12am - 4am',	'2021-02-16',	'[{\"foodCategoryId\":2,\"foodId\":72},{\"foodCategoryId\":2,\"foodId\":73},{\"foodCategoryId\":2,\"foodId\":74},{\"foodCategoryId\":2,\"foodId\":75}]',	34,	'2021-02-16 12:47:14',	'2021-02-16 00:00:00',	'2021-02-16 04:00:00'),
(325,	'12am - 4am',	'2021-02-16',	'[{\"foodCategoryId\":1,\"foodId\":1},{\"foodCategoryId\":1,\"foodId\":2},{\"foodCategoryId\":1,\"foodId\":3}]',	48,	'2021-02-16 13:06:04',	'2021-02-16 00:00:00',	'2021-02-16 04:00:00'),
(326,	'4pm - 8pm',	'2021-02-16',	'[{\"foodCategoryId\":2,\"foodId\":74},{\"foodCategoryId\":2,\"foodId\":75}]',	22,	'2021-02-16 15:51:33',	'2021-02-16 16:00:00',	'2021-02-16 20:00:00'),
(327,	'8am - 12pm',	'2021-02-15',	'[{\"foodCategoryId\":3,\"foodId\":203},{\"foodCategoryId\":3,\"foodId\":207},{\"foodCategoryId\":4,\"foodId\":323}]',	22,	'2021-02-16 16:35:57',	'2021-02-15 08:00:00',	'2021-02-15 12:00:00'),
(328,	'4pm - 8pm',	'2021-02-15',	'[{\"foodCategoryId\":2,\"foodId\":74},{\"foodCategoryId\":6,\"foodId\":384}]',	22,	'2021-02-16 16:36:14',	'2021-02-15 16:00:00',	'2021-02-15 20:00:00'),
(329,	'8am - 12pm',	'2021-02-14',	'[{\"foodCategoryId\":1,\"foodId\":1},{\"foodCategoryId\":1,\"foodId\":2},{\"foodCategoryId\":2,\"foodId\":72},{\"foodCategoryId\":2,\"foodId\":73}]',	22,	'2021-02-16 16:36:48',	'2021-02-14 08:00:00',	'2021-02-14 12:00:00'),
(330,	'8pm - 12am',	'2021-02-14',	'[{\"foodCategoryId\":2,\"foodId\":93},{\"foodCategoryId\":2,\"foodId\":95}]',	22,	'2021-02-16 16:36:59',	'2021-02-14 20:00:00',	'2021-02-14 00:00:00'),
(331,	'4pm - 8pm',	'2021-02-14',	'[{\"foodCategoryId\":5,\"foodId\":355},{\"foodCategoryId\":5,\"foodId\":358}]',	22,	'2021-02-16 16:37:10',	'2021-02-14 16:00:00',	'2021-02-14 20:00:00'),
(332,	'8am - 12pm',	'2021-02-13',	'[{\"foodCategoryId\":2,\"foodId\":76},{\"foodCategoryId\":2,\"foodId\":77},{\"foodCategoryId\":6,\"foodId\":374}]',	22,	'2021-02-16 16:53:15',	'2021-02-13 08:00:00',	'2021-02-13 12:00:00'),
(333,	'8pm - 12am',	'2021-02-13',	'[{\"foodCategoryId\":4,\"foodId\":323}]',	22,	'2021-02-16 16:53:29',	'2021-02-13 20:00:00',	'2021-02-13 00:00:00'),
(334,	'4pm - 8pm',	'2021-02-01',	'[{\"foodCategoryId\":2,\"foodId\":77},{\"foodCategoryId\":2,\"foodId\":78},{\"foodCategoryId\":6,\"foodId\":373}]',	22,	'2021-02-17 02:05:44',	'2021-02-01 16:00:00',	'2021-02-01 20:00:00'),
(335,	'8pm - 12am',	'2021-02-01',	'[{\"foodCategoryId\":5,\"foodId\":355}]',	22,	'2021-02-17 02:05:59',	'2021-02-01 20:00:00',	'2021-02-01 00:00:00'),
(336,	'12pm - 4pm',	'2021-02-01',	'[{\"foodCategoryId\":1,\"foodId\":3},{\"foodCategoryId\":4,\"foodId\":321}]',	22,	'2021-02-17 02:06:26',	'2021-02-01 12:00:00',	'2021-02-01 16:00:00'),
(337,	'8pm - 12am',	'2021-02-02',	'[{\"foodCategoryId\":3,\"foodId\":205},{\"foodCategoryId\":6,\"foodId\":392}]',	22,	'2021-02-17 02:06:56',	'2021-02-02 20:00:00',	'2021-02-02 00:00:00'),
(338,	'8am - 12pm',	'2021-02-03',	'[{\"foodCategoryId\":7,\"foodId\":533}]',	22,	'2021-02-17 02:07:58',	'2021-02-03 08:00:00',	'2021-02-03 12:00:00'),
(339,	'8am - 12pm',	'2021-02-03',	'[{\"foodCategoryId\":9,\"foodId\":575}]',	22,	'2021-02-17 02:08:09',	'2021-02-03 08:00:00',	'2021-02-03 12:00:00'),
(340,	'8pm - 12am',	'2021-02-04',	'[{\"foodCategoryId\":1,\"foodId\":3},{\"foodCategoryId\":1,\"foodId\":4}]',	22,	'2021-02-17 02:09:25',	'2021-02-04 20:00:00',	'2021-02-04 00:00:00'),
(341,	'8pm - 12am',	'2021-02-04',	'[{\"foodCategoryId\":3,\"foodId\":203},{\"foodCategoryId\":8,\"foodId\":428}]',	22,	'2021-02-17 02:16:32',	'2021-02-04 20:00:00',	'2021-02-04 00:00:00'),
(342,	'8am - 12pm',	'2021-02-05',	'[{\"foodCategoryId\":4,\"foodId\":341},{\"foodCategoryId\":4,\"foodId\":342}]',	22,	'2021-02-17 02:17:10',	'2021-02-05 08:00:00',	'2021-02-05 12:00:00'),
(343,	'8am - 12pm',	'2021-02-05',	'[{\"foodCategoryId\":1,\"foodId\":4}]',	22,	'2021-02-17 02:17:17',	'2021-02-05 08:00:00',	'2021-02-05 12:00:00'),
(344,	'8pm - 12am',	'2021-02-16',	'[{\"foodCategoryId\":3,\"foodId\":202},{\"foodCategoryId\":6,\"foodId\":371}]',	22,	'2021-02-17 02:31:21',	'2021-02-16 20:00:00',	'2021-02-16 00:00:00'),
(345,	'4am - 8am',	'2021-02-12',	'[{\"foodCategoryId\":2,\"foodId\":75},{\"foodCategoryId\":6,\"foodId\":374},{\"foodCategoryId\":9,\"foodId\":577}]',	22,	'2021-02-17 02:32:36',	'2021-02-12 04:00:00',	'2021-02-12 08:00:00'),
(346,	'4am - 8am',	'2021-02-11',	'[{\"foodCategoryId\":4,\"foodId\":322}]',	22,	'2021-02-17 02:32:53',	'2021-02-11 04:00:00',	'2021-02-11 08:00:00'),
(347,	'12pm - 4pm',	'2021-02-10',	'[{\"foodCategoryId\":4,\"foodId\":323}]',	22,	'2021-02-17 02:34:53',	'2021-02-10 12:00:00',	'2021-02-10 16:00:00'),
(348,	'8pm - 12am',	'2021-02-09',	'[{\"foodCategoryId\":3,\"foodId\":200},{\"foodCategoryId\":6,\"foodId\":375}]',	22,	'2021-02-17 02:35:09',	'2021-02-09 20:00:00',	'2021-02-09 00:00:00'),
(349,	'8pm - 12am',	'2021-02-08',	'[{\"foodCategoryId\":1,\"foodId\":2},{\"foodCategoryId\":8,\"foodId\":430},{\"foodCategoryId\":8,\"foodId\":431}]',	22,	'2021-02-17 02:35:47',	'2021-02-08 20:00:00',	'2021-02-08 00:00:00'),
(350,	'8pm - 12am',	'2021-02-07',	'[{\"foodCategoryId\":3,\"foodId\":207},{\"foodCategoryId\":4,\"foodId\":330},{\"foodCategoryId\":8,\"foodId\":438},{\"foodCategoryId\":8,\"foodId\":439}]',	22,	'2021-02-17 02:36:38',	'2021-02-07 20:00:00',	'2021-02-07 00:00:00'),
(351,	'8pm - 12am',	'2021-02-06',	'[{\"foodCategoryId\":6,\"foodId\":371},{\"foodCategoryId\":8,\"foodId\":428},{\"foodCategoryId\":8,\"foodId\":429},{\"foodCategoryId\":8,\"foodId\":430}]',	22,	'2021-02-17 02:37:32',	'2021-02-06 20:00:00',	'2021-02-06 00:00:00'),
(352,	'8pm - 12am',	'2021-02-03',	'[{\"foodCategoryId\":6,\"foodId\":406},{\"foodCategoryId\":6,\"foodId\":407},{\"foodCategoryId\":9,\"foodId\":598}]',	22,	'2021-02-17 02:38:13',	'2021-02-03 20:00:00',	'2021-02-03 00:00:00'),
(353,	'8pm - 12am',	'2021-02-02',	'[{\"foodCategoryId\":3,\"foodId\":237},{\"foodCategoryId\":4,\"foodId\":346}]',	22,	'2021-02-17 02:38:34',	'2021-02-02 20:00:00',	'2021-02-02 00:00:00'),
(354,	'12am - 4am',	'2021-02-17',	'[{\"foodCategoryId\":1,\"foodId\":1},{\"foodCategoryId\":1,\"foodId\":2},{\"foodCategoryId\":1,\"foodId\":3},{\"foodCategoryId\":1,\"foodId\":4},{\"foodCategoryId\":1,\"foodId\":5},{\"foodCategoryId\":1,\"foodId\":6},{\"foodCategoryId\":1,\"foodId\":7},{\"foodCategoryId\":1,\"foodId\":8},{\"foodCategoryId\":1,\"foodId\":9},{\"foodCategoryId\":1,\"foodId\":10},{\"foodCategoryId\":1,\"foodId\":11},{\"foodCategoryId\":1,\"foodId\":12},{\"foodCategoryId\":1,\"foodId\":13},{\"foodCategoryId\":1,\"foodId\":14},{\"foodCategoryId\":1,\"foodId\":15},{\"foodCategoryId\":1,\"foodId\":16},{\"foodCategoryId\":1,\"foodId\":17},{\"foodCategoryId\":1,\"foodId\":18},{\"foodCategoryId\":1,\"foodId\":19},{\"foodCategoryId\":1,\"foodId\":20},{\"foodCategoryId\":1,\"foodId\":21},{\"foodCategoryId\":1,\"foodId\":22},{\"foodCategoryId\":1,\"foodId\":23},{\"foodCategoryId\":1,\"foodId\":24},{\"foodCategoryId\":1,\"foodId\":25},{\"foodCategoryId\":1,\"foodId\":26},{\"foodCategoryId\":1,\"foodId\":27},{\"foodCategoryId\":1,\"foodId\":28},{\"foodCategoryId\":1,\"foodId\":29},{\"foodCategoryId\":1,\"foodId\":1},{\"foodCategoryId\":1,\"foodId\":2},{\"foodCategoryId\":1,\"foodId\":3},{\"foodCategoryId\":1,\"foodId\":4},{\"foodCategoryId\":1,\"foodId\":5},{\"foodCategoryId\":1,\"foodId\":6},{\"foodCategoryId\":1,\"foodId\":7},{\"foodCategoryId\":1,\"foodId\":8},{\"foodCategoryId\":1,\"foodId\":9},{\"foodCategoryId\":1,\"foodId\":10},{\"foodCategoryId\":1,\"foodId\":11},{\"foodCategoryId\":1,\"foodId\":12},{\"foodCategoryId\":1,\"foodId\":13},{\"foodCategoryId\":1,\"foodId\":14},{\"foodCategoryId\":1,\"foodId\":15},{\"foodCategoryId\":1,\"foodId\":16},{\"foodCategoryId\":1,\"foodId\":17},{\"foodCategoryId\":1,\"foodId\":18},{\"foodCategoryId\":1,\"foodId\":19},{\"foodCategoryId\":1,\"foodId\":20},{\"foodCategoryId\":1,\"foodId\":21},{\"foodCategoryId\":1,\"foodId\":22},{\"foodCategoryId\":1,\"foodId\":23},{\"foodCategoryId\":1,\"foodId\":24},{\"foodCategoryId\":1,\"foodId\":25},{\"foodCategoryId\":1,\"foodId\":26},{\"foodCategoryId\":1,\"foodId\":27},{\"foodCategoryId\":1,\"foodId\":28},{\"foodCategoryId\":1,\"foodId\":29},{\"foodCategoryId\":2,\"foodId\":75},{\"foodCategoryId\":2,\"foodId\":76},{\"foodCategoryId\":2,\"foodId\":77},{\"foodCategoryId\":3,\"foodId\":200},{\"foodCategoryId\":3,\"foodId\":201},{\"foodCategoryId\":3,\"foodId\":202},{\"foodCategoryId\":4,\"foodId\":319},{\"foodCategoryId\":4,\"foodId\":320},{\"foodCategoryId\":7,\"foodId\":529},{\"foodCategoryId\":7,\"foodId\":530}]',	34,	'2021-02-17 06:07:01',	'2021-02-17 00:00:00',	'2021-02-17 04:00:00'),
(355,	'8pm - 12am',	'2021-02-17',	'[{\"foodCategoryId\":5,\"foodId\":353}]',	45,	'2021-02-17 06:52:27',	'2021-02-17 20:00:00',	'2021-02-17 00:00:00'),
(356,	'8pm - 12am',	'2021-02-17',	'[{\"foodCategoryId\":1,\"foodId\":3},{\"foodCategoryId\":1,\"foodId\":72},{\"foodCategoryId\":1,\"foodId\":3},{\"foodCategoryId\":1,\"foodId\":72},{\"foodCategoryId\":1,\"foodId\":320},{\"foodCategoryId\":1,\"foodId\":3},{\"foodCategoryId\":1,\"foodId\":72},{\"foodCategoryId\":1,\"foodId\":3},{\"foodCategoryId\":1,\"foodId\":72},{\"foodCategoryId\":1,\"foodId\":320},{\"foodCategoryId\":1,\"foodId\":3},{\"foodCategoryId\":1,\"foodId\":72},{\"foodCategoryId\":1,\"foodId\":3},{\"foodCategoryId\":1,\"foodId\":72},{\"foodCategoryId\":1,\"foodId\":320},{\"foodCategoryId\":2,\"foodId\":3},{\"foodCategoryId\":2,\"foodId\":72},{\"foodCategoryId\":2,\"foodId\":3},{\"foodCategoryId\":2,\"foodId\":72},{\"foodCategoryId\":2,\"foodId\":320},{\"foodCategoryId\":2,\"foodId\":3},{\"foodCategoryId\":2,\"foodId\":72},{\"foodCategoryId\":2,\"foodId\":3},{\"foodCategoryId\":2,\"foodId\":72},{\"foodCategoryId\":2,\"foodId\":320},{\"foodCategoryId\":2,\"foodId\":3},{\"foodCategoryId\":2,\"foodId\":72},{\"foodCategoryId\":2,\"foodId\":3},{\"foodCategoryId\":2,\"foodId\":72},{\"foodCategoryId\":2,\"foodId\":320},{\"foodCategoryId\":3,\"foodId\":205},{\"foodCategoryId\":4,\"foodId\":3},{\"foodCategoryId\":4,\"foodId\":72},{\"foodCategoryId\":4,\"foodId\":3},{\"foodCategoryId\":4,\"foodId\":72},{\"foodCategoryId\":4,\"foodId\":320},{\"foodCategoryId\":4,\"foodId\":3},{\"foodCategoryId\":4,\"foodId\":72},{\"foodCategoryId\":4,\"foodId\":3},{\"foodCategoryId\":4,\"foodId\":72},{\"foodCategoryId\":4,\"foodId\":320},{\"foodCategoryId\":4,\"foodId\":3},{\"foodCategoryId\":4,\"foodId\":72},{\"foodCategoryId\":4,\"foodId\":3},{\"foodCategoryId\":4,\"foodId\":72},{\"foodCategoryId\":4,\"foodId\":320},{\"foodCategoryId\":1,\"foodId\":3}]',	45,	'2021-02-17 06:55:01',	'2021-02-17 20:00:00',	'2021-02-17 00:00:00'),
(357,	'8pm - 12am',	'2021-02-17',	'[{\"foodCategoryId\":2,\"foodId\":72},{\"foodCategoryId\":2,\"foodId\":73}]',	33,	'2021-02-17 07:46:23',	'2021-02-17 20:00:00',	'2021-02-17 00:00:00'),
(358,	'12pm - 4pm',	'2021-02-17',	'[{\"foodCategoryId\":4,\"foodId\":321},{\"foodCategoryId\":4,\"foodId\":372},{\"foodCategoryId\":6,\"foodId\":321},{\"foodCategoryId\":6,\"foodId\":372}]',	45,	'2021-02-17 07:50:03',	'2021-02-17 12:00:00',	'2021-02-17 16:00:00'),
(359,	'4pm - 8pm',	'2021-02-17',	'[{\"foodCategoryId\":2,\"foodId\":73},{\"foodCategoryId\":9,\"foodId\":576},{\"foodCategoryId\":1,\"foodId\":1}]',	45,	'2021-02-17 07:50:37',	'2021-02-17 16:00:00',	'2021-02-17 20:00:00'),
(360,	'12pm - 4pm',	'2021-02-17',	'[{\"foodCategoryId\":5,\"foodId\":352}]',	45,	'2021-02-17 10:45:21',	'2021-02-17 12:00:00',	'2021-02-17 16:00:00'),
(361,	'4pm - 8pm',	'2021-02-17',	'[{\"foodCategoryId\":4,\"foodId\":326}]',	45,	'2021-02-17 10:52:02',	'2021-02-17 16:00:00',	'2021-02-17 20:00:00'),
(362,	'8pm - 12am',	'2021-02-17',	'[{\"foodCategoryId\":1,\"foodId\":1}]',	45,	'2021-02-17 12:11:20',	'2021-02-17 20:00:00',	'2021-02-17 00:00:00'),
(363,	'4pm - 8pm',	'2021-02-17',	'[{\"foodCategoryId\":1,\"foodId\":1},{\"foodCategoryId\":2,\"foodId\":73},{\"foodCategoryId\":3,\"foodId\":201},{\"foodCategoryId\":4,\"foodId\":320},{\"foodCategoryId\":5,\"foodId\":350},{\"foodCategoryId\":6,\"foodId\":370},{\"foodCategoryId\":7,\"foodId\":514},{\"foodCategoryId\":8,\"foodId\":204},{\"foodCategoryId\":9,\"foodId\":572}]',	34,	'2021-02-17 12:21:35',	'2021-02-17 16:00:00',	'2021-02-17 20:00:00'),
(364,	'8am - 12pm',	'2021-02-14',	'[{\"foodCategoryId\":1,\"foodId\":1},{\"foodCategoryId\":1,\"foodId\":2},{\"foodCategoryId\":2,\"foodId\":72},{\"foodCategoryId\":2,\"foodId\":73}]',	22,	'2021-02-17 13:26:42',	'2021-02-14 08:00:00',	'2021-02-14 12:00:00'),
(365,	'8am - 12pm',	'2021-02-17',	'[{\"foodCategoryId\":1,\"foodId\":5},{\"foodCategoryId\":2,\"foodId\":75},{\"foodCategoryId\":8,\"foodId\":432}]',	22,	'2021-02-17 14:46:33',	'2021-02-17 08:00:00',	'2021-02-17 12:00:00'),
(366,	'8am - 12pm',	'2021-02-17',	'[{\"foodCategoryId\":1,\"foodId\":4},{\"foodCategoryId\":2,\"foodId\":78}]',	22,	'2021-02-17 14:46:33',	'2021-02-17 08:00:00',	'2021-02-17 12:00:00'),
(367,	'8am - 12pm',	'2021-02-17',	'[{\"foodCategoryId\":4,\"foodId\":321},{\"foodCategoryId\":6,\"foodId\":375},{\"foodCategoryId\":7,\"foodId\":533}]',	22,	'2021-02-17 14:46:50',	'2021-02-17 08:00:00',	'2021-02-17 12:00:00'),
(368,	'8am - 12pm',	'2021-02-17',	'[{\"foodCategoryId\":1,\"foodId\":5},{\"foodCategoryId\":5,\"foodId\":354},{\"foodCategoryId\":8,\"foodId\":430}]',	22,	'2021-02-17 14:49:22',	'2021-02-17 08:00:00',	'2021-02-17 12:00:00'),
(369,	'12pm - 4pm',	'2021-02-05',	'[{\"foodCategoryId\":2,\"foodId\":84},{\"foodCategoryId\":2,\"foodId\":86},{\"foodCategoryId\":3,\"foodId\":258}]',	22,	'2021-02-17 22:07:49',	'2021-02-05 12:00:00',	'2021-02-05 16:00:00'),
(370,	'12pm - 4pm',	'2021-02-18',	'[{\"foodCategoryId\":1,\"foodId\":1},{\"foodCategoryId\":1,\"foodId\":2}]',	34,	'2021-02-18 06:01:43',	'2021-02-18 12:00:00',	'2021-02-18 16:00:00'),
(371,	'8am - 12pm',	'2021-02-18',	'[{\"foodCategoryId\":2,\"foodId\":72},{\"foodCategoryId\":2,\"foodId\":73}]',	34,	'2021-02-18 07:59:01',	'2021-02-18 08:00:00',	'2021-02-18 12:00:00'),
(372,	'4pm - 8pm',	'2021-02-18',	'[{\"foodCategoryId\":1,\"foodId\":3},{\"foodCategoryId\":1,\"foodId\":6},{\"foodCategoryId\":9,\"foodId\":572},{\"foodCategoryId\":9,\"foodId\":574}]',	34,	'2021-02-19 05:26:28',	'2021-02-18 16:00:00',	'2021-02-18 20:00:00'),
(373,	'12am - 4am',	'2021-02-19',	'[{\"foodCategoryId\":8,\"foodId\":204},{\"foodCategoryId\":6,\"foodId\":370},{\"foodCategoryId\":3,\"foodId\":200},{\"foodCategoryId\":3,\"foodId\":201},{\"foodCategoryId\":4,\"foodId\":319},{\"foodCategoryId\":4,\"foodId\":320},{\"foodCategoryId\":4,\"foodId\":321},{\"foodCategoryId\":4,\"foodId\":322},{\"foodCategoryId\":1,\"foodId\":1},{\"foodCategoryId\":1,\"foodId\":2},{\"foodCategoryId\":5,\"foodId\":350},{\"foodCategoryId\":5,\"foodId\":351},{\"foodCategoryId\":2,\"foodId\":72},{\"foodCategoryId\":2,\"foodId\":73},{\"foodCategoryId\":7,\"foodId\":514},{\"foodCategoryId\":7,\"foodId\":529},{\"foodCategoryId\":9,\"foodId\":572}]',	34,	'2021-02-19 05:33:46',	'2021-02-19 00:00:00',	'2021-02-19 04:00:00'),
(374,	'12am - 4am',	'2021-02-19',	'[{\"foodCategoryId\":1,\"foodId\":1},{\"foodCategoryId\":2,\"foodId\":72},{\"foodCategoryId\":4,\"foodId\":320},{\"foodCategoryId\":5,\"foodId\":350},{\"foodCategoryId\":9,\"foodId\":572}]',	34,	'2021-02-19 05:42:24',	'2021-02-19 00:00:00',	'2021-02-19 04:00:00'),
(375,	'8am - 12pm',	'2021-02-19',	'[{\"foodCategoryId\":3,\"foodId\":205}]',	45,	'2021-02-19 06:07:26',	'2021-02-19 08:00:00',	'2021-02-19 12:00:00'),
(376,	'4pm - 8pm',	'2021-02-19',	'[{\"foodCategoryId\":3,\"foodId\":202},{\"foodCategoryId\":4,\"foodId\":321},{\"foodCategoryId\":7,\"foodId\":514},{\"foodCategoryId\":7,\"foodId\":530},{\"foodCategoryId\":7,\"foodId\":540}]',	34,	'2021-02-19 07:21:08',	'2021-02-19 16:00:00',	'2021-02-19 20:00:00'),
(377,	'4pm - 8pm',	'2021-02-19',	'[{\"foodCategoryId\":4,\"foodId\":319},{\"foodCategoryId\":4,\"foodId\":320},{\"foodCategoryId\":7,\"foodId\":514},{\"foodCategoryId\":7,\"foodId\":541},{\"foodCategoryId\":1,\"foodId\":1}]',	34,	'2021-02-19 07:31:20',	'2021-02-19 16:00:00',	'2021-02-19 20:00:00'),
(378,	'4pm - 8pm',	'2021-02-19',	'[{\"foodCategoryId\":1,\"foodId\":1},{\"foodCategoryId\":1,\"foodId\":3},{\"foodCategoryId\":4,\"foodId\":319},{\"foodCategoryId\":4,\"foodId\":321},{\"foodCategoryId\":4,\"foodId\":320},{\"foodCategoryId\":7,\"foodId\":529},{\"foodCategoryId\":7,\"foodId\":530},{\"foodCategoryId\":7,\"foodId\":540}]',	34,	'2021-02-19 07:39:04',	'2021-02-19 16:00:00',	'2021-02-19 20:00:00'),
(379,	'4am - 8am',	'2021-02-19',	'[{\"foodCategoryId\":2,\"foodId\":72},{\"foodCategoryId\":3,\"foodId\":200},{\"foodCategoryId\":2,\"foodId\":73},{\"foodCategoryId\":1,\"foodId\":2},{\"foodCategoryId\":1,\"foodId\":3}]',	34,	'2021-02-19 11:30:52',	'2021-02-19 04:00:00',	'2021-02-19 08:00:00'),
(380,	'8am - 12pm',	'2021-02-19',	'[{\"foodCategoryId\":7,\"foodId\":514},{\"foodCategoryId\":2,\"foodId\":73},{\"foodCategoryId\":2,\"foodId\":72},{\"foodCategoryId\":7,\"foodId\":529},{\"foodCategoryId\":1,\"foodId\":3},{\"foodCategoryId\":7,\"foodId\":530},{\"foodCategoryId\":3,\"foodId\":200},{\"foodCategoryId\":1,\"foodId\":1},{\"foodCategoryId\":3,\"foodId\":201}]',	34,	'2021-02-19 11:37:31',	'2021-02-19 08:00:00',	'2021-02-19 12:00:00'),
(381,	'8pm - 12am',	'2021-02-19',	'[{\"foodCategoryId\":9,\"foodId\":572},{\"foodCategoryId\":9,\"foodId\":573},{\"foodCategoryId\":7,\"foodId\":540},{\"foodCategoryId\":7,\"foodId\":568},{\"foodCategoryId\":8,\"foodId\":204},{\"foodCategoryId\":8,\"foodId\":426}]',	34,	'2021-02-19 11:55:38',	'2021-02-19 20:00:00',	'2021-02-19 00:00:00'),
(382,	'4am - 8am',	'2021-02-19',	'[{\"foodCategoryId\":3,\"foodId\":203},{\"foodCategoryId\":3,\"foodId\":205},{\"foodCategoryId\":3,\"foodId\":206},{\"foodCategoryId\":3,\"foodId\":207},{\"foodCategoryId\":3,\"foodId\":208},{\"foodCategoryId\":3,\"foodId\":209}]',	33,	'2021-02-19 12:27:55',	'2021-02-19 04:00:00',	'2021-02-19 08:00:00'),
(383,	'4am - 8am',	'2021-02-19',	'[{\"foodCategoryId\":3,\"foodId\":202},{\"foodCategoryId\":3,\"foodId\":205},{\"foodCategoryId\":3,\"foodId\":207},{\"foodCategoryId\":3,\"foodId\":208},{\"foodCategoryId\":5,\"foodId\":354},{\"foodCategoryId\":5,\"foodId\":356}]',	22,	'2021-02-19 12:31:08',	'2021-02-19 04:00:00',	'2021-02-19 08:00:00'),
(384,	'12am - 4am',	'2021-02-19',	'[{\"foodCategoryId\":1,\"foodId\":1},{\"foodCategoryId\":2,\"foodId\":72},{\"foodCategoryId\":3,\"foodId\":200}]',	34,	'2021-02-19 12:48:57',	'2021-02-19 00:00:00',	'2021-02-19 04:00:00'),
(385,	'12am - 4am',	'2021-02-19',	'[{\"foodCategoryId\":1,\"foodId\":1},{\"foodCategoryId\":3,\"foodId\":200}]',	34,	'2021-02-19 12:51:57',	'2021-02-19 00:00:00',	'2021-02-19 04:00:00'),
(386,	'12am - 4am',	'2021-02-18',	'[{\"foodCategoryId\":4,\"foodId\":322},{\"foodCategoryId\":8,\"foodId\":428}]',	22,	'2021-02-19 13:37:57',	'2021-02-18 00:00:00',	'2021-02-18 04:00:00'),
(387,	'12pm - 4pm',	'2021-02-18',	'[{\"foodCategoryId\":3,\"foodId\":203},{\"foodCategoryId\":7,\"foodId\":532}]',	22,	'2021-02-19 13:38:13',	'2021-02-18 12:00:00',	'2021-02-18 16:00:00'),
(388,	'8pm - 12am',	'2021-02-04',	'[{\"foodCategoryId\":1,\"foodId\":6},{\"foodCategoryId\":1,\"foodId\":9},{\"foodCategoryId\":8,\"foodId\":430}]',	22,	'2021-02-19 13:41:19',	'2021-02-04 20:00:00',	'2021-02-04 00:00:00'),
(389,	'4pm - 8pm',	'2021-02-17',	'[{\"foodCategoryId\":2,\"foodId\":74},{\"foodCategoryId\":2,\"foodId\":77}]',	22,	'2021-02-19 13:45:56',	'2021-02-17 16:00:00',	'2021-02-17 20:00:00'),
(390,	'12pm - 4pm',	'2021-02-17',	'[{\"foodCategoryId\":4,\"foodId\":320}]',	22,	'2021-02-19 13:46:24',	'2021-02-17 12:00:00',	'2021-02-17 16:00:00'),
(391,	'4am - 8am',	'2021-02-28',	'[{\"foodCategoryId\":1,\"foodId\":3},{\"foodCategoryId\":2,\"foodId\":73},{\"foodCategoryId\":4,\"foodId\":321},{\"foodCategoryId\":5,\"foodId\":352}]',	22,	'2021-03-01 14:32:10',	'2021-02-28 04:00:00',	'2021-02-28 08:00:00'),
(392,	'12pm - 4pm',	'2021-02-28',	'[{\"foodCategoryId\":3,\"foodId\":203},{\"foodCategoryId\":4,\"foodId\":325},{\"foodCategoryId\":6,\"foodId\":375}]',	22,	'2021-03-01 16:34:31',	'2021-02-28 12:00:00',	'2021-02-28 16:00:00'),
(393,	'8am - 12pm',	'2021-02-27',	'[{\"foodCategoryId\":2,\"foodId\":85},{\"foodCategoryId\":9,\"foodId\":576}]',	22,	'2021-03-01 16:37:19',	'2021-02-27 20:00:00',	'2021-02-27 00:00:00'),
(394,	'12am - 4am',	'2021-02-27',	'[{\"foodCategoryId\":1,\"foodId\":1},{\"foodCategoryId\":1,\"foodId\":2},{\"foodCategoryId\":1,\"foodId\":3},{\"foodCategoryId\":1,\"foodId\":4}]',	22,	'2021-03-01 16:41:56',	'2021-02-27 00:00:00',	'2021-02-27 04:00:00');

DROP TABLE IF EXISTS `user_food_category`;
CREATE TABLE `user_food_category` (
  `userFoodCategoryId` int(11) NOT NULL AUTO_INCREMENT,
  `userFoodId` int(11) DEFAULT NULL,
  `foodCategoryId` int(11) DEFAULT NULL,
  `foodId` int(11) DEFAULT NULL,
  `userId` int(11) DEFAULT NULL,
  `created_at` timestamp NULL DEFAULT CURRENT_TIMESTAMP,
  PRIMARY KEY (`userFoodCategoryId`),
  KEY `userFoodId` (`userFoodId`),
  KEY `foodCategoryId` (`foodCategoryId`),
  KEY `foodId` (`foodId`),
  KEY `userId` (`userId`),
  CONSTRAINT `user_food_category_ibfk_1` FOREIGN KEY (`userFoodId`) REFERENCES `user_food` (`userFoodId`),
  CONSTRAINT `user_food_category_ibfk_2` FOREIGN KEY (`foodCategoryId`) REFERENCES `food_category` (`foodCategoryId`),
  CONSTRAINT `user_food_category_ibfk_3` FOREIGN KEY (`foodId`) REFERENCES `food` (`foodId`),
  CONSTRAINT `user_food_category_ibfk_4` FOREIGN KEY (`userId`) REFERENCES `user` (`userId`)
) ENGINE=InnoDB DEFAULT CHARSET=latin1;

INSERT INTO `user_food_category` (`userFoodCategoryId`, `userFoodId`, `foodCategoryId`, `foodId`, `userId`, `created_at`) VALUES
(64,	32,	3,	205,	22,	'2020-08-26 13:15:03'),
(65,	32,	3,	207,	22,	'2020-08-26 13:15:04'),
(66,	32,	3,	224,	22,	'2020-08-26 13:15:04'),
(67,	32,	4,	323,	22,	'2020-08-26 13:15:04'),
(68,	32,	4,	325,	22,	'2020-08-26 13:15:04'),
(232,	43,	4,	322,	22,	'2020-09-07 01:09:56'),
(233,	43,	4,	324,	22,	'2020-09-07 01:09:56'),
(234,	43,	6,	419,	22,	'2020-09-07 01:09:56'),
(235,	43,	6,	423,	22,	'2020-09-07 01:09:56'),
(236,	44,	1,	4,	22,	'2020-09-07 01:10:22'),
(237,	44,	1,	7,	22,	'2020-09-07 01:10:22'),
(238,	44,	1,	70,	22,	'2020-09-07 01:10:22'),
(239,	44,	2,	74,	22,	'2020-09-07 01:10:22'),
(240,	44,	2,	77,	22,	'2020-09-07 01:10:22'),
(241,	44,	6,	373,	22,	'2020-09-07 01:10:22'),
(242,	44,	6,	377,	22,	'2020-09-07 01:10:22'),
(297,	65,	1,	4,	22,	'2020-09-16 02:27:39'),
(298,	65,	1,	17,	22,	'2020-09-16 02:27:39'),
(299,	65,	8,	429,	22,	'2020-09-16 02:27:39'),
(300,	66,	3,	205,	22,	'2020-09-16 02:28:28'),
(301,	66,	3,	208,	22,	'2020-09-16 02:28:28'),
(302,	66,	6,	403,	22,	'2020-09-16 02:28:28'),
(303,	66,	7,	533,	22,	'2020-09-16 02:28:28'),
(304,	67,	2,	98,	22,	'2020-09-16 02:31:04'),
(305,	67,	2,	110,	22,	'2020-09-16 02:31:04'),
(306,	67,	4,	329,	22,	'2020-09-16 02:31:04'),
(307,	67,	5,	355,	22,	'2020-09-16 02:31:04'),
(308,	68,	3,	203,	22,	'2020-09-16 02:31:31'),
(309,	68,	3,	275,	22,	'2020-09-16 02:31:31'),
(310,	68,	4,	346,	22,	'2020-09-16 02:31:31'),
(311,	69,	4,	323,	22,	'2020-09-16 02:32:08'),
(312,	69,	6,	408,	22,	'2020-09-16 02:32:08'),
(313,	69,	8,	454,	22,	'2020-09-16 02:32:08'),
(314,	70,	1,	58,	22,	'2020-09-16 02:32:36'),
(315,	70,	6,	373,	22,	'2020-09-16 02:32:36'),
(316,	70,	7,	568,	22,	'2020-09-16 02:32:36'),
(317,	71,	2,	180,	22,	'2020-09-16 02:33:11'),
(318,	71,	4,	345,	22,	'2020-09-16 02:33:11'),
(319,	72,	1,	6,	22,	'2020-09-16 02:34:11'),
(320,	72,	2,	139,	22,	'2020-09-16 02:34:11'),
(321,	72,	2,	162,	22,	'2020-09-16 02:34:11'),
(322,	72,	2,	163,	22,	'2020-09-16 02:34:11'),
(323,	72,	2,	177,	22,	'2020-09-16 02:34:11'),
(324,	72,	4,	347,	22,	'2020-09-16 02:34:11'),
(325,	73,	2,	107,	22,	'2020-09-16 02:34:59'),
(326,	73,	3,	290,	22,	'2020-09-16 02:34:59'),
(327,	73,	3,	294,	22,	'2020-09-16 02:34:59'),
(328,	73,	8,	511,	22,	'2020-09-16 02:34:59'),
(329,	74,	5,	356,	22,	'2020-09-16 02:35:36'),
(330,	74,	5,	367,	22,	'2020-09-16 02:35:36'),
(331,	74,	6,	398,	22,	'2020-09-16 02:35:36'),
(332,	75,	1,	68,	22,	'2020-09-16 02:36:54'),
(333,	75,	1,	70,	22,	'2020-09-16 02:36:54'),
(334,	75,	4,	321,	22,	'2020-09-16 02:36:54'),
(335,	75,	8,	482,	22,	'2020-09-16 02:36:54'),
(336,	76,	1,	5,	22,	'2020-09-16 02:38:07'),
(337,	76,	2,	76,	22,	'2020-09-16 02:38:07'),
(338,	76,	2,	101,	22,	'2020-09-16 02:38:07'),
(339,	76,	4,	324,	22,	'2020-09-16 02:38:07'),
(340,	77,	1,	42,	22,	'2020-09-16 02:38:31'),
(341,	77,	2,	122,	22,	'2020-09-16 02:38:31'),
(342,	77,	2,	155,	22,	'2020-09-16 02:38:31'),
(343,	77,	6,	371,	22,	'2020-09-16 02:38:31'),
(344,	78,	1,	38,	22,	'2020-09-16 02:55:04'),
(345,	78,	1,	61,	22,	'2020-09-16 02:55:04'),
(346,	78,	2,	76,	22,	'2020-09-16 02:55:04'),
(347,	78,	2,	104,	22,	'2020-09-16 02:55:04'),
(348,	78,	3,	201,	22,	'2020-09-16 02:55:04'),
(349,	78,	4,	320,	22,	'2020-09-16 02:55:04'),
(350,	79,	1,	13,	22,	'2020-09-16 02:55:24'),
(351,	79,	2,	183,	22,	'2020-09-16 02:55:24'),
(352,	79,	4,	323,	22,	'2020-09-16 02:55:24'),
(353,	80,	1,	5,	22,	'2020-09-16 18:16:10'),
(354,	80,	1,	15,	22,	'2020-09-16 18:16:10'),
(355,	80,	6,	374,	22,	'2020-09-16 18:16:10'),
(356,	80,	6,	388,	22,	'2020-09-16 18:16:10'),
(357,	80,	8,	430,	22,	'2020-09-16 18:16:10'),
(365,	83,	1,	3,	22,	'2020-09-19 01:34:30'),
(366,	83,	4,	323,	22,	'2020-09-19 01:34:30'),
(367,	83,	6,	420,	22,	'2020-09-19 01:34:30'),
(368,	84,	1,	67,	22,	'2020-09-19 01:35:21'),
(369,	84,	2,	77,	22,	'2020-09-19 01:35:21'),
(370,	84,	3,	271,	22,	'2020-09-19 01:35:21'),
(371,	84,	4,	347,	22,	'2020-09-19 01:35:21'),
(372,	84,	5,	365,	22,	'2020-09-19 01:35:21'),
(373,	84,	6,	422,	22,	'2020-09-19 01:35:21'),
(374,	85,	1,	23,	22,	'2020-09-19 01:35:57'),
(375,	85,	2,	105,	22,	'2020-09-19 01:35:57'),
(376,	85,	2,	110,	22,	'2020-09-19 01:35:57'),
(377,	85,	3,	206,	22,	'2020-09-19 01:35:57'),
(378,	85,	5,	365,	22,	'2020-09-19 01:35:57'),
(379,	85,	7,	546,	22,	'2020-09-19 01:35:57'),
(380,	86,	2,	95,	22,	'2020-09-19 01:36:26'),
(381,	86,	3,	225,	22,	'2020-09-19 01:36:26'),
(382,	86,	4,	325,	22,	'2020-09-19 01:36:26'),
(383,	86,	8,	429,	22,	'2020-09-19 01:36:26'),
(384,	86,	8,	439,	22,	'2020-09-19 01:36:26'),
(385,	87,	1,	29,	22,	'2020-09-19 01:36:55'),
(386,	87,	2,	120,	22,	'2020-09-19 01:36:55'),
(387,	87,	2,	137,	22,	'2020-09-19 01:36:55'),
(388,	87,	6,	399,	22,	'2020-09-19 01:36:55'),
(389,	88,	2,	99,	22,	'2020-09-19 01:37:22'),
(390,	88,	3,	237,	22,	'2020-09-19 01:37:22'),
(391,	88,	3,	240,	22,	'2020-09-19 01:37:22'),
(392,	88,	4,	329,	22,	'2020-09-19 01:37:22'),
(393,	88,	5,	358,	22,	'2020-09-19 01:37:22'),
(394,	89,	1,	6,	22,	'2020-09-19 01:38:18'),
(395,	89,	1,	22,	22,	'2020-09-19 01:38:18'),
(396,	89,	4,	324,	22,	'2020-09-19 01:38:18'),
(397,	89,	5,	361,	22,	'2020-09-19 01:38:18'),
(398,	90,	1,	5,	22,	'2020-09-19 01:39:22'),
(399,	90,	1,	24,	22,	'2020-09-19 01:39:22'),
(400,	90,	2,	97,	22,	'2020-09-19 01:39:22'),
(401,	90,	4,	321,	22,	'2020-09-19 01:39:22'),
(402,	91,	2,	96,	22,	'2020-09-19 01:40:03'),
(403,	91,	2,	101,	22,	'2020-09-19 01:40:03'),
(404,	91,	3,	205,	22,	'2020-09-19 01:40:03'),
(405,	91,	4,	322,	22,	'2020-09-19 01:40:03'),
(406,	91,	8,	439,	22,	'2020-09-19 01:40:03'),
(407,	91,	8,	441,	22,	'2020-09-19 01:40:03'),
(408,	92,	1,	35,	22,	'2020-09-19 01:40:43'),
(409,	92,	1,	37,	22,	'2020-09-19 01:40:43'),
(410,	92,	4,	325,	22,	'2020-09-19 01:40:43'),
(411,	92,	5,	369,	22,	'2020-09-19 01:40:43'),
(412,	92,	6,	383,	22,	'2020-09-19 01:40:43'),
(423,	97,	1,	5,	22,	'2020-09-24 15:53:44'),
(424,	97,	4,	323,	22,	'2020-09-24 15:53:44'),
(433,	101,	3,	203,	22,	'2020-09-25 20:07:04'),
(1088,	138,	1,	3,	22,	'2020-12-10 06:07:10'),
(1089,	138,	1,	6,	22,	'2020-12-10 06:07:10'),
(1090,	138,	1,	24,	22,	'2020-12-10 06:07:10'),
(1094,	139,	4,	324,	22,	'2020-12-10 14:11:30'),
(1095,	139,	8,	460,	22,	'2020-12-10 14:11:30'),
(1096,	140,	3,	235,	22,	'2020-12-10 14:12:27'),
(1097,	140,	4,	346,	22,	'2020-12-10 14:12:27'),
(1098,	140,	6,	374,	22,	'2020-12-10 14:12:27'),
(1099,	140,	8,	431,	22,	'2020-12-10 14:12:27'),
(1100,	141,	5,	355,	22,	'2020-12-10 14:12:38'),
(1182,	151,	5,	353,	22,	'2020-12-18 15:15:00'),
(1183,	151,	5,	354,	22,	'2020-12-18 15:15:00'),
(1184,	151,	5,	356,	22,	'2020-12-18 15:15:00'),
(1185,	151,	5,	357,	22,	'2020-12-18 15:15:00'),
(1186,	151,	5,	358,	22,	'2020-12-18 15:15:00'),
(1187,	152,	5,	356,	22,	'2020-12-18 15:15:18'),
(1188,	152,	5,	358,	22,	'2020-12-18 15:15:18'),
(1189,	152,	5,	366,	22,	'2020-12-18 15:15:18'),
(1190,	152,	5,	367,	22,	'2020-12-18 15:15:18'),
(1191,	153,	4,	324,	22,	'2020-12-21 02:11:39'),
(1192,	153,	4,	325,	22,	'2020-12-21 02:11:39'),
(1233,	159,	1,	2,	22,	'2020-12-31 12:15:15'),
(1234,	159,	1,	3,	22,	'2020-12-31 12:15:15'),
(1235,	159,	1,	5,	22,	'2020-12-31 12:15:15'),
(1236,	158,	5,	353,	22,	'2020-12-31 12:15:42'),
(1237,	158,	5,	356,	22,	'2020-12-31 12:15:42'),
(1238,	158,	5,	357,	22,	'2020-12-31 12:15:42'),
(1243,	161,	3,	203,	22,	'2021-01-04 12:19:00'),
(1244,	161,	3,	205,	22,	'2021-01-04 12:19:00'),
(1245,	162,	4,	324,	22,	'2021-01-04 17:14:02'),
(1246,	162,	5,	353,	22,	'2021-01-04 17:14:02'),
(1247,	162,	5,	355,	22,	'2021-01-04 17:14:02'),
(1248,	162,	6,	374,	22,	'2021-01-04 17:14:02'),
(1249,	162,	6,	376,	22,	'2021-01-04 17:14:02'),
(1250,	163,	2,	180,	22,	'2021-01-04 17:17:32'),
(1251,	163,	2,	182,	22,	'2021-01-04 17:17:32'),
(1252,	163,	6,	413,	22,	'2021-01-04 17:17:32'),
(1253,	163,	6,	414,	22,	'2021-01-04 17:17:32'),
(1254,	163,	7,	535,	22,	'2021-01-04 17:17:32'),
(1255,	163,	8,	433,	22,	'2021-01-04 17:17:32'),
(1256,	164,	1,	4,	22,	'2021-01-04 17:21:02'),
(1257,	164,	1,	7,	22,	'2021-01-04 17:21:02'),
(1258,	164,	1,	56,	22,	'2021-01-04 17:21:02'),
(1259,	164,	1,	67,	22,	'2021-01-04 17:21:02'),
(1260,	164,	1,	68,	22,	'2021-01-04 17:21:02'),
(1261,	164,	2,	128,	22,	'2021-01-04 17:21:02'),
(1262,	164,	2,	129,	22,	'2021-01-04 17:21:02'),
(1263,	164,	3,	208,	22,	'2021-01-04 17:21:02'),
(1264,	164,	3,	268,	22,	'2021-01-04 17:21:02'),
(1265,	164,	3,	270,	22,	'2021-01-04 17:21:02'),
(1266,	164,	4,	322,	22,	'2021-01-04 17:21:02'),
(1267,	164,	6,	422,	22,	'2021-01-04 17:21:02'),
(1268,	165,	1,	27,	22,	'2021-01-04 17:23:22'),
(1269,	165,	1,	29,	22,	'2021-01-04 17:23:22'),
(1270,	165,	3,	250,	22,	'2021-01-04 17:23:22'),
(1271,	165,	3,	277,	22,	'2021-01-04 17:23:22'),
(1272,	165,	7,	533,	22,	'2021-01-04 17:23:22'),
(1273,	165,	7,	536,	22,	'2021-01-04 17:23:22'),
(1274,	165,	8,	480,	22,	'2021-01-04 17:23:22'),
(1275,	165,	8,	489,	22,	'2021-01-04 17:23:22'),
(1276,	166,	1,	22,	22,	'2021-01-04 17:23:57'),
(1277,	166,	1,	23,	22,	'2021-01-04 17:23:57'),
(1278,	166,	3,	206,	22,	'2021-01-04 17:23:57'),
(1279,	166,	3,	207,	22,	'2021-01-04 17:23:57'),
(1280,	166,	4,	325,	22,	'2021-01-04 17:23:57'),
(1281,	166,	4,	326,	22,	'2021-01-04 17:23:57'),
(1282,	166,	7,	568,	22,	'2021-01-04 17:23:57'),
(1283,	166,	7,	569,	22,	'2021-01-04 17:23:57'),
(1284,	166,	8,	431,	22,	'2021-01-04 17:23:57'),
(1285,	167,	3,	206,	22,	'2021-01-05 02:49:32'),
(1286,	167,	3,	208,	22,	'2021-01-05 02:49:32'),
(1287,	168,	2,	76,	22,	'2021-01-05 02:49:42'),
(1288,	168,	2,	78,	22,	'2021-01-05 02:49:42'),
(1289,	168,	2,	79,	22,	'2021-01-05 02:49:42'),
(1290,	169,	4,	340,	22,	'2021-01-05 02:49:53'),
(1291,	169,	4,	341,	22,	'2021-01-05 02:49:53'),
(1292,	170,	2,	77,	22,	'2021-01-05 02:50:10'),
(1293,	170,	2,	78,	22,	'2021-01-05 02:50:10'),
(1294,	171,	4,	324,	22,	'2021-01-05 02:50:25'),
(1295,	171,	4,	325,	22,	'2021-01-05 02:50:25'),
(1296,	171,	8,	430,	22,	'2021-01-05 02:50:25'),
(1354,	186,	1,	7,	22,	'2021-01-06 10:09:42'),
(1355,	186,	1,	8,	22,	'2021-01-06 10:09:42'),
(1356,	186,	1,	9,	22,	'2021-01-06 10:09:42'),
(1357,	186,	1,	10,	22,	'2021-01-06 10:09:42'),
(1358,	186,	1,	11,	22,	'2021-01-06 10:09:42'),
(1359,	186,	1,	12,	22,	'2021-01-06 10:09:42'),
(1360,	186,	1,	13,	22,	'2021-01-06 10:09:42'),
(1361,	186,	8,	430,	22,	'2021-01-06 10:09:42'),
(1362,	186,	8,	432,	22,	'2021-01-06 10:09:42'),
(1372,	173,	2,	72,	22,	'2021-01-08 11:19:32'),
(1373,	173,	3,	229,	22,	'2021-01-08 11:19:32'),
(1374,	173,	3,	239,	22,	'2021-01-08 11:19:32'),
(1375,	173,	8,	428,	22,	'2021-01-08 11:19:32'),
(1376,	173,	8,	431,	22,	'2021-01-08 11:19:32'),
(1377,	172,	2,	72,	22,	'2021-01-08 11:19:45'),
(1378,	172,	3,	229,	22,	'2021-01-08 11:19:45'),
(1379,	172,	3,	239,	22,	'2021-01-08 11:19:45'),
(1380,	172,	3,	200,	22,	'2021-01-08 11:19:45'),
(1381,	172,	3,	202,	22,	'2021-01-08 11:19:45'),
(1382,	189,	1,	14,	22,	'2021-01-08 11:29:21'),
(1383,	189,	1,	15,	22,	'2021-01-08 11:29:21'),
(1384,	190,	4,	323,	22,	'2021-01-08 11:29:59'),
(1385,	190,	4,	325,	22,	'2021-01-08 11:29:59'),
(1386,	191,	4,	326,	22,	'2021-01-08 11:30:31'),
(1387,	192,	6,	423,	22,	'2021-01-08 11:31:18'),
(1388,	193,	3,	202,	22,	'2021-01-08 11:31:27'),
(1389,	193,	3,	206,	22,	'2021-01-08 11:31:27'),
(1390,	194,	2,	76,	22,	'2021-01-08 11:32:04'),
(1391,	194,	2,	101,	22,	'2021-01-08 11:32:04'),
(1392,	194,	2,	130,	22,	'2021-01-08 11:32:04'),
(1393,	194,	3,	208,	22,	'2021-01-08 11:32:04'),
(1394,	195,	2,	155,	22,	'2021-01-08 11:32:59'),
(1395,	195,	2,	157,	22,	'2021-01-08 11:32:59'),
(1396,	195,	3,	201,	22,	'2021-01-08 11:32:59'),
(1397,	195,	6,	390,	22,	'2021-01-08 11:32:59'),
(1398,	195,	7,	567,	22,	'2021-01-08 11:32:59'),
(1399,	195,	7,	569,	22,	'2021-01-08 11:32:59'),
(1400,	196,	4,	324,	22,	'2021-01-08 11:33:16'),
(1401,	196,	4,	332,	22,	'2021-01-08 11:33:16'),
(1402,	196,	5,	357,	22,	'2021-01-08 11:33:16'),
(1403,	196,	5,	358,	22,	'2021-01-08 11:33:16'),
(1404,	197,	4,	325,	22,	'2021-01-08 11:33:27'),
(1405,	197,	4,	326,	22,	'2021-01-08 11:33:27'),
(1406,	197,	8,	432,	22,	'2021-01-08 11:33:27'),
(1407,	198,	1,	25,	22,	'2021-01-08 11:33:56'),
(1408,	198,	2,	104,	22,	'2021-01-08 11:33:56'),
(1409,	198,	2,	105,	22,	'2021-01-08 11:33:56'),
(1410,	199,	1,	7,	22,	'2021-01-08 11:37:27'),
(1411,	199,	2,	76,	22,	'2021-01-08 11:37:27'),
(1412,	199,	2,	77,	22,	'2021-01-08 11:37:27'),
(1413,	199,	4,	333,	22,	'2021-01-08 11:37:27'),
(1414,	199,	4,	334,	22,	'2021-01-08 11:37:27'),
(1415,	200,	1,	45,	22,	'2021-01-08 11:37:44'),
(1416,	200,	2,	107,	22,	'2021-01-08 11:37:44'),
(1417,	200,	2,	109,	22,	'2021-01-08 11:37:44'),
(1418,	200,	3,	207,	22,	'2021-01-08 11:37:44'),
(1419,	201,	1,	5,	22,	'2021-01-08 11:37:58'),
(1420,	201,	2,	76,	22,	'2021-01-08 11:37:58'),
(1421,	201,	4,	323,	22,	'2021-01-08 11:37:58'),
(1422,	202,	1,	2,	22,	'2021-01-08 11:38:14'),
(1423,	202,	1,	3,	22,	'2021-01-08 11:38:14'),
(1424,	202,	1,	4,	22,	'2021-01-08 11:38:14'),
(1425,	202,	7,	531,	22,	'2021-01-08 11:38:14'),
(1426,	202,	8,	431,	22,	'2021-01-08 11:38:14'),
(1427,	203,	2,	90,	22,	'2021-01-08 11:40:15'),
(1428,	203,	2,	91,	22,	'2021-01-08 11:40:15'),
(1429,	203,	3,	225,	22,	'2021-01-08 11:40:15'),
(1430,	203,	3,	226,	22,	'2021-01-08 11:40:15'),
(1431,	203,	3,	227,	22,	'2021-01-08 11:40:15'),
(1432,	203,	4,	344,	22,	'2021-01-08 11:40:15'),
(1433,	203,	4,	345,	22,	'2021-01-08 11:40:15'),
(1434,	203,	4,	346,	22,	'2021-01-08 11:40:15'),
(1435,	204,	1,	27,	22,	'2021-01-08 11:40:33'),
(1436,	204,	1,	28,	22,	'2021-01-08 11:40:33'),
(1437,	204,	2,	97,	22,	'2021-01-08 11:40:33'),
(1438,	204,	2,	98,	22,	'2021-01-08 11:40:33'),
(1439,	204,	4,	328,	22,	'2021-01-08 11:40:33'),
(1440,	204,	4,	329,	22,	'2021-01-08 11:40:33'),
(1441,	204,	8,	443,	22,	'2021-01-08 11:40:33'),
(1442,	204,	8,	444,	22,	'2021-01-08 11:40:33'),
(1443,	205,	2,	87,	22,	'2021-01-08 11:40:51'),
(1444,	205,	3,	291,	22,	'2021-01-08 11:40:51'),
(1445,	205,	4,	330,	22,	'2021-01-08 11:40:51'),
(1446,	205,	7,	556,	22,	'2021-01-08 11:40:51'),
(1447,	206,	5,	355,	22,	'2021-01-08 11:41:07'),
(1448,	206,	5,	365,	22,	'2021-01-08 11:41:07'),
(1449,	206,	5,	366,	22,	'2021-01-08 11:41:07'),
(1450,	206,	6,	401,	22,	'2021-01-08 11:41:07'),
(1451,	206,	7,	535,	22,	'2021-01-08 11:41:07'),
(1494,	214,	4,	322,	22,	'2021-01-10 17:03:36'),
(1495,	214,	2,	73,	22,	'2021-01-10 17:03:36'),
(1496,	215,	2,	75,	22,	'2021-01-11 15:02:36'),
(1497,	215,	2,	77,	22,	'2021-01-11 15:02:36'),
(1505,	217,	2,	74,	22,	'2021-01-13 11:22:04'),
(1506,	217,	2,	75,	22,	'2021-01-13 11:22:04'),
(1507,	217,	2,	76,	22,	'2021-01-13 11:22:04'),
(1508,	217,	3,	201,	22,	'2021-01-13 11:22:04'),
(1509,	217,	3,	202,	22,	'2021-01-13 11:22:04'),
(1510,	217,	3,	203,	22,	'2021-01-13 11:22:04'),
(1511,	217,	3,	206,	22,	'2021-01-13 11:22:04'),
(1512,	217,	3,	208,	22,	'2021-01-13 11:22:04'),
(1513,	217,	8,	426,	22,	'2021-01-13 11:22:04'),
(1514,	217,	8,	427,	22,	'2021-01-13 11:22:04'),
(1515,	217,	8,	428,	22,	'2021-01-13 11:22:04'),
(1516,	217,	8,	430,	22,	'2021-01-13 11:22:04'),
(1522,	219,	2,	76,	22,	'2021-01-13 18:20:15'),
(1523,	219,	2,	80,	22,	'2021-01-13 18:20:15'),
(1524,	219,	3,	207,	22,	'2021-01-13 18:20:15'),
(1525,	219,	6,	376,	22,	'2021-01-13 18:20:15'),
(1526,	220,	1,	6,	22,	'2021-01-13 18:20:33'),
(1527,	220,	1,	14,	22,	'2021-01-13 18:20:33'),
(1528,	220,	5,	366,	22,	'2021-01-13 18:20:33'),
(1529,	220,	8,	432,	22,	'2021-01-13 18:20:33'),
(1530,	221,	4,	330,	22,	'2021-01-13 18:20:45'),
(1531,	221,	4,	333,	22,	'2021-01-13 18:20:45'),
(1532,	221,	6,	384,	22,	'2021-01-13 18:20:45'),
(1533,	222,	4,	324,	22,	'2021-01-13 18:23:43'),
(1534,	222,	4,	325,	22,	'2021-01-13 18:23:43'),
(1535,	222,	5,	358,	22,	'2021-01-13 18:23:43'),
(1536,	222,	5,	359,	22,	'2021-01-13 18:23:43'),
(1537,	222,	8,	430,	22,	'2021-01-13 18:23:43'),
(1538,	223,	2,	86,	22,	'2021-01-13 18:24:03'),
(1539,	223,	2,	87,	22,	'2021-01-13 18:24:03'),
(1540,	223,	4,	319,	22,	'2021-01-13 18:24:03'),
(1541,	223,	4,	320,	22,	'2021-01-13 18:24:03'),
(1542,	223,	6,	391,	22,	'2021-01-13 18:24:03'),
(1543,	224,	2,	93,	22,	'2021-01-13 18:24:30'),
(1544,	224,	2,	94,	22,	'2021-01-13 18:24:30'),
(1545,	224,	4,	321,	22,	'2021-01-13 18:24:30'),
(1546,	224,	5,	353,	22,	'2021-01-13 18:24:30'),
(1547,	224,	6,	375,	22,	'2021-01-13 18:24:30'),
(1548,	224,	8,	439,	22,	'2021-01-13 18:24:30'),
(1549,	224,	8,	440,	22,	'2021-01-13 18:24:30'),
(1550,	225,	1,	6,	22,	'2021-01-13 18:24:46'),
(1551,	225,	2,	72,	22,	'2021-01-13 18:24:46'),
(1552,	225,	4,	323,	22,	'2021-01-13 18:24:46'),
(1553,	225,	5,	350,	22,	'2021-01-13 18:24:46'),
(1554,	226,	2,	156,	22,	'2021-01-13 18:27:39'),
(1555,	226,	2,	158,	22,	'2021-01-13 18:27:39'),
(1556,	226,	2,	192,	22,	'2021-01-13 18:27:39'),
(1557,	226,	2,	195,	22,	'2021-01-13 18:27:39'),
(1558,	226,	3,	220,	22,	'2021-01-13 18:27:39'),
(1559,	226,	3,	263,	22,	'2021-01-13 18:27:39'),
(1560,	226,	3,	264,	22,	'2021-01-13 18:27:39'),
(1561,	226,	6,	374,	22,	'2021-01-13 18:27:39'),
(1562,	226,	6,	375,	22,	'2021-01-13 18:27:39'),
(1563,	227,	4,	345,	22,	'2021-01-13 18:27:52'),
(1564,	227,	4,	346,	22,	'2021-01-13 18:27:52'),
(1565,	227,	5,	365,	22,	'2021-01-13 18:27:52'),
(1566,	227,	5,	366,	22,	'2021-01-13 18:27:52'),
(1567,	228,	1,	7,	22,	'2021-01-15 04:03:34'),
(1568,	228,	1,	8,	22,	'2021-01-15 04:03:34'),
(1569,	228,	2,	73,	22,	'2021-01-15 04:03:34'),
(1570,	228,	2,	74,	22,	'2021-01-15 04:03:34'),
(1571,	228,	3,	207,	22,	'2021-01-15 04:03:34'),
(1572,	228,	3,	211,	22,	'2021-01-15 04:03:34'),
(1573,	228,	4,	323,	22,	'2021-01-15 04:03:34'),
(1574,	228,	4,	324,	22,	'2021-01-15 04:03:34'),
(1575,	229,	3,	205,	22,	'2021-01-15 04:03:47'),
(1576,	229,	4,	324,	22,	'2021-01-15 04:03:47'),
(1577,	229,	7,	534,	22,	'2021-01-15 04:03:47'),
(1578,	230,	1,	7,	22,	'2021-01-15 04:04:04'),
(1579,	230,	6,	376,	22,	'2021-01-15 04:04:04'),
(1580,	230,	7,	531,	22,	'2021-01-15 04:04:04'),
(1671,	241,	2,	74,	22,	'2021-01-19 14:05:41'),
(1672,	241,	2,	78,	22,	'2021-01-19 14:05:41'),
(1673,	241,	4,	324,	22,	'2021-01-19 14:05:41'),
(1674,	242,	1,	13,	22,	'2021-01-19 14:06:24'),
(1675,	242,	1,	14,	22,	'2021-01-19 14:06:24'),
(1676,	242,	3,	212,	22,	'2021-01-19 14:06:24'),
(1677,	243,	5,	355,	22,	'2021-01-19 14:08:35'),
(1678,	243,	7,	531,	22,	'2021-01-19 14:08:35'),
(1679,	243,	8,	431,	22,	'2021-01-19 14:08:35'),
(1680,	244,	1,	1,	22,	'2021-01-21 06:15:22'),
(1681,	244,	1,	2,	22,	'2021-01-21 06:15:22'),
(1682,	244,	1,	3,	22,	'2021-01-21 06:15:22'),
(1683,	244,	2,	72,	22,	'2021-01-21 06:15:22'),
(1684,	244,	2,	73,	22,	'2021-01-21 06:15:22'),
(1685,	244,	2,	74,	22,	'2021-01-21 06:15:22'),
(1686,	245,	1,	1,	22,	'2021-01-21 06:15:55'),
(1687,	245,	1,	2,	22,	'2021-01-21 06:15:55'),
(1688,	245,	1,	3,	22,	'2021-01-21 06:15:55'),
(1689,	245,	1,	4,	22,	'2021-01-21 06:15:55'),
(1690,	245,	2,	72,	22,	'2021-01-21 06:15:55'),
(1691,	245,	2,	73,	22,	'2021-01-21 06:15:55'),
(1692,	245,	2,	74,	22,	'2021-01-21 06:15:55'),
(1693,	246,	1,	14,	22,	'2021-01-21 13:54:47'),
(1694,	246,	1,	15,	22,	'2021-01-21 13:54:47'),
(1695,	246,	1,	16,	22,	'2021-01-21 13:54:47'),
(1696,	247,	4,	322,	22,	'2021-01-22 13:37:16'),
(1697,	247,	4,	325,	22,	'2021-01-22 13:37:16'),
(1698,	247,	8,	430,	22,	'2021-01-22 13:37:16'),
(1699,	247,	8,	438,	22,	'2021-01-22 13:37:16'),
(1700,	247,	8,	444,	22,	'2021-01-22 13:37:16'),
(1701,	248,	7,	569,	22,	'2021-01-22 13:39:32'),
(1702,	249,	1,	3,	22,	'2021-01-22 13:44:17'),
(1703,	250,	1,	3,	22,	'2021-01-22 13:44:17'),
(1704,	251,	4,	323,	22,	'2021-01-22 13:44:38'),
(1705,	251,	4,	326,	22,	'2021-01-22 13:44:38'),
(1706,	252,	3,	203,	22,	'2021-01-22 13:45:10'),
(1707,	252,	3,	206,	22,	'2021-01-22 13:45:10'),
(1708,	252,	6,	376,	22,	'2021-01-22 13:45:10'),
(1709,	252,	6,	381,	22,	'2021-01-22 13:45:10'),
(1710,	253,	6,	372,	22,	'2021-01-22 13:48:47'),
(1711,	253,	6,	375,	22,	'2021-01-22 13:48:47'),
(1712,	254,	8,	429,	22,	'2021-01-22 13:49:45'),
(1713,	254,	8,	430,	22,	'2021-01-22 13:49:45'),
(1714,	254,	8,	431,	22,	'2021-01-22 13:49:45'),
(1715,	255,	3,	229,	22,	'2021-01-22 13:50:04'),
(1716,	255,	3,	231,	22,	'2021-01-22 13:50:04'),
(1717,	255,	3,	232,	22,	'2021-01-22 13:50:04'),
(1718,	256,	3,	206,	22,	'2021-01-22 13:50:22'),
(1719,	256,	3,	207,	22,	'2021-01-22 13:50:22'),
(1720,	256,	3,	223,	22,	'2021-01-22 13:50:22'),
(1721,	257,	3,	205,	22,	'2021-01-22 13:55:11'),
(1722,	257,	4,	322,	22,	'2021-01-22 13:55:11'),
(1723,	257,	4,	323,	22,	'2021-01-22 13:55:11'),
(1724,	257,	5,	353,	22,	'2021-01-22 13:55:11'),
(1725,	257,	8,	429,	22,	'2021-01-22 13:55:11'),
(1726,	257,	8,	431,	22,	'2021-01-22 13:55:11'),
(1727,	258,	1,	2,	22,	'2021-01-22 13:55:27'),
(1728,	258,	3,	202,	22,	'2021-01-22 13:55:27'),
(1729,	258,	5,	356,	22,	'2021-01-22 13:55:27'),
(1730,	259,	6,	373,	22,	'2021-01-22 13:55:43'),
(1731,	259,	6,	377,	22,	'2021-01-22 13:55:43'),
(1732,	260,	2,	74,	22,	'2021-01-22 14:06:16'),
(1733,	260,	8,	428,	22,	'2021-01-22 14:06:16'),
(1734,	261,	3,	203,	22,	'2021-01-22 14:06:32'),
(1735,	261,	3,	205,	22,	'2021-01-22 14:06:32'),
(1736,	261,	4,	330,	22,	'2021-01-22 14:06:32'),
(1737,	262,	4,	345,	22,	'2021-01-22 14:06:45'),
(1738,	262,	4,	346,	22,	'2021-01-22 14:06:45'),
(1739,	263,	5,	354,	22,	'2021-01-22 14:06:54'),
(1740,	263,	5,	355,	22,	'2021-01-22 14:06:54'),
(1741,	264,	3,	205,	22,	'2021-01-22 14:07:01'),
(1742,	265,	1,	5,	22,	'2021-01-22 14:07:41'),
(1743,	265,	2,	78,	22,	'2021-01-22 14:07:41'),
(1744,	265,	4,	321,	22,	'2021-01-22 14:07:41'),
(1745,	266,	1,	4,	22,	'2021-01-22 14:07:54'),
(1746,	266,	4,	322,	22,	'2021-01-22 14:07:54'),
(1747,	266,	4,	323,	22,	'2021-01-22 14:07:54'),
(1748,	267,	3,	203,	22,	'2021-01-22 14:08:03'),
(1749,	267,	3,	206,	22,	'2021-01-22 14:08:03'),
(1750,	267,	8,	431,	22,	'2021-01-22 14:08:03'),
(1751,	268,	4,	321,	22,	'2021-01-22 14:08:59'),
(1752,	268,	4,	322,	22,	'2021-01-22 14:08:59'),
(1753,	269,	2,	75,	22,	'2021-01-22 14:09:11'),
(1754,	269,	2,	76,	22,	'2021-01-22 14:09:11'),
(1755,	270,	3,	220,	22,	'2021-01-22 14:10:37'),
(1756,	270,	3,	221,	22,	'2021-01-22 14:10:37'),
(1757,	270,	6,	374,	22,	'2021-01-22 14:10:37'),
(1758,	271,	2,	75,	22,	'2021-01-22 14:10:50'),
(1759,	271,	2,	76,	22,	'2021-01-22 14:10:50'),
(1760,	271,	6,	373,	22,	'2021-01-22 14:10:50'),
(1796,	276,	2,	75,	22,	'2021-01-29 12:37:49'),
(1797,	276,	2,	108,	22,	'2021-01-29 12:37:49'),
(1798,	276,	4,	321,	22,	'2021-01-29 12:37:49'),
(1799,	276,	4,	325,	22,	'2021-01-29 12:37:49'),
(1800,	276,	5,	353,	22,	'2021-01-29 12:37:49'),
(1801,	276,	5,	356,	22,	'2021-01-29 12:37:49'),
(1802,	277,	3,	207,	22,	'2021-01-29 12:39:20'),
(1803,	277,	3,	227,	22,	'2021-01-29 12:39:20'),
(1804,	277,	3,	228,	22,	'2021-01-29 12:39:20'),
(1805,	277,	4,	323,	22,	'2021-01-29 12:39:20'),
(1806,	277,	6,	373,	22,	'2021-01-29 12:39:20'),
(1807,	278,	1,	3,	22,	'2021-01-29 12:39:34'),
(1808,	278,	8,	462,	22,	'2021-01-29 12:39:34'),
(1809,	279,	3,	212,	22,	'2021-01-29 12:43:32'),
(1810,	279,	3,	213,	22,	'2021-01-29 12:43:32'),
(1811,	279,	8,	481,	22,	'2021-01-29 12:43:32'),
(1812,	280,	2,	84,	22,	'2021-01-29 12:44:01'),
(1813,	280,	2,	85,	22,	'2021-01-29 12:44:01'),
(1814,	280,	4,	321,	22,	'2021-01-29 12:44:01'),
(1815,	280,	4,	323,	22,	'2021-01-29 12:44:01'),
(1816,	280,	8,	431,	22,	'2021-01-29 12:44:01'),
(1817,	281,	3,	241,	22,	'2021-01-29 12:44:27'),
(1818,	281,	3,	243,	22,	'2021-01-29 12:44:27'),
(1819,	281,	3,	252,	22,	'2021-01-29 12:44:27'),
(1820,	281,	7,	550,	22,	'2021-01-29 12:44:27'),
(1821,	282,	1,	6,	22,	'2021-01-29 12:45:27'),
(1822,	282,	4,	320,	22,	'2021-01-29 12:45:27'),
(1823,	283,	1,	5,	22,	'2021-01-29 12:47:42'),
(1824,	283,	5,	350,	22,	'2021-01-29 12:47:42'),
(1825,	283,	8,	430,	22,	'2021-01-29 12:47:42'),
(1826,	284,	3,	202,	22,	'2021-01-29 12:48:06'),
(1827,	284,	3,	231,	22,	'2021-01-29 12:48:06'),
(1828,	284,	3,	298,	22,	'2021-01-29 12:48:06'),
(1829,	284,	4,	325,	22,	'2021-01-29 12:48:06'),
(1830,	284,	5,	355,	22,	'2021-01-29 12:48:07'),
(1831,	285,	1,	4,	22,	'2021-01-29 12:49:13'),
(1832,	285,	1,	5,	22,	'2021-01-29 12:49:13'),
(1833,	285,	2,	76,	22,	'2021-01-29 12:49:13'),
(1834,	285,	4,	324,	22,	'2021-01-29 12:49:13'),
(1835,	286,	1,	44,	22,	'2021-01-29 12:49:26'),
(1836,	286,	4,	321,	22,	'2021-01-29 12:49:26'),
(1837,	287,	1,	4,	22,	'2021-01-29 12:49:34'),
(1838,	288,	1,	66,	22,	'2021-01-29 12:49:53'),
(1839,	288,	2,	72,	22,	'2021-01-29 12:49:53'),
(1840,	288,	8,	428,	22,	'2021-01-29 12:49:53'),
(1841,	289,	1,	6,	22,	'2021-01-29 12:50:05'),
(1842,	289,	2,	75,	22,	'2021-01-29 12:50:05'),
(1843,	289,	7,	533,	22,	'2021-01-29 12:50:05'),
(1844,	290,	3,	203,	22,	'2021-01-29 12:51:31'),
(1845,	290,	3,	208,	22,	'2021-01-29 12:51:31'),
(1846,	290,	6,	422,	22,	'2021-01-29 12:51:31'),
(1847,	290,	8,	438,	22,	'2021-01-29 12:51:31'),
(1848,	290,	8,	439,	22,	'2021-01-29 12:51:31'),
(1849,	291,	2,	75,	22,	'2021-01-29 12:51:41'),
(1850,	291,	2,	76,	22,	'2021-01-29 12:51:41'),
(1851,	291,	6,	374,	22,	'2021-01-29 12:51:41'),
(1852,	292,	1,	1,	22,	'2021-02-03 09:27:45'),
(1853,	292,	1,	2,	22,	'2021-02-03 09:27:45'),
(1928,	311,	1,	1,	34,	'2021-02-10 07:36:00'),
(1929,	312,	1,	1,	22,	'2021-02-10 11:55:21'),
(1930,	312,	1,	2,	22,	'2021-02-10 11:55:21'),
(1933,	314,	1,	1,	44,	'2021-02-12 11:19:24'),
(1934,	313,	1,	1,	44,	'2021-02-12 11:19:33'),
(1935,	313,	1,	2,	44,	'2021-02-12 11:19:33'),
(1936,	313,	1,	4,	44,	'2021-02-12 11:19:33'),
(1937,	315,	1,	4,	34,	'2021-02-12 11:25:55'),
(1938,	316,	1,	2,	34,	'2021-02-12 11:58:03'),
(1939,	316,	1,	3,	34,	'2021-02-12 11:58:03'),
(1940,	316,	1,	4,	34,	'2021-02-12 11:58:03'),
(1941,	317,	1,	1,	34,	'2021-02-12 11:58:09'),
(1942,	317,	1,	2,	34,	'2021-02-12 11:58:09'),
(1943,	318,	1,	1,	34,	'2021-02-12 12:00:56'),
(1944,	318,	1,	2,	34,	'2021-02-12 12:00:56'),
(1945,	318,	1,	3,	34,	'2021-02-12 12:00:56'),
(1946,	318,	1,	4,	34,	'2021-02-12 12:00:56'),
(1947,	318,	1,	5,	34,	'2021-02-12 12:00:56'),
(1948,	318,	1,	6,	34,	'2021-02-12 12:00:56'),
(1949,	318,	1,	7,	34,	'2021-02-12 12:00:56'),
(1950,	318,	1,	8,	34,	'2021-02-12 12:00:56'),
(1951,	318,	1,	9,	34,	'2021-02-12 12:00:56'),
(1952,	318,	1,	10,	34,	'2021-02-12 12:00:56'),
(1953,	318,	1,	11,	34,	'2021-02-12 12:00:56'),
(1954,	318,	1,	12,	34,	'2021-02-12 12:00:56'),
(1955,	318,	1,	13,	34,	'2021-02-12 12:00:56'),
(1956,	318,	1,	14,	34,	'2021-02-12 12:00:56'),
(1957,	318,	1,	15,	34,	'2021-02-12 12:00:56'),
(1958,	318,	1,	16,	34,	'2021-02-12 12:00:56'),
(1959,	318,	1,	17,	34,	'2021-02-12 12:00:56'),
(1960,	318,	1,	18,	34,	'2021-02-12 12:00:56'),
(1961,	318,	1,	19,	34,	'2021-02-12 12:00:56'),
(1962,	318,	1,	20,	34,	'2021-02-12 12:00:56'),
(1963,	318,	1,	21,	34,	'2021-02-12 12:00:56'),
(1964,	318,	1,	22,	34,	'2021-02-12 12:00:56'),
(1965,	318,	1,	23,	34,	'2021-02-12 12:00:56'),
(1966,	318,	1,	24,	34,	'2021-02-12 12:00:56'),
(1967,	318,	1,	25,	34,	'2021-02-12 12:00:56'),
(1968,	318,	1,	26,	34,	'2021-02-12 12:00:56'),
(1969,	318,	1,	27,	34,	'2021-02-12 12:00:56'),
(1970,	318,	1,	28,	34,	'2021-02-12 12:00:56'),
(1971,	318,	1,	29,	34,	'2021-02-12 12:00:56'),
(1972,	318,	1,	30,	34,	'2021-02-12 12:00:56'),
(1973,	318,	1,	31,	34,	'2021-02-12 12:00:56'),
(1974,	318,	1,	32,	34,	'2021-02-12 12:00:56'),
(1975,	318,	1,	33,	34,	'2021-02-12 12:00:56'),
(1976,	318,	1,	34,	34,	'2021-02-12 12:00:56'),
(1977,	318,	1,	35,	34,	'2021-02-12 12:00:56'),
(1978,	318,	1,	36,	34,	'2021-02-12 12:00:56'),
(1979,	318,	1,	37,	34,	'2021-02-12 12:00:56'),
(1980,	318,	1,	38,	34,	'2021-02-12 12:00:56'),
(1981,	318,	1,	39,	34,	'2021-02-12 12:00:56'),
(1982,	318,	1,	40,	34,	'2021-02-12 12:00:56'),
(1983,	318,	1,	41,	34,	'2021-02-12 12:00:56'),
(1984,	318,	1,	42,	34,	'2021-02-12 12:00:56'),
(1985,	318,	1,	43,	34,	'2021-02-12 12:00:56'),
(1986,	318,	1,	44,	34,	'2021-02-12 12:00:56'),
(1987,	318,	1,	45,	34,	'2021-02-12 12:00:56'),
(1988,	318,	1,	46,	34,	'2021-02-12 12:00:56'),
(1989,	318,	1,	47,	34,	'2021-02-12 12:00:56'),
(1990,	318,	1,	48,	34,	'2021-02-12 12:00:56'),
(1991,	318,	1,	49,	34,	'2021-02-12 12:00:56'),
(1992,	318,	1,	50,	34,	'2021-02-12 12:00:56'),
(1993,	318,	1,	51,	34,	'2021-02-12 12:00:56'),
(1994,	318,	1,	52,	34,	'2021-02-12 12:00:56'),
(1995,	318,	1,	53,	34,	'2021-02-12 12:00:56'),
(1996,	318,	1,	54,	34,	'2021-02-12 12:00:56'),
(1997,	318,	1,	55,	34,	'2021-02-12 12:00:56'),
(1998,	318,	1,	56,	34,	'2021-02-12 12:00:56'),
(1999,	318,	1,	57,	34,	'2021-02-12 12:00:56'),
(2000,	318,	1,	58,	34,	'2021-02-12 12:00:56'),
(2001,	318,	1,	59,	34,	'2021-02-12 12:00:56'),
(2002,	318,	1,	60,	34,	'2021-02-12 12:00:56'),
(2003,	318,	1,	61,	34,	'2021-02-12 12:00:56'),
(2004,	318,	1,	62,	34,	'2021-02-12 12:00:56'),
(2005,	318,	1,	63,	34,	'2021-02-12 12:00:56'),
(2006,	318,	1,	64,	34,	'2021-02-12 12:00:56'),
(2007,	318,	1,	65,	34,	'2021-02-12 12:00:57'),
(2008,	318,	1,	66,	34,	'2021-02-12 12:00:57'),
(2009,	318,	1,	67,	34,	'2021-02-12 12:00:57'),
(2010,	318,	1,	68,	34,	'2021-02-12 12:00:57'),
(2011,	318,	1,	69,	34,	'2021-02-12 12:00:57'),
(2012,	318,	1,	70,	34,	'2021-02-12 12:00:57'),
(2013,	318,	1,	71,	34,	'2021-02-12 12:00:57'),
(2014,	318,	2,	72,	34,	'2021-02-12 12:00:57'),
(2015,	318,	2,	73,	34,	'2021-02-12 12:00:57'),
(2016,	318,	2,	74,	34,	'2021-02-12 12:00:57'),
(2017,	318,	2,	75,	34,	'2021-02-12 12:00:57'),
(2018,	318,	2,	76,	34,	'2021-02-12 12:00:57'),
(2019,	318,	2,	77,	34,	'2021-02-12 12:00:57'),
(2020,	318,	2,	78,	34,	'2021-02-12 12:00:57'),
(2021,	318,	2,	79,	34,	'2021-02-12 12:00:57'),
(2022,	318,	2,	80,	34,	'2021-02-12 12:00:57'),
(2023,	318,	2,	81,	34,	'2021-02-12 12:00:57'),
(2024,	318,	2,	82,	34,	'2021-02-12 12:00:57'),
(2025,	318,	2,	83,	34,	'2021-02-12 12:00:57'),
(2026,	318,	2,	84,	34,	'2021-02-12 12:00:57'),
(2027,	318,	2,	85,	34,	'2021-02-12 12:00:57'),
(2028,	318,	2,	86,	34,	'2021-02-12 12:00:57'),
(2029,	318,	2,	87,	34,	'2021-02-12 12:00:57'),
(2030,	318,	2,	88,	34,	'2021-02-12 12:00:57'),
(2031,	318,	2,	89,	34,	'2021-02-12 12:00:57'),
(2032,	318,	2,	90,	34,	'2021-02-12 12:00:57'),
(2033,	318,	2,	91,	34,	'2021-02-12 12:00:57'),
(2034,	318,	2,	92,	34,	'2021-02-12 12:00:57'),
(2035,	318,	2,	93,	34,	'2021-02-12 12:00:57'),
(2036,	318,	2,	94,	34,	'2021-02-12 12:00:57'),
(2037,	318,	2,	95,	34,	'2021-02-12 12:00:57'),
(2038,	318,	2,	96,	34,	'2021-02-12 12:00:57'),
(2039,	318,	2,	97,	34,	'2021-02-12 12:00:57'),
(2040,	318,	2,	98,	34,	'2021-02-12 12:00:57'),
(2041,	318,	2,	99,	34,	'2021-02-12 12:00:57'),
(2042,	318,	2,	100,	34,	'2021-02-12 12:00:57'),
(2043,	318,	2,	101,	34,	'2021-02-12 12:00:57'),
(2044,	318,	2,	102,	34,	'2021-02-12 12:00:57'),
(2045,	318,	2,	103,	34,	'2021-02-12 12:00:57'),
(2046,	318,	2,	104,	34,	'2021-02-12 12:00:57'),
(2047,	318,	2,	105,	34,	'2021-02-12 12:00:57'),
(2048,	318,	2,	106,	34,	'2021-02-12 12:00:57'),
(2049,	318,	2,	107,	34,	'2021-02-12 12:00:57'),
(2050,	318,	2,	108,	34,	'2021-02-12 12:00:57'),
(2051,	318,	2,	109,	34,	'2021-02-12 12:00:57'),
(2052,	318,	2,	110,	34,	'2021-02-12 12:00:57'),
(2053,	318,	2,	111,	34,	'2021-02-12 12:00:57'),
(2054,	318,	2,	112,	34,	'2021-02-12 12:00:57'),
(2055,	318,	2,	113,	34,	'2021-02-12 12:00:57'),
(2056,	318,	2,	114,	34,	'2021-02-12 12:00:57'),
(2057,	318,	2,	115,	34,	'2021-02-12 12:00:57'),
(2058,	318,	2,	116,	34,	'2021-02-12 12:00:57'),
(2059,	318,	2,	117,	34,	'2021-02-12 12:00:57'),
(2060,	318,	2,	118,	34,	'2021-02-12 12:00:57'),
(2061,	318,	2,	119,	34,	'2021-02-12 12:00:57'),
(2062,	318,	2,	120,	34,	'2021-02-12 12:00:57'),
(2063,	318,	2,	121,	34,	'2021-02-12 12:00:57'),
(2064,	318,	2,	122,	34,	'2021-02-12 12:00:57'),
(2065,	318,	2,	123,	34,	'2021-02-12 12:00:57'),
(2066,	318,	2,	124,	34,	'2021-02-12 12:00:57'),
(2067,	318,	2,	125,	34,	'2021-02-12 12:00:57'),
(2068,	318,	2,	126,	34,	'2021-02-12 12:00:57'),
(2069,	318,	2,	127,	34,	'2021-02-12 12:00:57'),
(2070,	318,	2,	128,	34,	'2021-02-12 12:00:57'),
(2071,	318,	2,	129,	34,	'2021-02-12 12:00:57'),
(2072,	318,	2,	130,	34,	'2021-02-12 12:00:57'),
(2073,	318,	2,	131,	34,	'2021-02-12 12:00:57'),
(2074,	318,	2,	132,	34,	'2021-02-12 12:00:57'),
(2075,	318,	2,	133,	34,	'2021-02-12 12:00:57'),
(2076,	318,	2,	134,	34,	'2021-02-12 12:00:57'),
(2077,	318,	2,	135,	34,	'2021-02-12 12:00:57'),
(2078,	318,	2,	136,	34,	'2021-02-12 12:00:57'),
(2079,	318,	2,	137,	34,	'2021-02-12 12:00:57'),
(2080,	318,	2,	138,	34,	'2021-02-12 12:00:57'),
(2081,	318,	2,	139,	34,	'2021-02-12 12:00:57'),
(2082,	318,	2,	140,	34,	'2021-02-12 12:00:57'),
(2083,	318,	2,	141,	34,	'2021-02-12 12:00:57'),
(2084,	318,	2,	142,	34,	'2021-02-12 12:00:57'),
(2085,	318,	2,	143,	34,	'2021-02-12 12:00:57'),
(2086,	318,	2,	144,	34,	'2021-02-12 12:00:57'),
(2087,	318,	2,	145,	34,	'2021-02-12 12:00:57'),
(2088,	318,	2,	146,	34,	'2021-02-12 12:00:57'),
(2089,	318,	2,	147,	34,	'2021-02-12 12:00:57'),
(2090,	318,	2,	148,	34,	'2021-02-12 12:00:57'),
(2091,	318,	2,	149,	34,	'2021-02-12 12:00:57'),
(2092,	318,	2,	150,	34,	'2021-02-12 12:00:57'),
(2093,	318,	2,	151,	34,	'2021-02-12 12:00:57'),
(2094,	318,	2,	152,	34,	'2021-02-12 12:00:57'),
(2095,	318,	2,	153,	34,	'2021-02-12 12:00:57'),
(2096,	318,	2,	154,	34,	'2021-02-12 12:00:57'),
(2097,	318,	2,	155,	34,	'2021-02-12 12:00:57'),
(2098,	318,	2,	156,	34,	'2021-02-12 12:00:57'),
(2099,	318,	2,	157,	34,	'2021-02-12 12:00:57'),
(2100,	318,	2,	158,	34,	'2021-02-12 12:00:57'),
(2101,	318,	2,	159,	34,	'2021-02-12 12:00:57'),
(2102,	318,	2,	160,	34,	'2021-02-12 12:00:57'),
(2103,	318,	2,	161,	34,	'2021-02-12 12:00:57'),
(2104,	318,	2,	162,	34,	'2021-02-12 12:00:57'),
(2105,	318,	2,	163,	34,	'2021-02-12 12:00:57'),
(2106,	318,	2,	164,	34,	'2021-02-12 12:00:57'),
(2107,	318,	2,	165,	34,	'2021-02-12 12:00:57'),
(2108,	318,	2,	166,	34,	'2021-02-12 12:00:57'),
(2109,	318,	2,	167,	34,	'2021-02-12 12:00:57'),
(2110,	318,	2,	168,	34,	'2021-02-12 12:00:57'),
(2111,	318,	2,	169,	34,	'2021-02-12 12:00:57'),
(2112,	318,	2,	170,	34,	'2021-02-12 12:00:57'),
(2113,	318,	2,	171,	34,	'2021-02-12 12:00:57'),
(2114,	318,	2,	172,	34,	'2021-02-12 12:00:57'),
(2115,	318,	2,	173,	34,	'2021-02-12 12:00:57'),
(2116,	318,	2,	174,	34,	'2021-02-12 12:00:57'),
(2117,	318,	2,	175,	34,	'2021-02-12 12:00:57'),
(2118,	318,	2,	176,	34,	'2021-02-12 12:00:57'),
(2119,	318,	2,	177,	34,	'2021-02-12 12:00:57'),
(2120,	318,	3,	201,	34,	'2021-02-12 12:00:57'),
(2121,	318,	3,	202,	34,	'2021-02-12 12:00:57'),
(2122,	318,	3,	203,	34,	'2021-02-12 12:00:57'),
(2123,	318,	3,	206,	34,	'2021-02-12 12:00:57'),
(2124,	318,	4,	320,	34,	'2021-02-12 12:00:57'),
(2125,	318,	4,	322,	34,	'2021-02-12 12:00:57'),
(2126,	318,	4,	323,	34,	'2021-02-12 12:00:57'),
(2127,	318,	4,	324,	34,	'2021-02-12 12:00:57'),
(2128,	318,	4,	326,	34,	'2021-02-12 12:00:57'),
(2130,	319,	1,	9,	22,	'2021-02-16 08:18:19'),
(2131,	319,	2,	83,	22,	'2021-02-16 08:18:19'),
(2138,	320,	5,	356,	45,	'2021-02-16 10:15:38'),
(2139,	321,	1,	9,	45,	'2021-02-16 10:21:19'),
(2140,	322,	8,	431,	45,	'2021-02-16 10:21:36'),
(2141,	323,	1,	3,	45,	'2021-02-16 10:25:32'),
(2142,	323,	4,	321,	45,	'2021-02-16 10:25:32'),
(2144,	324,	2,	72,	34,	'2021-02-16 12:53:04'),
(2145,	324,	2,	73,	34,	'2021-02-16 12:53:04'),
(2146,	324,	2,	74,	34,	'2021-02-16 12:53:04'),
(2147,	324,	2,	75,	34,	'2021-02-16 12:53:04'),
(2148,	325,	1,	1,	48,	'2021-02-16 13:06:04'),
(2149,	325,	1,	2,	48,	'2021-02-16 13:06:04'),
(2150,	325,	1,	3,	48,	'2021-02-16 13:06:04'),
(2151,	326,	2,	74,	22,	'2021-02-16 15:51:33'),
(2152,	326,	2,	75,	22,	'2021-02-16 15:51:33'),
(2153,	327,	3,	203,	22,	'2021-02-16 16:35:57'),
(2154,	327,	3,	207,	22,	'2021-02-16 16:35:57'),
(2155,	327,	4,	323,	22,	'2021-02-16 16:35:57'),
(2156,	328,	2,	74,	22,	'2021-02-16 16:36:14'),
(2157,	328,	6,	384,	22,	'2021-02-16 16:36:14'),
(2162,	330,	2,	93,	22,	'2021-02-16 16:36:59'),
(2163,	330,	2,	95,	22,	'2021-02-16 16:36:59'),
(2164,	331,	5,	355,	22,	'2021-02-16 16:37:10'),
(2165,	331,	5,	358,	22,	'2021-02-16 16:37:10'),
(2166,	332,	2,	76,	22,	'2021-02-16 16:53:15'),
(2167,	332,	2,	77,	22,	'2021-02-16 16:53:15'),
(2168,	332,	6,	374,	22,	'2021-02-16 16:53:15'),
(2169,	333,	4,	323,	22,	'2021-02-16 16:53:29'),
(2170,	334,	2,	77,	22,	'2021-02-17 02:05:45'),
(2171,	334,	2,	78,	22,	'2021-02-17 02:05:45'),
(2172,	334,	6,	373,	22,	'2021-02-17 02:05:46'),
(2173,	335,	5,	355,	22,	'2021-02-17 02:05:59'),
(2174,	336,	1,	3,	22,	'2021-02-17 02:06:26'),
(2175,	336,	4,	321,	22,	'2021-02-17 02:06:26'),
(2176,	337,	3,	205,	22,	'2021-02-17 02:06:56'),
(2177,	337,	6,	392,	22,	'2021-02-17 02:06:56'),
(2178,	338,	7,	533,	22,	'2021-02-17 02:07:58'),
(2179,	339,	9,	575,	22,	'2021-02-17 02:08:09'),
(2185,	341,	3,	203,	22,	'2021-02-17 02:16:32'),
(2186,	341,	8,	428,	22,	'2021-02-17 02:16:32'),
(2187,	342,	4,	341,	22,	'2021-02-17 02:17:10'),
(2188,	342,	4,	342,	22,	'2021-02-17 02:17:10'),
(2189,	343,	1,	4,	22,	'2021-02-17 02:17:17'),
(2190,	344,	3,	202,	22,	'2021-02-17 02:31:21'),
(2191,	344,	6,	371,	22,	'2021-02-17 02:31:21'),
(2192,	345,	2,	75,	22,	'2021-02-17 02:32:36'),
(2193,	345,	6,	374,	22,	'2021-02-17 02:32:36'),
(2194,	345,	9,	577,	22,	'2021-02-17 02:32:36'),
(2201,	346,	4,	322,	22,	'2021-02-17 02:33:56'),
(2202,	347,	4,	323,	22,	'2021-02-17 02:34:53'),
(2203,	348,	3,	200,	22,	'2021-02-17 02:35:09'),
(2204,	348,	6,	375,	22,	'2021-02-17 02:35:09'),
(2205,	349,	1,	2,	22,	'2021-02-17 02:35:48'),
(2206,	349,	8,	430,	22,	'2021-02-17 02:35:48'),
(2207,	349,	8,	431,	22,	'2021-02-17 02:35:48'),
(2208,	350,	3,	207,	22,	'2021-02-17 02:36:38'),
(2209,	350,	4,	330,	22,	'2021-02-17 02:36:38'),
(2210,	350,	8,	438,	22,	'2021-02-17 02:36:38'),
(2211,	350,	8,	439,	22,	'2021-02-17 02:36:38'),
(2212,	351,	6,	371,	22,	'2021-02-17 02:37:32'),
(2213,	351,	8,	428,	22,	'2021-02-17 02:37:32'),
(2214,	351,	8,	429,	22,	'2021-02-17 02:37:32'),
(2215,	351,	8,	430,	22,	'2021-02-17 02:37:32'),
(2216,	352,	6,	406,	22,	'2021-02-17 02:38:13'),
(2217,	352,	6,	407,	22,	'2021-02-17 02:38:13'),
(2218,	352,	9,	598,	22,	'2021-02-17 02:38:13'),
(2219,	353,	3,	237,	22,	'2021-02-17 02:38:34'),
(2220,	353,	4,	346,	22,	'2021-02-17 02:38:34'),
(2268,	357,	2,	72,	33,	'2021-02-17 07:46:33'),
(2269,	357,	2,	73,	33,	'2021-02-17 07:46:33'),
(2404,	360,	5,	352,	45,	'2021-02-17 10:45:21'),
(2406,	361,	4,	326,	45,	'2021-02-17 11:01:37'),
(2407,	358,	4,	321,	45,	'2021-02-17 11:10:07'),
(2408,	358,	4,	372,	45,	'2021-02-17 11:10:07'),
(2409,	358,	6,	321,	45,	'2021-02-17 11:10:07'),
(2410,	358,	6,	372,	45,	'2021-02-17 11:10:07'),
(2420,	359,	2,	73,	45,	'2021-02-17 12:10:43'),
(2421,	359,	9,	576,	45,	'2021-02-17 12:10:43'),
(2422,	359,	1,	1,	45,	'2021-02-17 12:10:43'),
(2423,	362,	1,	1,	45,	'2021-02-17 12:11:20'),
(2470,	356,	1,	3,	45,	'2021-02-17 12:12:28'),
(2471,	356,	1,	72,	45,	'2021-02-17 12:12:28'),
(2472,	356,	1,	3,	45,	'2021-02-17 12:12:28'),
(2473,	356,	1,	72,	45,	'2021-02-17 12:12:28'),
(2474,	356,	1,	320,	45,	'2021-02-17 12:12:28'),
(2475,	356,	1,	3,	45,	'2021-02-17 12:12:28'),
(2476,	356,	1,	72,	45,	'2021-02-17 12:12:28'),
(2477,	356,	1,	3,	45,	'2021-02-17 12:12:28'),
(2478,	356,	1,	72,	45,	'2021-02-17 12:12:28'),
(2479,	356,	1,	320,	45,	'2021-02-17 12:12:28'),
(2480,	356,	1,	3,	45,	'2021-02-17 12:12:28'),
(2481,	356,	1,	72,	45,	'2021-02-17 12:12:28'),
(2482,	356,	1,	3,	45,	'2021-02-17 12:12:28'),
(2483,	356,	1,	72,	45,	'2021-02-17 12:12:28'),
(2484,	356,	1,	320,	45,	'2021-02-17 12:12:28'),
(2485,	356,	2,	3,	45,	'2021-02-17 12:12:28'),
(2486,	356,	2,	72,	45,	'2021-02-17 12:12:28'),
(2487,	356,	2,	3,	45,	'2021-02-17 12:12:28'),
(2488,	356,	2,	72,	45,	'2021-02-17 12:12:28'),
(2489,	356,	2,	320,	45,	'2021-02-17 12:12:28'),
(2490,	356,	2,	3,	45,	'2021-02-17 12:12:28'),
(2491,	356,	2,	72,	45,	'2021-02-17 12:12:28'),
(2492,	356,	2,	3,	45,	'2021-02-17 12:12:28'),
(2493,	356,	2,	72,	45,	'2021-02-17 12:12:28'),
(2494,	356,	2,	320,	45,	'2021-02-17 12:12:28'),
(2495,	356,	2,	3,	45,	'2021-02-17 12:12:28'),
(2496,	356,	2,	72,	45,	'2021-02-17 12:12:28'),
(2497,	356,	2,	3,	45,	'2021-02-17 12:12:28'),
(2498,	356,	2,	72,	45,	'2021-02-17 12:12:28'),
(2499,	356,	2,	320,	45,	'2021-02-17 12:12:28'),
(2500,	356,	3,	205,	45,	'2021-02-17 12:12:28'),
(2501,	356,	4,	3,	45,	'2021-02-17 12:12:28'),
(2502,	356,	4,	72,	45,	'2021-02-17 12:12:28'),
(2503,	356,	4,	3,	45,	'2021-02-17 12:12:29'),
(2504,	356,	4,	72,	45,	'2021-02-17 12:12:29'),
(2505,	356,	4,	320,	45,	'2021-02-17 12:12:29'),
(2506,	356,	4,	3,	45,	'2021-02-17 12:12:29'),
(2507,	356,	4,	72,	45,	'2021-02-17 12:12:29'),
(2508,	356,	4,	3,	45,	'2021-02-17 12:12:29'),
(2509,	356,	4,	72,	45,	'2021-02-17 12:12:29'),
(2510,	356,	4,	320,	45,	'2021-02-17 12:12:29'),
(2511,	356,	4,	3,	45,	'2021-02-17 12:12:29'),
(2512,	356,	4,	72,	45,	'2021-02-17 12:12:29'),
(2513,	356,	4,	3,	45,	'2021-02-17 12:12:29'),
(2514,	356,	4,	72,	45,	'2021-02-17 12:12:29'),
(2515,	356,	4,	320,	45,	'2021-02-17 12:12:29'),
(2516,	356,	1,	3,	45,	'2021-02-17 12:12:29'),
(2776,	354,	1,	1,	34,	'2021-02-17 12:20:55'),
(2777,	354,	1,	2,	34,	'2021-02-17 12:20:55'),
(2778,	354,	1,	3,	34,	'2021-02-17 12:20:55'),
(2779,	354,	1,	4,	34,	'2021-02-17 12:20:55'),
(2780,	354,	1,	5,	34,	'2021-02-17 12:20:55'),
(2781,	354,	1,	6,	34,	'2021-02-17 12:20:55'),
(2782,	354,	1,	7,	34,	'2021-02-17 12:20:55'),
(2783,	354,	1,	8,	34,	'2021-02-17 12:20:55'),
(2784,	354,	1,	9,	34,	'2021-02-17 12:20:55'),
(2785,	354,	1,	10,	34,	'2021-02-17 12:20:55'),
(2786,	354,	1,	11,	34,	'2021-02-17 12:20:55'),
(2787,	354,	1,	12,	34,	'2021-02-17 12:20:55'),
(2788,	354,	1,	13,	34,	'2021-02-17 12:20:55'),
(2789,	354,	1,	14,	34,	'2021-02-17 12:20:55'),
(2790,	354,	1,	15,	34,	'2021-02-17 12:20:55'),
(2791,	354,	1,	16,	34,	'2021-02-17 12:20:55'),
(2792,	354,	1,	17,	34,	'2021-02-17 12:20:55'),
(2793,	354,	1,	18,	34,	'2021-02-17 12:20:55'),
(2794,	354,	1,	19,	34,	'2021-02-17 12:20:55'),
(2795,	354,	1,	20,	34,	'2021-02-17 12:20:55'),
(2796,	354,	1,	21,	34,	'2021-02-17 12:20:55'),
(2797,	354,	1,	22,	34,	'2021-02-17 12:20:55'),
(2798,	354,	1,	23,	34,	'2021-02-17 12:20:55'),
(2799,	354,	1,	24,	34,	'2021-02-17 12:20:55'),
(2800,	354,	1,	25,	34,	'2021-02-17 12:20:55'),
(2801,	354,	1,	26,	34,	'2021-02-17 12:20:55'),
(2802,	354,	1,	27,	34,	'2021-02-17 12:20:55'),
(2803,	354,	1,	28,	34,	'2021-02-17 12:20:55'),
(2804,	354,	1,	29,	34,	'2021-02-17 12:20:55'),
(2805,	354,	1,	1,	34,	'2021-02-17 12:20:55'),
(2806,	354,	1,	2,	34,	'2021-02-17 12:20:55'),
(2807,	354,	1,	3,	34,	'2021-02-17 12:20:55'),
(2808,	354,	1,	4,	34,	'2021-02-17 12:20:55'),
(2809,	354,	1,	5,	34,	'2021-02-17 12:20:55'),
(2810,	354,	1,	6,	34,	'2021-02-17 12:20:55'),
(2811,	354,	1,	7,	34,	'2021-02-17 12:20:55'),
(2812,	354,	1,	8,	34,	'2021-02-17 12:20:55'),
(2813,	354,	1,	9,	34,	'2021-02-17 12:20:55'),
(2814,	354,	1,	10,	34,	'2021-02-17 12:20:55'),
(2815,	354,	1,	11,	34,	'2021-02-17 12:20:55'),
(2816,	354,	1,	12,	34,	'2021-02-17 12:20:55'),
(2817,	354,	1,	13,	34,	'2021-02-17 12:20:55'),
(2818,	354,	1,	14,	34,	'2021-02-17 12:20:55'),
(2819,	354,	1,	15,	34,	'2021-02-17 12:20:55'),
(2820,	354,	1,	16,	34,	'2021-02-17 12:20:55'),
(2821,	354,	1,	17,	34,	'2021-02-17 12:20:55'),
(2822,	354,	1,	18,	34,	'2021-02-17 12:20:55'),
(2823,	354,	1,	19,	34,	'2021-02-17 12:20:55'),
(2824,	354,	1,	20,	34,	'2021-02-17 12:20:55'),
(2825,	354,	1,	21,	34,	'2021-02-17 12:20:55'),
(2826,	354,	1,	22,	34,	'2021-02-17 12:20:55'),
(2827,	354,	1,	23,	34,	'2021-02-17 12:20:55'),
(2828,	354,	1,	24,	34,	'2021-02-17 12:20:55'),
(2829,	354,	1,	25,	34,	'2021-02-17 12:20:55'),
(2830,	354,	1,	26,	34,	'2021-02-17 12:20:55'),
(2831,	354,	1,	27,	34,	'2021-02-17 12:20:55'),
(2832,	354,	1,	28,	34,	'2021-02-17 12:20:55'),
(2833,	354,	1,	29,	34,	'2021-02-17 12:20:55'),
(2834,	354,	2,	75,	34,	'2021-02-17 12:20:55'),
(2835,	354,	2,	76,	34,	'2021-02-17 12:20:55'),
(2836,	354,	2,	77,	34,	'2021-02-17 12:20:55'),
(2837,	354,	3,	200,	34,	'2021-02-17 12:20:55'),
(2838,	354,	3,	201,	34,	'2021-02-17 12:20:55'),
(2839,	354,	3,	202,	34,	'2021-02-17 12:20:55'),
(2840,	354,	4,	319,	34,	'2021-02-17 12:20:55'),
(2841,	354,	4,	320,	34,	'2021-02-17 12:20:55'),
(2842,	354,	7,	529,	34,	'2021-02-17 12:20:55'),
(2843,	354,	7,	530,	34,	'2021-02-17 12:20:55'),
(2923,	355,	5,	353,	45,	'2021-02-17 13:14:00'),
(2924,	364,	1,	1,	22,	'2021-02-17 13:26:42'),
(2925,	364,	1,	2,	22,	'2021-02-17 13:26:42'),
(2926,	364,	2,	72,	22,	'2021-02-17 13:26:42'),
(2927,	364,	2,	73,	22,	'2021-02-17 13:26:42'),
(2930,	365,	1,	5,	22,	'2021-02-17 14:46:33'),
(2931,	365,	2,	75,	22,	'2021-02-17 14:46:33'),
(2932,	365,	8,	432,	22,	'2021-02-17 14:46:33'),
(2936,	367,	4,	321,	22,	'2021-02-17 14:46:50'),
(2937,	367,	6,	375,	22,	'2021-02-17 14:46:50'),
(2938,	367,	7,	533,	22,	'2021-02-17 14:46:50'),
(2939,	368,	1,	5,	22,	'2021-02-17 14:49:22'),
(2940,	368,	5,	354,	22,	'2021-02-17 14:49:22'),
(2941,	368,	8,	430,	22,	'2021-02-17 14:49:22'),
(2942,	366,	1,	4,	22,	'2021-02-17 14:49:41'),
(2943,	366,	2,	78,	22,	'2021-02-17 14:49:41'),
(2944,	369,	2,	84,	22,	'2021-02-17 22:07:49'),
(2945,	369,	2,	86,	22,	'2021-02-17 22:07:49'),
(2946,	369,	3,	258,	22,	'2021-02-17 22:07:49'),
(2948,	370,	1,	1,	34,	'2021-02-18 07:53:03'),
(2949,	370,	1,	2,	34,	'2021-02-18 07:53:03'),
(2950,	371,	2,	72,	34,	'2021-02-18 07:59:01'),
(2951,	371,	2,	73,	34,	'2021-02-18 07:59:01'),
(2952,	363,	1,	1,	34,	'2021-02-18 10:53:05'),
(2953,	363,	2,	73,	34,	'2021-02-18 10:53:05'),
(2954,	363,	3,	201,	34,	'2021-02-18 10:53:05'),
(2955,	363,	4,	320,	34,	'2021-02-18 10:53:05'),
(2956,	363,	5,	350,	34,	'2021-02-18 10:53:05'),
(2957,	363,	6,	370,	34,	'2021-02-18 10:53:05'),
(2958,	363,	7,	514,	34,	'2021-02-18 10:53:05'),
(2959,	363,	8,	204,	34,	'2021-02-18 10:53:05'),
(2960,	363,	9,	572,	34,	'2021-02-18 10:53:05'),
(2961,	329,	1,	1,	22,	'2021-02-19 04:57:45'),
(2962,	329,	1,	2,	22,	'2021-02-19 04:57:46'),
(2963,	329,	2,	72,	22,	'2021-02-19 04:57:46'),
(2964,	329,	2,	73,	22,	'2021-02-19 04:57:46'),
(2967,	372,	1,	3,	34,	'2021-02-19 05:27:12'),
(2968,	372,	1,	6,	34,	'2021-02-19 05:27:12'),
(2969,	372,	9,	572,	34,	'2021-02-19 05:27:12'),
(2970,	372,	9,	574,	34,	'2021-02-19 05:27:12'),
(3050,	375,	3,	205,	45,	'2021-02-19 06:07:36'),
(3112,	377,	4,	319,	34,	'2021-02-19 11:36:07'),
(3113,	377,	4,	320,	34,	'2021-02-19 11:36:07'),
(3114,	377,	7,	514,	34,	'2021-02-19 11:36:07'),
(3115,	377,	7,	541,	34,	'2021-02-19 11:36:07'),
(3116,	377,	1,	1,	34,	'2021-02-19 11:36:07'),
(3175,	380,	7,	514,	34,	'2021-02-19 11:54:34'),
(3176,	380,	2,	73,	34,	'2021-02-19 11:54:34'),
(3177,	380,	2,	72,	34,	'2021-02-19 11:54:34'),
(3178,	380,	7,	529,	34,	'2021-02-19 11:54:34'),
(3179,	380,	1,	3,	34,	'2021-02-19 11:54:34'),
(3180,	380,	7,	530,	34,	'2021-02-19 11:54:34'),
(3181,	380,	3,	200,	34,	'2021-02-19 11:54:34'),
(3182,	380,	1,	1,	34,	'2021-02-19 11:54:34'),
(3183,	380,	3,	201,	34,	'2021-02-19 11:54:34'),
(3184,	379,	2,	72,	34,	'2021-02-19 11:54:59'),
(3185,	379,	3,	200,	34,	'2021-02-19 11:54:59'),
(3186,	379,	2,	73,	34,	'2021-02-19 11:54:59'),
(3187,	379,	1,	2,	34,	'2021-02-19 11:54:59'),
(3188,	379,	1,	3,	34,	'2021-02-19 11:54:59'),
(3196,	376,	3,	202,	34,	'2021-02-19 11:55:05'),
(3197,	376,	4,	321,	34,	'2021-02-19 11:55:06'),
(3198,	376,	7,	514,	34,	'2021-02-19 11:55:06'),
(3199,	376,	7,	530,	34,	'2021-02-19 11:55:06'),
(3200,	376,	7,	540,	34,	'2021-02-19 11:55:06'),
(3220,	381,	9,	572,	34,	'2021-02-19 12:14:28'),
(3221,	381,	9,	573,	34,	'2021-02-19 12:14:28'),
(3222,	381,	7,	540,	34,	'2021-02-19 12:14:28'),
(3223,	381,	7,	568,	34,	'2021-02-19 12:14:28'),
(3224,	381,	8,	204,	34,	'2021-02-19 12:14:28'),
(3225,	381,	8,	426,	34,	'2021-02-19 12:14:28'),
(3226,	382,	3,	203,	33,	'2021-02-19 12:27:55'),
(3227,	382,	3,	205,	33,	'2021-02-19 12:27:55'),
(3228,	382,	3,	206,	33,	'2021-02-19 12:27:55'),
(3229,	382,	3,	207,	33,	'2021-02-19 12:27:55'),
(3230,	382,	3,	208,	33,	'2021-02-19 12:27:55'),
(3231,	382,	3,	209,	33,	'2021-02-19 12:27:55'),
(3252,	378,	1,	1,	34,	'2021-02-19 12:31:23'),
(3253,	378,	1,	3,	34,	'2021-02-19 12:31:23'),
(3254,	378,	4,	319,	34,	'2021-02-19 12:31:23'),
(3255,	378,	4,	321,	34,	'2021-02-19 12:31:23'),
(3256,	378,	4,	320,	34,	'2021-02-19 12:31:23'),
(3257,	378,	7,	529,	34,	'2021-02-19 12:31:23'),
(3258,	378,	7,	530,	34,	'2021-02-19 12:31:23'),
(3259,	378,	7,	540,	34,	'2021-02-19 12:31:23'),
(3260,	383,	3,	202,	22,	'2021-02-19 12:31:34'),
(3261,	383,	3,	205,	22,	'2021-02-19 12:31:34'),
(3262,	383,	3,	207,	22,	'2021-02-19 12:31:34'),
(3263,	383,	3,	208,	22,	'2021-02-19 12:31:34'),
(3264,	383,	5,	354,	22,	'2021-02-19 12:31:34'),
(3265,	383,	5,	356,	22,	'2021-02-19 12:31:34'),
(3266,	373,	8,	204,	34,	'2021-02-19 12:39:38'),
(3267,	373,	6,	370,	34,	'2021-02-19 12:39:38'),
(3268,	373,	3,	200,	34,	'2021-02-19 12:39:38'),
(3269,	373,	3,	201,	34,	'2021-02-19 12:39:38'),
(3270,	373,	4,	319,	34,	'2021-02-19 12:39:38'),
(3271,	373,	4,	320,	34,	'2021-02-19 12:39:38'),
(3272,	373,	4,	321,	34,	'2021-02-19 12:39:38'),
(3273,	373,	4,	322,	34,	'2021-02-19 12:39:38'),
(3274,	373,	1,	1,	34,	'2021-02-19 12:39:38'),
(3275,	373,	1,	2,	34,	'2021-02-19 12:39:38'),
(3276,	373,	5,	350,	34,	'2021-02-19 12:39:38'),
(3277,	373,	5,	351,	34,	'2021-02-19 12:39:38'),
(3278,	373,	2,	72,	34,	'2021-02-19 12:39:38'),
(3279,	373,	2,	73,	34,	'2021-02-19 12:39:38'),
(3280,	373,	7,	514,	34,	'2021-02-19 12:39:38'),
(3281,	373,	7,	529,	34,	'2021-02-19 12:39:38'),
(3282,	373,	9,	572,	34,	'2021-02-19 12:39:38'),
(3283,	384,	1,	1,	34,	'2021-02-19 12:48:57'),
(3284,	384,	2,	72,	34,	'2021-02-19 12:48:57'),
(3285,	384,	3,	200,	34,	'2021-02-19 12:48:57'),
(3286,	374,	1,	1,	34,	'2021-02-19 12:49:08'),
(3287,	374,	2,	72,	34,	'2021-02-19 12:49:08'),
(3288,	374,	4,	320,	34,	'2021-02-19 12:49:08'),
(3289,	374,	5,	350,	34,	'2021-02-19 12:49:08'),
(3290,	374,	9,	572,	34,	'2021-02-19 12:49:08'),
(3296,	385,	1,	1,	34,	'2021-02-19 13:20:02'),
(3297,	385,	3,	200,	34,	'2021-02-19 13:20:02'),
(3298,	386,	4,	322,	22,	'2021-02-19 13:37:57'),
(3299,	386,	8,	428,	22,	'2021-02-19 13:37:57'),
(3300,	387,	3,	203,	22,	'2021-02-19 13:38:13'),
(3301,	387,	7,	532,	22,	'2021-02-19 13:38:13'),
(3302,	340,	1,	3,	22,	'2021-02-19 13:39:38'),
(3303,	340,	1,	4,	22,	'2021-02-19 13:39:38'),
(3304,	388,	1,	6,	22,	'2021-02-19 13:41:19'),
(3305,	388,	1,	9,	22,	'2021-02-19 13:41:19'),
(3306,	388,	8,	430,	22,	'2021-02-19 13:41:19'),
(3307,	389,	2,	74,	22,	'2021-02-19 13:45:56'),
(3308,	389,	2,	77,	22,	'2021-02-19 13:45:56'),
(3309,	390,	4,	320,	22,	'2021-02-19 13:46:24'),
(3313,	391,	1,	3,	22,	'2021-03-01 14:32:47'),
(3314,	391,	2,	73,	22,	'2021-03-01 14:32:47'),
(3315,	391,	4,	321,	22,	'2021-03-01 14:32:47'),
(3316,	391,	5,	352,	22,	'2021-03-01 14:32:47'),
(3317,	392,	3,	203,	22,	'2021-03-01 16:34:31'),
(3318,	392,	4,	325,	22,	'2021-03-01 16:34:31'),
(3319,	392,	6,	375,	22,	'2021-03-01 16:34:31'),
(3322,	393,	2,	85,	22,	'2021-03-01 16:41:24'),
(3323,	393,	9,	576,	22,	'2021-03-01 16:41:24'),
(3324,	394,	1,	1,	22,	'2021-03-01 16:41:56'),
(3325,	394,	1,	2,	22,	'2021-03-01 16:41:56'),
(3326,	394,	1,	3,	22,	'2021-03-01 16:41:56'),
(3327,	394,	1,	4,	22,	'2021-03-01 16:41:56');

DROP TABLE IF EXISTS `user_logs`;
CREATE TABLE `user_logs` (
  `userlogId` int(11) NOT NULL AUTO_INCREMENT,
  `userId` int(11) DEFAULT NULL,
  `log_date` varchar(50) DEFAULT '',
  `created_at` timestamp NULL DEFAULT CURRENT_TIMESTAMP,
  PRIMARY KEY (`userlogId`),
  KEY `userId` (`userId`)
) ENGINE=InnoDB DEFAULT CHARSET=latin1;

INSERT INTO `user_logs` (`userlogId`, `userId`, `log_date`, `created_at`) VALUES
(6,	22,	'2020-07-09',	'2020-08-05 21:24:54'),
(7,	22,	'2020-08-06',	'2020-08-07 01:45:12'),
(14,	22,	'2020-08-20',	'2020-08-20 23:34:34'),
(18,	22,	'2020-08-22',	'2020-08-23 01:46:14'),
(27,	22,	'2020-08-26',	'2020-08-26 13:15:04'),
(31,	22,	'2020-08-27',	'2020-08-27 15:55:19'),
(36,	22,	'2020-08-29',	'2020-08-30 01:22:32'),
(46,	22,	'2020-09-06',	'2020-09-07 01:09:56'),
(47,	22,	'2020-09-05',	'2020-09-07 01:45:48'),
(48,	22,	'2020-09-04',	'2020-09-07 01:46:00'),
(49,	22,	'2020-09-03',	'2020-09-07 01:46:14'),
(50,	22,	'2020-09-02',	'2020-09-07 01:46:25'),
(51,	22,	'2020-09-01',	'2020-09-07 01:46:32'),
(52,	22,	'2020-08-31',	'2020-09-07 01:46:41'),
(53,	22,	'2020-08-30',	'2020-09-07 01:48:58'),
(54,	22,	'2020-08-28',	'2020-09-07 01:49:16'),
(55,	22,	'2020-08-25',	'2020-09-07 01:49:35'),
(56,	22,	'2020-08-24',	'2020-09-07 01:49:43'),
(57,	22,	'2020-08-23',	'2020-09-07 01:50:05'),
(58,	22,	'2020-08-21',	'2020-09-07 01:50:23'),
(59,	22,	'2020-08-19',	'2020-09-07 01:50:33'),
(60,	22,	'2020-08-18',	'2020-09-07 01:50:39'),
(61,	22,	'2020-08-17',	'2020-09-07 01:50:48'),
(62,	22,	'2020-08-16',	'2020-09-07 01:50:56'),
(63,	22,	'2020-08-15',	'2020-09-07 01:51:01'),
(64,	22,	'2020-08-14',	'2020-09-07 01:51:10'),
(65,	22,	'2020-08-13',	'2020-09-07 01:51:19'),
(66,	22,	'2020-08-12',	'2020-09-07 01:51:27'),
(67,	22,	'2020-08-11',	'2020-09-07 01:51:33'),
(68,	22,	'2020-08-10',	'2020-09-07 01:51:37'),
(69,	22,	'2020-08-09',	'2020-09-07 01:51:44'),
(70,	22,	'2020-08-08',	'2020-09-07 01:51:55'),
(71,	22,	'2020-08-07',	'2020-09-07 01:52:00'),
(72,	22,	'2020-08-05',	'2020-09-07 01:52:14'),
(77,	22,	'2020-09-08',	'2020-09-09 20:13:37'),
(78,	22,	'2020-08-01',	'2020-09-09 21:32:01'),
(79,	22,	'2020-08-02',	'2020-09-09 21:33:36'),
(80,	22,	'2020-08-03',	'2020-09-10 03:02:21'),
(81,	22,	'2020-08-04',	'2020-09-10 03:03:13'),
(91,	22,	'2020-09-12',	'2020-09-12 21:01:12'),
(92,	22,	'2020-09-11',	'2020-09-12 21:02:03'),
(93,	22,	'2020-09-10',	'2020-09-12 21:02:20'),
(94,	22,	'2020-09-09',	'2020-09-12 21:02:43'),
(95,	22,	'2020-09-07',	'2020-09-12 21:03:38'),
(96,	22,	'2020-07-30',	'2020-09-12 21:06:51'),
(108,	22,	'2020-09-16',	'2020-09-16 18:18:31'),
(110,	22,	'2020-09-18',	'2020-09-18 20:20:22'),
(113,	22,	'2020-09-25',	'2020-09-25 15:49:46'),
(116,	22,	'2020-09-30',	'2020-10-01 03:56:44'),
(137,	22,	'2020-11-12',	'2020-11-13 22:10:11'),
(171,	22,	'2020-12-31',	'2020-12-31 12:04:21'),
(173,	22,	'2021-01-04',	'2021-01-04 12:18:21'),
(174,	22,	'2021-01-01',	'2021-01-04 16:54:31'),
(175,	22,	'2021-01-02',	'2021-01-04 16:54:54'),
(176,	22,	'2021-01-03',	'2021-01-04 16:55:52'),
(180,	22,	'2021-01-06',	'2021-01-06 10:08:39'),
(181,	22,	'2021-01-05',	'2021-01-06 13:50:47'),
(184,	22,	'2021-01-08',	'2021-01-08 11:20:01'),
(185,	22,	'2021-01-07',	'2021-01-08 11:35:39'),
(187,	22,	'2021-01-10',	'2021-01-10 17:03:36'),
(189,	22,	'2021-01-11',	'2021-01-11 15:02:36'),
(194,	22,	'2021-01-13',	'2021-01-13 11:22:04'),
(196,	22,	'2021-01-12',	'2021-01-13 18:20:15'),
(197,	22,	'2021-01-09',	'2021-01-13 18:25:54'),
(198,	22,	'2021-01-14',	'2021-01-15 04:02:16'),
(202,	22,	'2021-01-19',	'2021-01-19 06:22:34'),
(206,	22,	'2021-01-21',	'2021-01-21 13:54:47'),
(208,	22,	'2021-01-15',	'2021-01-22 13:10:35'),
(209,	22,	'2021-01-16',	'2021-01-22 13:49:00'),
(210,	22,	'2021-01-17',	'2021-01-22 13:53:38'),
(211,	22,	'2021-01-18',	'2021-01-22 13:55:49'),
(212,	22,	'2021-01-22',	'2021-01-22 14:04:47'),
(213,	22,	'2021-01-20',	'2021-01-22 14:07:54'),
(214,	22,	'2021-01-27',	'2021-01-27 14:34:38'),
(217,	22,	'2021-01-23',	'2021-01-29 12:35:36'),
(218,	22,	'2021-01-29',	'2021-01-29 12:38:24'),
(219,	22,	'2021-01-28',	'2021-01-29 12:44:01'),
(220,	22,	'2021-01-26',	'2021-01-29 12:48:16'),
(221,	22,	'2021-01-25',	'2021-01-29 12:49:53'),
(222,	22,	'2021-01-24',	'2021-01-29 12:51:31'),
(230,	22,	'2021-02-02',	'2021-02-02 13:13:10'),
(233,	22,	'2021-02-03',	'2021-02-03 09:26:04'),
(237,	22,	'2021-02-05',	'2021-02-05 08:53:13'),
(244,	34,	'2021-02-10',	'2021-02-10 07:35:42'),
(245,	35,	'2021-02-10',	'2021-02-10 08:35:50'),
(246,	22,	'2021-02-01',	'2021-02-10 11:49:29'),
(247,	22,	'2021-02-10',	'2021-02-10 11:49:50'),
(248,	44,	'2021-02-12',	'2021-02-12 11:18:47'),
(249,	34,	'2021-02-12',	'2021-02-12 11:25:36'),
(250,	45,	'2021-02-16',	'2021-02-16 06:36:04'),
(251,	22,	'2021-02-16',	'2021-02-16 08:15:32'),
(252,	34,	'2021-02-16',	'2021-02-16 12:46:49'),
(253,	48,	'2021-02-16',	'2021-02-16 13:05:39'),
(254,	22,	'2021-02-15',	'2021-02-16 16:32:31'),
(255,	22,	'2021-02-14',	'2021-02-16 16:36:30'),
(256,	22,	'2021-02-13',	'2021-02-16 16:38:38'),
(257,	22,	'2021-02-04',	'2021-02-17 02:08:39'),
(258,	22,	'2021-02-06',	'2021-02-17 02:17:27'),
(259,	22,	'2021-02-12',	'2021-02-17 02:31:44'),
(260,	22,	'2021-02-11',	'2021-02-17 02:32:53'),
(261,	22,	'2021-02-09',	'2021-02-17 02:35:09'),
(262,	22,	'2021-02-08',	'2021-02-17 02:35:48'),
(263,	22,	'2021-02-07',	'2021-02-17 02:36:38'),
(264,	45,	'2021-02-17',	'2021-02-17 05:26:38'),
(265,	34,	'2021-02-17',	'2021-02-17 06:07:01'),
(266,	33,	'2021-02-17',	'2021-02-17 07:46:23'),
(267,	22,	'2021-02-17',	'2021-02-17 14:44:51'),
(268,	34,	'2021-02-18',	'2021-02-18 06:01:43'),
(269,	22,	'2021-02-18',	'2021-02-18 06:20:31'),
(270,	34,	'2021-02-19',	'2021-02-19 05:33:46'),
(271,	45,	'2021-02-19',	'2021-02-19 05:57:04'),
(272,	33,	'2021-02-19',	'2021-02-19 12:27:31'),
(273,	22,	'2021-02-19',	'2021-02-19 12:30:38'),
(274,	22,	'2021-02-22',	'2021-02-22 12:18:30'),
(275,	33,	'2021-03-01',	'2021-03-01 12:44:30'),
(276,	22,	'2021-02-28',	'2021-03-01 14:04:52'),
(277,	22,	'2021-02-27',	'2021-03-01 16:37:19');

DROP TABLE IF EXISTS `user_symptom`;
CREATE TABLE `user_symptom` (
  `usersymptomId` int(11) NOT NULL AUTO_INCREMENT,
  `symptomId` int(11) DEFAULT NULL,
  `symptomNameId` int(11) DEFAULT NULL,
  `userId` int(11) DEFAULT NULL,
  `created_at` timestamp NULL DEFAULT CURRENT_TIMESTAMP,
  PRIMARY KEY (`usersymptomId`),
  KEY `symptomId` (`symptomId`),
  KEY `symptomNameId` (`symptomNameId`),
  KEY `userId` (`userId`),
  CONSTRAINT `user_symptom_ibfk_1` FOREIGN KEY (`symptomId`) REFERENCES `symptom` (`symptomId`),
  CONSTRAINT `user_symptom_ibfk_2` FOREIGN KEY (`symptomNameId`) REFERENCES `symptom_name` (`symptomNameId`),
  CONSTRAINT `user_symptom_ibfk_3` FOREIGN KEY (`userId`) REFERENCES `user` (`userId`)
) ENGINE=InnoDB DEFAULT CHARSET=latin1;

INSERT INTO `user_symptom` (`usersymptomId`, `symptomId`, `symptomNameId`, `userId`, `created_at`) VALUES
(62,	12,	2,	22,	'2020-09-07 01:11:55'),
(63,	12,	5,	22,	'2020-09-07 01:11:55'),
(64,	11,	17,	22,	'2020-09-07 01:12:01'),
(65,	11,	19,	22,	'2020-09-07 01:12:01'),
(80,	15,	2,	22,	'2020-09-09 20:13:56'),
(81,	16,	2,	22,	'2020-09-09 20:33:07'),
(82,	17,	3,	22,	'2020-09-09 21:33:08'),
(83,	18,	2,	22,	'2020-09-09 21:33:58'),
(84,	18,	1,	22,	'2020-09-09 21:33:58'),
(85,	18,	3,	22,	'2020-09-09 21:33:58'),
(86,	18,	6,	22,	'2020-09-09 21:33:58'),
(87,	18,	20,	22,	'2020-09-09 21:33:58'),
(88,	18,	18,	22,	'2020-09-09 21:33:58'),
(89,	18,	22,	22,	'2020-09-09 21:33:58'),
(90,	18,	24,	22,	'2020-09-09 21:33:58'),
(91,	18,	23,	22,	'2020-09-09 21:33:58'),
(92,	18,	21,	22,	'2020-09-09 21:33:58'),
(93,	19,	2,	22,	'2020-09-09 21:34:19'),
(94,	19,	1,	22,	'2020-09-09 21:34:19'),
(95,	19,	3,	22,	'2020-09-09 21:34:19'),
(96,	20,	3,	22,	'2020-09-10 03:02:59'),
(97,	20,	1,	22,	'2020-09-10 03:02:59'),
(98,	20,	6,	22,	'2020-09-10 03:02:59'),
(99,	20,	4,	22,	'2020-09-10 03:02:59'),
(100,	21,	3,	22,	'2020-09-10 03:03:04'),
(101,	21,	1,	22,	'2020-09-10 03:03:04'),
(102,	21,	6,	22,	'2020-09-10 03:03:04'),
(103,	22,	3,	22,	'2020-09-10 03:03:13'),
(104,	22,	1,	22,	'2020-09-10 03:03:13'),
(105,	23,	2,	22,	'2020-09-10 03:04:08'),
(106,	23,	5,	22,	'2020-09-10 03:04:08'),
(107,	23,	6,	22,	'2020-09-10 03:04:08'),
(108,	24,	2,	22,	'2020-09-10 03:04:14'),
(109,	24,	19,	22,	'2020-09-10 03:04:14'),
(110,	24,	16,	22,	'2020-09-10 03:04:14'),
(111,	24,	17,	22,	'2020-09-10 03:04:14'),
(112,	25,	22,	22,	'2020-09-10 03:04:20'),
(113,	25,	24,	22,	'2020-09-10 03:04:20'),
(114,	26,	20,	22,	'2020-09-10 03:04:30'),
(115,	26,	24,	22,	'2020-09-10 03:04:30'),
(116,	26,	16,	22,	'2020-09-10 03:04:30'),
(117,	26,	17,	22,	'2020-09-10 03:04:30'),
(118,	27,	3,	22,	'2020-09-10 03:06:46'),
(119,	27,	2,	22,	'2020-09-10 03:06:46'),
(120,	28,	2,	22,	'2020-09-10 03:06:52'),
(121,	28,	17,	22,	'2020-09-10 03:06:52'),
(122,	29,	3,	22,	'2020-09-10 03:07:08'),
(123,	29,	1,	22,	'2020-09-10 03:07:08'),
(124,	30,	2,	22,	'2020-09-10 03:07:30'),
(125,	30,	6,	22,	'2020-09-10 03:07:30'),
(126,	30,	12,	22,	'2020-09-10 03:07:30'),
(127,	30,	14,	22,	'2020-09-10 03:07:30'),
(128,	31,	6,	22,	'2020-09-10 03:08:31'),
(129,	31,	3,	22,	'2020-09-10 03:08:31'),
(130,	32,	6,	22,	'2020-09-10 03:09:02'),
(131,	32,	3,	22,	'2020-09-10 03:09:02'),
(132,	33,	2,	22,	'2020-09-10 03:09:13'),
(133,	33,	1,	22,	'2020-09-10 03:09:13'),
(134,	33,	5,	22,	'2020-09-10 03:09:13'),
(135,	34,	2,	22,	'2020-09-10 03:09:28'),
(136,	34,	3,	22,	'2020-09-10 03:09:28'),
(137,	34,	6,	22,	'2020-09-10 03:09:28'),
(138,	35,	2,	22,	'2020-09-10 03:09:41'),
(141,	37,	2,	22,	'2020-09-10 03:10:29'),
(142,	38,	3,	22,	'2020-09-10 03:10:34'),
(143,	38,	6,	22,	'2020-09-10 03:10:34'),
(144,	39,	6,	22,	'2020-09-10 03:10:46'),
(145,	40,	2,	22,	'2020-09-10 03:12:09'),
(146,	40,	8,	22,	'2020-09-10 03:12:09'),
(149,	42,	2,	22,	'2020-09-10 03:13:36'),
(150,	42,	3,	22,	'2020-09-10 03:13:36'),
(151,	43,	2,	22,	'2020-09-10 03:13:40'),
(152,	43,	5,	22,	'2020-09-10 03:13:40'),
(153,	44,	2,	22,	'2020-09-10 03:14:21'),
(154,	44,	5,	22,	'2020-09-10 03:14:21'),
(155,	45,	2,	22,	'2020-09-10 03:14:30'),
(156,	45,	5,	22,	'2020-09-10 03:14:30'),
(157,	46,	2,	22,	'2020-09-10 03:14:52'),
(158,	46,	5,	22,	'2020-09-10 03:14:52'),
(159,	46,	6,	22,	'2020-09-10 03:14:52'),
(160,	47,	2,	22,	'2020-09-10 03:14:56'),
(161,	48,	2,	22,	'2020-09-10 03:15:05'),
(162,	49,	6,	22,	'2020-09-10 03:15:18'),
(163,	50,	3,	22,	'2020-09-10 03:15:27'),
(164,	50,	6,	22,	'2020-09-10 03:15:27'),
(165,	50,	17,	22,	'2020-09-10 03:15:27'),
(166,	50,	15,	22,	'2020-09-10 03:15:27'),
(167,	51,	2,	22,	'2020-09-10 03:15:37'),
(168,	52,	6,	22,	'2020-09-10 03:15:56'),
(169,	53,	6,	22,	'2020-09-10 03:16:11'),
(170,	53,	2,	22,	'2020-09-10 03:16:11'),
(171,	54,	2,	22,	'2020-09-10 03:16:27'),
(172,	54,	5,	22,	'2020-09-10 03:16:27'),
(173,	55,	6,	22,	'2020-09-10 03:16:39'),
(174,	55,	2,	22,	'2020-09-10 03:16:39'),
(175,	56,	6,	22,	'2020-09-10 03:16:52'),
(176,	56,	2,	22,	'2020-09-10 03:16:52'),
(177,	57,	19,	22,	'2020-09-10 03:17:00'),
(178,	57,	9,	22,	'2020-09-10 03:17:00'),
(179,	57,	11,	22,	'2020-09-10 03:17:00'),
(180,	57,	12,	22,	'2020-09-10 03:17:00'),
(181,	58,	2,	22,	'2020-09-10 03:17:17'),
(198,	67,	2,	22,	'2020-09-12 21:01:51'),
(199,	68,	6,	22,	'2020-09-12 21:02:35'),
(200,	69,	2,	22,	'2020-09-12 21:02:57'),
(201,	70,	6,	22,	'2020-09-12 21:03:53'),
(202,	70,	2,	22,	'2020-09-12 21:03:53'),
(203,	71,	2,	22,	'2020-09-12 21:04:14'),
(204,	72,	3,	22,	'2020-09-12 21:04:56'),
(205,	72,	5,	22,	'2020-09-12 21:04:56'),
(206,	73,	6,	22,	'2020-09-12 21:05:11'),
(207,	74,	2,	22,	'2020-09-12 21:07:14'),
(235,	80,	2,	22,	'2020-09-16 18:18:31'),
(236,	81,	6,	22,	'2020-09-16 18:18:52'),
(237,	81,	2,	22,	'2020-09-16 18:18:52'),
(246,	84,	5,	22,	'2020-09-18 20:20:22'),
(247,	84,	2,	22,	'2020-09-18 20:20:22'),
(248,	84,	4,	22,	'2020-09-18 20:20:22'),
(261,	87,	2,	22,	'2020-09-25 20:06:53'),
(387,	41,	2,	22,	'2020-11-09 21:00:19'),
(388,	41,	6,	22,	'2020-11-09 21:00:19'),
(389,	41,	3,	22,	'2020-11-09 21:00:19'),
(390,	41,	5,	22,	'2020-11-09 21:00:19'),
(391,	41,	8,	22,	'2020-11-09 21:00:19'),
(392,	41,	7,	22,	'2020-11-09 21:00:19'),
(393,	41,	4,	22,	'2020-11-09 21:00:19'),
(394,	41,	1,	22,	'2020-11-09 21:00:19'),
(395,	41,	9,	22,	'2020-11-09 21:00:19'),
(396,	41,	10,	22,	'2020-11-09 21:00:19'),
(397,	41,	11,	22,	'2020-11-09 21:00:19'),
(398,	41,	14,	22,	'2020-11-09 21:00:19'),
(399,	41,	13,	22,	'2020-11-09 21:00:19'),
(401,	97,	2,	22,	'2020-11-13 22:10:22'),
(402,	97,	15,	22,	'2020-11-13 22:10:22'),
(403,	97,	14,	22,	'2020-11-13 22:10:22'),
(583,	36,	14,	22,	'2020-12-21 19:12:47'),
(584,	36,	16,	22,	'2020-12-21 19:12:47'),
(585,	36,	17,	22,	'2020-12-21 19:12:47'),
(586,	36,	18,	22,	'2020-12-21 19:12:47'),
(587,	36,	19,	22,	'2020-12-21 19:12:47'),
(588,	36,	20,	22,	'2020-12-21 19:12:47'),
(589,	36,	24,	22,	'2020-12-21 19:12:47'),
(603,	126,	1,	22,	'2021-01-04 17:01:44'),
(606,	128,	3,	22,	'2021-01-04 17:07:02'),
(607,	128,	1,	22,	'2021-01-04 17:07:02'),
(608,	128,	5,	22,	'2021-01-04 17:07:02'),
(609,	129,	1,	22,	'2021-01-04 17:07:23'),
(610,	129,	6,	22,	'2021-01-04 17:07:23'),
(611,	129,	4,	22,	'2021-01-04 17:07:23'),
(612,	129,	5,	22,	'2021-01-04 17:07:23'),
(613,	129,	2,	22,	'2021-01-04 17:07:23'),
(614,	129,	8,	22,	'2021-01-04 17:07:23'),
(615,	130,	1,	22,	'2021-01-04 17:07:30'),
(616,	130,	3,	22,	'2021-01-04 17:07:30'),
(617,	130,	4,	22,	'2021-01-04 17:07:30'),
(618,	130,	6,	22,	'2021-01-04 17:07:30'),
(619,	130,	7,	22,	'2021-01-04 17:07:30'),
(620,	131,	3,	22,	'2021-01-04 17:07:36'),
(621,	131,	1,	22,	'2021-01-04 17:07:36'),
(622,	131,	6,	22,	'2021-01-04 17:07:36'),
(623,	131,	4,	22,	'2021-01-04 17:07:36'),
(624,	131,	8,	22,	'2021-01-04 17:07:36'),
(625,	125,	2,	22,	'2021-01-04 17:07:47'),
(626,	125,	23,	22,	'2021-01-04 17:07:47'),
(627,	125,	6,	22,	'2021-01-04 17:07:47'),
(628,	125,	8,	22,	'2021-01-04 17:07:47'),
(629,	125,	5,	22,	'2021-01-04 17:07:47'),
(630,	132,	3,	22,	'2021-01-04 17:28:52'),
(631,	132,	1,	22,	'2021-01-04 17:28:52'),
(632,	132,	6,	22,	'2021-01-04 17:28:52'),
(633,	132,	4,	22,	'2021-01-04 17:28:52'),
(634,	132,	5,	22,	'2021-01-04 17:28:52'),
(635,	132,	2,	22,	'2021-01-04 17:28:52'),
(636,	132,	15,	22,	'2021-01-04 17:28:52'),
(637,	132,	12,	22,	'2021-01-04 17:28:52'),
(638,	132,	14,	22,	'2021-01-04 17:28:52'),
(639,	132,	9,	22,	'2021-01-04 17:28:52'),
(640,	132,	11,	22,	'2021-01-04 17:28:52'),
(641,	132,	7,	22,	'2021-01-04 17:28:52'),
(642,	132,	16,	22,	'2021-01-04 17:28:52'),
(643,	132,	17,	22,	'2021-01-04 17:28:52'),
(644,	133,	1,	22,	'2021-01-04 17:29:10'),
(645,	133,	3,	22,	'2021-01-04 17:29:10'),
(646,	133,	4,	22,	'2021-01-04 17:29:10'),
(647,	133,	5,	22,	'2021-01-04 17:29:10'),
(648,	133,	2,	22,	'2021-01-04 17:29:10'),
(649,	133,	9,	22,	'2021-01-04 17:29:10'),
(650,	133,	14,	22,	'2021-01-04 17:29:10'),
(651,	133,	11,	22,	'2021-01-04 17:29:10'),
(652,	133,	15,	22,	'2021-01-04 17:29:10'),
(653,	133,	7,	22,	'2021-01-04 17:29:10'),
(654,	133,	10,	22,	'2021-01-04 17:29:10'),
(655,	133,	8,	22,	'2021-01-04 17:29:10'),
(656,	133,	12,	22,	'2021-01-04 17:29:10'),
(657,	133,	17,	22,	'2021-01-04 17:29:10'),
(658,	133,	16,	22,	'2021-01-04 17:29:10'),
(659,	133,	19,	22,	'2021-01-04 17:29:10'),
(660,	133,	18,	22,	'2021-01-04 17:29:10'),
(661,	133,	20,	22,	'2021-01-04 17:29:10'),
(662,	133,	22,	22,	'2021-01-04 17:29:10'),
(663,	133,	21,	22,	'2021-01-04 17:29:10'),
(664,	133,	24,	22,	'2021-01-04 17:29:10'),
(665,	133,	23,	22,	'2021-01-04 17:29:10'),
(666,	133,	6,	22,	'2021-01-04 17:29:10'),
(667,	134,	2,	22,	'2021-01-04 17:38:18'),
(668,	134,	6,	22,	'2021-01-04 17:38:18'),
(709,	140,	9,	22,	'2021-01-06 10:09:24'),
(710,	140,	11,	22,	'2021-01-06 10:09:24'),
(711,	140,	10,	22,	'2021-01-06 10:09:24'),
(712,	140,	1,	22,	'2021-01-06 10:09:24'),
(713,	140,	2,	22,	'2021-01-06 10:09:24'),
(714,	140,	3,	22,	'2021-01-06 10:09:24'),
(715,	140,	5,	22,	'2021-01-06 10:09:24'),
(716,	140,	6,	22,	'2021-01-06 10:09:24'),
(717,	140,	7,	22,	'2021-01-06 10:09:24'),
(718,	140,	8,	22,	'2021-01-06 10:09:24'),
(719,	140,	4,	22,	'2021-01-06 10:09:24'),
(720,	140,	12,	22,	'2021-01-06 10:09:24'),
(721,	140,	14,	22,	'2021-01-06 10:09:24'),
(722,	140,	13,	22,	'2021-01-06 10:09:24'),
(723,	140,	16,	22,	'2021-01-06 10:09:24'),
(724,	140,	15,	22,	'2021-01-06 10:09:24'),
(725,	140,	18,	22,	'2021-01-06 10:09:24'),
(726,	140,	17,	22,	'2021-01-06 10:09:24'),
(727,	140,	21,	22,	'2021-01-06 10:09:24'),
(728,	140,	19,	22,	'2021-01-06 10:09:24'),
(729,	140,	23,	22,	'2021-01-06 10:09:24'),
(730,	140,	22,	22,	'2021-01-06 10:09:24'),
(731,	140,	24,	22,	'2021-01-06 10:09:24'),
(732,	140,	20,	22,	'2021-01-06 10:09:24'),
(737,	143,	1,	22,	'2021-01-08 11:28:22'),
(738,	143,	4,	22,	'2021-01-08 11:28:22'),
(739,	127,	1,	22,	'2021-01-08 11:28:34'),
(740,	127,	3,	22,	'2021-01-08 11:28:34'),
(741,	127,	7,	22,	'2021-01-08 11:28:34'),
(742,	144,	3,	22,	'2021-01-08 11:29:04'),
(743,	144,	6,	22,	'2021-01-08 11:29:04'),
(744,	144,	8,	22,	'2021-01-08 11:29:04'),
(745,	145,	2,	22,	'2021-01-08 11:29:11'),
(746,	145,	5,	22,	'2021-01-08 11:29:11'),
(747,	145,	8,	22,	'2021-01-08 11:29:11'),
(748,	145,	22,	22,	'2021-01-08 11:29:11'),
(749,	146,	2,	22,	'2021-01-08 11:31:42'),
(750,	146,	5,	22,	'2021-01-08 11:31:42'),
(751,	146,	7,	22,	'2021-01-08 11:31:42'),
(752,	146,	19,	22,	'2021-01-08 11:31:42'),
(753,	147,	2,	22,	'2021-01-08 11:31:48'),
(754,	147,	5,	22,	'2021-01-08 11:31:48'),
(755,	147,	8,	22,	'2021-01-08 11:31:48'),
(756,	148,	3,	22,	'2021-01-08 11:32:23'),
(757,	148,	6,	22,	'2021-01-08 11:32:23'),
(758,	148,	8,	22,	'2021-01-08 11:32:23'),
(759,	148,	17,	22,	'2021-01-08 11:32:23'),
(760,	148,	16,	22,	'2021-01-08 11:32:23'),
(761,	149,	3,	22,	'2021-01-08 11:32:31'),
(762,	149,	2,	22,	'2021-01-08 11:32:31'),
(763,	150,	3,	22,	'2021-01-08 11:32:38'),
(764,	150,	6,	22,	'2021-01-08 11:32:38'),
(765,	150,	19,	22,	'2021-01-08 11:32:38'),
(766,	150,	22,	22,	'2021-01-08 11:32:38'),
(767,	150,	24,	22,	'2021-01-08 11:32:38'),
(768,	151,	12,	22,	'2021-01-08 11:34:19'),
(769,	151,	13,	22,	'2021-01-08 11:34:19'),
(770,	151,	9,	22,	'2021-01-08 11:34:19'),
(771,	151,	10,	22,	'2021-01-08 11:34:19'),
(772,	151,	11,	22,	'2021-01-08 11:34:19'),
(773,	151,	8,	22,	'2021-01-08 11:34:19'),
(774,	152,	2,	22,	'2021-01-08 11:34:34'),
(775,	152,	8,	22,	'2021-01-08 11:34:34'),
(776,	152,	5,	22,	'2021-01-08 11:34:34'),
(777,	152,	20,	22,	'2021-01-08 11:34:34'),
(778,	152,	17,	22,	'2021-01-08 11:34:34'),
(779,	153,	3,	22,	'2021-01-08 11:35:19'),
(780,	153,	8,	22,	'2021-01-08 11:35:19'),
(781,	153,	5,	22,	'2021-01-08 11:35:19'),
(782,	154,	3,	22,	'2021-01-08 11:36:41'),
(783,	154,	5,	22,	'2021-01-08 11:36:41'),
(784,	155,	2,	22,	'2021-01-08 11:36:45'),
(785,	155,	5,	22,	'2021-01-08 11:36:45'),
(786,	156,	8,	22,	'2021-01-08 11:36:53'),
(787,	156,	19,	22,	'2021-01-08 11:36:53'),
(788,	156,	18,	22,	'2021-01-08 11:36:53'),
(789,	156,	16,	22,	'2021-01-08 11:36:53'),
(790,	157,	2,	22,	'2021-01-08 11:37:00'),
(791,	157,	5,	22,	'2021-01-08 11:37:00'),
(792,	157,	19,	22,	'2021-01-08 11:37:00'),
(793,	157,	22,	22,	'2021-01-08 11:37:00'),
(794,	158,	3,	22,	'2021-01-08 11:37:09'),
(795,	158,	6,	22,	'2021-01-08 11:37:09'),
(796,	158,	20,	22,	'2021-01-08 11:37:09'),
(797,	158,	19,	22,	'2021-01-08 11:37:09'),
(798,	158,	22,	22,	'2021-01-08 11:37:09'),
(799,	158,	24,	22,	'2021-01-08 11:37:09'),
(800,	159,	19,	22,	'2021-01-08 11:39:21'),
(801,	159,	18,	22,	'2021-01-08 11:39:21'),
(802,	159,	21,	22,	'2021-01-08 11:39:21'),
(803,	159,	23,	22,	'2021-01-08 11:39:21'),
(804,	160,	1,	22,	'2021-01-08 11:39:31'),
(805,	160,	4,	22,	'2021-01-08 11:39:31'),
(806,	160,	7,	22,	'2021-01-08 11:39:31'),
(807,	160,	21,	22,	'2021-01-08 11:39:31'),
(808,	160,	18,	22,	'2021-01-08 11:39:31'),
(809,	161,	13,	22,	'2021-01-08 11:39:41'),
(810,	161,	15,	22,	'2021-01-08 11:39:41'),
(811,	161,	12,	22,	'2021-01-08 11:39:41'),
(812,	162,	15,	22,	'2021-01-08 11:39:48'),
(813,	162,	12,	22,	'2021-01-08 11:39:48'),
(814,	162,	9,	22,	'2021-01-08 11:39:48'),
(815,	162,	7,	22,	'2021-01-08 11:39:48'),
(816,	162,	4,	22,	'2021-01-08 11:39:48'),
(817,	163,	13,	22,	'2021-01-08 11:39:56'),
(818,	163,	10,	22,	'2021-01-08 11:39:56'),
(819,	163,	8,	22,	'2021-01-08 11:39:56'),
(820,	163,	6,	22,	'2021-01-08 11:39:56'),
(824,	166,	2,	22,	'2021-01-11 15:02:45'),
(825,	166,	5,	22,	'2021-01-11 15:02:45'),
(854,	171,	3,	22,	'2021-01-13 18:19:20'),
(855,	171,	1,	22,	'2021-01-13 18:19:20'),
(856,	171,	6,	22,	'2021-01-13 18:19:20'),
(857,	171,	4,	22,	'2021-01-13 18:19:20'),
(858,	172,	2,	22,	'2021-01-13 18:19:25'),
(859,	172,	4,	22,	'2021-01-13 18:19:25'),
(860,	173,	3,	22,	'2021-01-13 18:19:35'),
(861,	173,	6,	22,	'2021-01-13 18:19:35'),
(862,	173,	5,	22,	'2021-01-13 18:19:35'),
(863,	173,	13,	22,	'2021-01-13 18:19:35'),
(864,	173,	12,	22,	'2021-01-13 18:19:35'),
(865,	173,	10,	22,	'2021-01-13 18:19:35'),
(866,	173,	15,	22,	'2021-01-13 18:19:35'),
(867,	173,	17,	22,	'2021-01-13 18:19:35'),
(868,	173,	16,	22,	'2021-01-13 18:19:35'),
(869,	173,	19,	22,	'2021-01-13 18:19:35'),
(870,	173,	18,	22,	'2021-01-13 18:19:35'),
(871,	173,	20,	22,	'2021-01-13 18:19:35'),
(872,	173,	22,	22,	'2021-01-13 18:19:35'),
(873,	174,	4,	22,	'2021-01-13 18:20:51'),
(874,	174,	8,	22,	'2021-01-13 18:20:51'),
(875,	174,	7,	22,	'2021-01-13 18:20:51'),
(876,	175,	2,	22,	'2021-01-13 18:20:56'),
(877,	175,	4,	22,	'2021-01-13 18:20:56'),
(878,	176,	1,	22,	'2021-01-13 18:21:02'),
(879,	176,	5,	22,	'2021-01-13 18:21:02'),
(880,	176,	4,	22,	'2021-01-13 18:21:02'),
(881,	176,	18,	22,	'2021-01-13 18:21:02'),
(882,	176,	19,	22,	'2021-01-13 18:21:02'),
(883,	177,	10,	22,	'2021-01-13 18:23:17'),
(884,	177,	13,	22,	'2021-01-13 18:23:17'),
(885,	177,	15,	22,	'2021-01-13 18:23:17'),
(886,	177,	16,	22,	'2021-01-13 18:23:17'),
(887,	177,	17,	22,	'2021-01-13 18:23:17'),
(888,	178,	1,	22,	'2021-01-13 18:23:25'),
(889,	178,	4,	22,	'2021-01-13 18:23:25'),
(890,	178,	7,	22,	'2021-01-13 18:23:25'),
(891,	178,	12,	22,	'2021-01-13 18:23:25'),
(892,	178,	16,	22,	'2021-01-13 18:23:25'),
(893,	179,	3,	22,	'2021-01-13 18:24:53'),
(894,	179,	5,	22,	'2021-01-13 18:24:53'),
(895,	180,	1,	22,	'2021-01-13 18:24:59'),
(896,	180,	2,	22,	'2021-01-13 18:24:59'),
(897,	180,	5,	22,	'2021-01-13 18:24:59'),
(898,	180,	4,	22,	'2021-01-13 18:24:59'),
(899,	180,	7,	22,	'2021-01-13 18:24:59'),
(900,	181,	2,	22,	'2021-01-13 18:25:06'),
(901,	181,	5,	22,	'2021-01-13 18:25:06'),
(902,	181,	17,	22,	'2021-01-13 18:25:06'),
(903,	181,	19,	22,	'2021-01-13 18:25:06'),
(904,	181,	20,	22,	'2021-01-13 18:25:06'),
(905,	181,	22,	22,	'2021-01-13 18:25:06'),
(906,	181,	24,	22,	'2021-01-13 18:25:06'),
(907,	182,	5,	22,	'2021-01-13 18:25:15'),
(908,	182,	19,	22,	'2021-01-13 18:25:15'),
(909,	182,	21,	22,	'2021-01-13 18:25:15'),
(910,	182,	18,	22,	'2021-01-13 18:25:15'),
(911,	182,	22,	22,	'2021-01-13 18:25:15'),
(912,	183,	2,	22,	'2021-01-13 18:26:42'),
(913,	183,	4,	22,	'2021-01-13 18:26:42'),
(931,	185,	3,	22,	'2021-01-15 04:02:57'),
(932,	185,	2,	22,	'2021-01-15 04:02:57'),
(933,	185,	6,	22,	'2021-01-15 04:02:57'),
(934,	186,	1,	22,	'2021-01-15 04:03:02'),
(935,	186,	6,	22,	'2021-01-15 04:03:02'),
(936,	187,	18,	22,	'2021-01-15 04:03:09'),
(937,	187,	20,	22,	'2021-01-15 04:03:09'),
(938,	187,	21,	22,	'2021-01-15 04:03:09'),
(939,	187,	22,	22,	'2021-01-15 04:03:09'),
(940,	187,	23,	22,	'2021-01-15 04:03:09'),
(1115,	184,	4,	22,	'2021-01-20 17:13:57'),
(1116,	184,	6,	22,	'2021-01-20 17:13:57'),
(1117,	184,	7,	22,	'2021-01-20 17:13:57'),
(1118,	184,	8,	22,	'2021-01-20 17:13:57'),
(1119,	184,	9,	22,	'2021-01-20 17:13:57'),
(1120,	184,	11,	22,	'2021-01-20 17:13:57'),
(1121,	184,	12,	22,	'2021-01-20 17:13:57'),
(1122,	184,	14,	22,	'2021-01-20 17:13:57'),
(1123,	184,	16,	22,	'2021-01-20 17:13:57'),
(1124,	184,	17,	22,	'2021-01-20 17:13:57'),
(1125,	184,	18,	22,	'2021-01-20 17:13:57'),
(1126,	184,	19,	22,	'2021-01-20 17:13:57'),
(1127,	184,	20,	22,	'2021-01-20 17:13:57'),
(1128,	184,	21,	22,	'2021-01-20 17:13:57'),
(1129,	184,	22,	22,	'2021-01-20 17:13:57'),
(1130,	184,	23,	22,	'2021-01-20 17:13:57'),
(1131,	184,	24,	22,	'2021-01-20 17:13:57'),
(1132,	184,	13,	22,	'2021-01-20 17:13:57'),
(1133,	184,	10,	22,	'2021-01-20 17:13:57'),
(1134,	184,	2,	22,	'2021-01-20 17:13:57'),
(1135,	184,	5,	22,	'2021-01-20 17:13:57'),
(1136,	184,	3,	22,	'2021-01-20 17:13:57'),
(1137,	184,	1,	22,	'2021-01-20 17:13:57'),
(1138,	184,	15,	22,	'2021-01-20 17:13:57'),
(1139,	194,	15,	22,	'2021-01-21 16:18:58'),
(1140,	201,	3,	22,	'2021-01-22 13:12:51'),
(1141,	201,	6,	22,	'2021-01-22 13:12:51'),
(1142,	202,	9,	22,	'2021-01-22 13:12:59'),
(1143,	202,	10,	22,	'2021-01-22 13:12:59'),
(1144,	202,	11,	22,	'2021-01-22 13:12:59'),
(1145,	202,	7,	22,	'2021-01-22 13:12:59'),
(1146,	202,	8,	22,	'2021-01-22 13:12:59'),
(1147,	202,	4,	22,	'2021-01-22 13:12:59'),
(1148,	202,	6,	22,	'2021-01-22 13:12:59'),
(1149,	202,	5,	22,	'2021-01-22 13:12:59'),
(1150,	203,	3,	22,	'2021-01-22 13:36:26'),
(1151,	204,	2,	22,	'2021-01-22 13:38:49'),
(1152,	204,	5,	22,	'2021-01-22 13:38:49'),
(1153,	204,	13,	22,	'2021-01-22 13:38:49'),
(1154,	204,	15,	22,	'2021-01-22 13:38:49'),
(1155,	205,	6,	22,	'2021-01-22 13:49:32'),
(1156,	205,	5,	22,	'2021-01-22 13:49:32'),
(1157,	205,	16,	22,	'2021-01-22 13:49:32'),
(1158,	205,	17,	22,	'2021-01-22 13:49:32'),
(1159,	206,	3,	22,	'2021-01-22 13:49:52'),
(1160,	206,	2,	22,	'2021-01-22 13:49:52'),
(1161,	206,	6,	22,	'2021-01-22 13:49:52'),
(1162,	206,	5,	22,	'2021-01-22 13:49:52'),
(1163,	207,	1,	22,	'2021-01-22 13:52:56'),
(1164,	207,	2,	22,	'2021-01-22 13:52:56'),
(1165,	207,	4,	22,	'2021-01-22 13:52:56'),
(1166,	208,	16,	22,	'2021-01-22 13:54:23'),
(1167,	208,	17,	22,	'2021-01-22 13:54:23'),
(1168,	208,	18,	22,	'2021-01-22 13:54:23'),
(1169,	208,	19,	22,	'2021-01-22 13:54:23'),
(1170,	208,	20,	22,	'2021-01-22 13:54:23'),
(1171,	208,	21,	22,	'2021-01-22 13:54:23'),
(1172,	209,	1,	22,	'2021-01-22 13:54:29'),
(1173,	209,	6,	22,	'2021-01-22 13:54:29'),
(1174,	209,	4,	22,	'2021-01-22 13:54:29'),
(1175,	210,	3,	22,	'2021-01-22 13:54:35'),
(1176,	210,	6,	22,	'2021-01-22 13:54:35'),
(1177,	210,	8,	22,	'2021-01-22 13:54:35'),
(1178,	211,	1,	22,	'2021-01-22 13:56:38'),
(1179,	211,	6,	22,	'2021-01-22 13:56:38'),
(1180,	211,	16,	22,	'2021-01-22 13:56:38'),
(1181,	211,	17,	22,	'2021-01-22 13:56:38'),
(1182,	211,	18,	22,	'2021-01-22 13:56:38'),
(1183,	211,	19,	22,	'2021-01-22 13:56:38'),
(1184,	211,	21,	22,	'2021-01-22 13:56:38'),
(1185,	212,	1,	22,	'2021-01-22 13:56:46'),
(1186,	212,	6,	22,	'2021-01-22 13:56:46'),
(1235,	214,	1,	22,	'2021-01-22 14:05:52'),
(1236,	214,	3,	22,	'2021-01-22 14:05:52'),
(1237,	213,	1,	22,	'2021-01-22 14:07:18'),
(1238,	213,	2,	22,	'2021-01-22 14:07:18'),
(1239,	213,	3,	22,	'2021-01-22 14:07:18'),
(1240,	213,	4,	22,	'2021-01-22 14:07:18'),
(1241,	213,	5,	22,	'2021-01-22 14:07:18'),
(1242,	213,	6,	22,	'2021-01-22 14:07:18'),
(1243,	213,	7,	22,	'2021-01-22 14:07:18'),
(1244,	213,	8,	22,	'2021-01-22 14:07:18'),
(1245,	213,	9,	22,	'2021-01-22 14:07:18'),
(1246,	213,	10,	22,	'2021-01-22 14:07:18'),
(1247,	213,	11,	22,	'2021-01-22 14:07:18'),
(1248,	213,	12,	22,	'2021-01-22 14:07:18'),
(1249,	213,	13,	22,	'2021-01-22 14:07:18'),
(1250,	213,	14,	22,	'2021-01-22 14:07:18'),
(1251,	213,	15,	22,	'2021-01-22 14:07:18'),
(1252,	213,	16,	22,	'2021-01-22 14:07:18'),
(1253,	213,	17,	22,	'2021-01-22 14:07:18'),
(1254,	213,	18,	22,	'2021-01-22 14:07:18'),
(1255,	213,	19,	22,	'2021-01-22 14:07:18'),
(1256,	213,	20,	22,	'2021-01-22 14:07:18'),
(1257,	213,	21,	22,	'2021-01-22 14:07:18'),
(1258,	213,	22,	22,	'2021-01-22 14:07:18'),
(1259,	213,	23,	22,	'2021-01-22 14:07:18'),
(1260,	213,	24,	22,	'2021-01-22 14:07:18'),
(1261,	215,	16,	22,	'2021-01-22 14:08:10'),
(1262,	215,	17,	22,	'2021-01-22 14:08:10'),
(1263,	215,	12,	22,	'2021-01-22 14:08:10'),
(1264,	215,	14,	22,	'2021-01-22 14:08:10'),
(1265,	216,	2,	22,	'2021-01-22 14:08:15'),
(1266,	216,	1,	22,	'2021-01-22 14:08:15'),
(1267,	216,	5,	22,	'2021-01-22 14:08:15'),
(1311,	220,	3,	22,	'2021-01-29 12:34:39'),
(1312,	220,	6,	22,	'2021-01-29 12:34:39'),
(1313,	220,	5,	22,	'2021-01-29 12:34:39'),
(1314,	221,	3,	22,	'2021-01-29 12:34:49'),
(1315,	221,	6,	22,	'2021-01-29 12:34:49'),
(1316,	221,	20,	22,	'2021-01-29 12:34:49'),
(1317,	221,	16,	22,	'2021-01-29 12:34:49'),
(1318,	222,	6,	22,	'2021-01-29 12:34:55'),
(1319,	222,	8,	22,	'2021-01-29 12:34:55'),
(1320,	223,	3,	22,	'2021-01-29 12:36:23'),
(1321,	223,	6,	22,	'2021-01-29 12:36:23'),
(1322,	223,	24,	22,	'2021-01-29 12:36:23'),
(1323,	223,	23,	22,	'2021-01-29 12:36:23'),
(1324,	223,	22,	22,	'2021-01-29 12:36:23'),
(1325,	224,	4,	22,	'2021-01-29 12:36:29'),
(1326,	224,	21,	22,	'2021-01-29 12:36:29'),
(1327,	224,	22,	22,	'2021-01-29 12:36:29'),
(1328,	225,	9,	22,	'2021-01-29 12:37:03'),
(1329,	225,	10,	22,	'2021-01-29 12:37:03'),
(1330,	225,	11,	22,	'2021-01-29 12:37:03'),
(1331,	226,	6,	22,	'2021-01-29 12:38:50'),
(1332,	226,	8,	22,	'2021-01-29 12:38:50'),
(1333,	227,	2,	22,	'2021-01-29 12:38:57'),
(1334,	227,	15,	22,	'2021-01-29 12:38:57'),
(1335,	227,	16,	22,	'2021-01-29 12:38:57'),
(1336,	227,	17,	22,	'2021-01-29 12:38:57'),
(1337,	228,	3,	22,	'2021-01-29 12:45:39'),
(1338,	228,	6,	22,	'2021-01-29 12:45:39'),
(1339,	229,	3,	22,	'2021-01-29 12:46:12'),
(1340,	229,	6,	22,	'2021-01-29 12:46:12'),
(1341,	229,	16,	22,	'2021-01-29 12:46:12'),
(1342,	229,	17,	22,	'2021-01-29 12:46:12'),
(1343,	229,	18,	22,	'2021-01-29 12:46:12'),
(1344,	230,	3,	22,	'2021-01-29 12:46:17'),
(1345,	230,	20,	22,	'2021-01-29 12:46:17'),
(1346,	230,	18,	22,	'2021-01-29 12:46:17'),
(1347,	230,	19,	22,	'2021-01-29 12:46:17'),
(1348,	231,	16,	22,	'2021-01-29 12:47:02'),
(1349,	231,	17,	22,	'2021-01-29 12:47:02'),
(1350,	231,	18,	22,	'2021-01-29 12:47:02'),
(1351,	231,	19,	22,	'2021-01-29 12:47:02'),
(1352,	232,	12,	22,	'2021-01-29 12:47:20'),
(1353,	232,	17,	22,	'2021-01-29 12:47:20'),
(1354,	232,	18,	22,	'2021-01-29 12:47:20'),
(1355,	233,	17,	22,	'2021-01-29 12:48:42'),
(1356,	233,	16,	22,	'2021-01-29 12:48:42'),
(1357,	233,	18,	22,	'2021-01-29 12:48:42'),
(1358,	233,	19,	22,	'2021-01-29 12:48:42'),
(1359,	234,	19,	22,	'2021-01-29 12:48:49'),
(1360,	234,	18,	22,	'2021-01-29 12:48:49'),
(1361,	235,	17,	22,	'2021-01-29 12:48:57'),
(1362,	235,	16,	22,	'2021-01-29 12:48:57'),
(1363,	235,	19,	22,	'2021-01-29 12:48:57'),
(1364,	235,	22,	22,	'2021-01-29 12:48:57'),
(1365,	236,	2,	22,	'2021-01-29 12:50:10'),
(1366,	236,	1,	22,	'2021-01-29 12:50:10'),
(1367,	237,	15,	22,	'2021-01-29 12:50:16'),
(1368,	237,	17,	22,	'2021-01-29 12:50:16'),
(1369,	237,	19,	22,	'2021-01-29 12:50:16'),
(1370,	238,	3,	22,	'2021-01-29 12:51:48'),
(1371,	238,	6,	22,	'2021-01-29 12:51:48'),
(1372,	239,	1,	22,	'2021-02-03 09:26:04'),
(1373,	239,	2,	22,	'2021-02-03 09:26:04'),
(1494,	259,	1,	34,	'2021-02-10 07:35:53'),
(1495,	260,	2,	22,	'2021-02-10 11:55:04'),
(1496,	260,	1,	22,	'2021-02-10 11:55:04'),
(1497,	261,	1,	44,	'2021-02-12 11:19:09'),
(1498,	262,	2,	34,	'2021-02-12 11:25:50'),
(1523,	263,	1,	34,	'2021-02-12 11:57:56'),
(1524,	263,	2,	34,	'2021-02-12 11:57:56'),
(1525,	263,	3,	34,	'2021-02-12 11:57:56'),
(1526,	263,	4,	34,	'2021-02-12 11:57:56'),
(1527,	263,	5,	34,	'2021-02-12 11:57:56'),
(1528,	263,	6,	34,	'2021-02-12 11:57:56'),
(1529,	263,	7,	34,	'2021-02-12 11:57:56'),
(1530,	263,	8,	34,	'2021-02-12 11:57:56'),
(1531,	263,	9,	34,	'2021-02-12 11:57:56'),
(1532,	263,	10,	34,	'2021-02-12 11:57:56'),
(1533,	263,	11,	34,	'2021-02-12 11:57:56'),
(1534,	263,	12,	34,	'2021-02-12 11:57:56'),
(1535,	263,	13,	34,	'2021-02-12 11:57:56'),
(1536,	263,	14,	34,	'2021-02-12 11:57:56'),
(1537,	263,	15,	34,	'2021-02-12 11:57:56'),
(1538,	263,	16,	34,	'2021-02-12 11:57:56'),
(1539,	263,	17,	34,	'2021-02-12 11:57:56'),
(1540,	263,	18,	34,	'2021-02-12 11:57:56'),
(1541,	263,	19,	34,	'2021-02-12 11:57:56'),
(1542,	263,	20,	34,	'2021-02-12 11:57:56'),
(1543,	263,	21,	34,	'2021-02-12 11:57:56'),
(1544,	263,	22,	34,	'2021-02-12 11:57:56'),
(1545,	263,	23,	34,	'2021-02-12 11:57:56'),
(1546,	263,	24,	34,	'2021-02-12 11:57:56'),
(1551,	266,	15,	45,	'2021-02-16 09:58:22'),
(1552,	265,	9,	45,	'2021-02-16 09:58:40'),
(1553,	265,	15,	45,	'2021-02-16 09:58:40'),
(1561,	267,	1,	34,	'2021-02-16 12:53:20'),
(1562,	267,	4,	34,	'2021-02-16 12:53:20'),
(1563,	267,	9,	34,	'2021-02-16 12:53:20'),
(1564,	267,	8,	34,	'2021-02-16 12:53:20'),
(1565,	268,	2,	34,	'2021-02-16 12:53:26'),
(1566,	268,	5,	34,	'2021-02-16 12:53:26'),
(1567,	268,	8,	34,	'2021-02-16 12:53:26'),
(1568,	268,	9,	34,	'2021-02-16 12:53:26'),
(1569,	269,	1,	48,	'2021-02-16 13:05:55'),
(1570,	269,	10,	48,	'2021-02-16 13:05:55'),
(1571,	264,	1,	22,	'2021-02-16 15:43:23'),
(1572,	264,	17,	22,	'2021-02-16 15:43:23'),
(1573,	270,	3,	22,	'2021-02-16 15:43:32'),
(1574,	270,	6,	22,	'2021-02-16 15:43:32'),
(1575,	271,	2,	22,	'2021-02-16 15:46:21'),
(1576,	272,	3,	22,	'2021-02-16 16:35:36'),
(1577,	272,	6,	22,	'2021-02-16 16:35:36'),
(1578,	272,	17,	22,	'2021-02-16 16:35:36'),
(1579,	272,	20,	22,	'2021-02-16 16:35:36'),
(1580,	272,	19,	22,	'2021-02-16 16:35:36'),
(1581,	272,	22,	22,	'2021-02-16 16:35:36'),
(1582,	272,	24,	22,	'2021-02-16 16:35:36'),
(1583,	273,	3,	22,	'2021-02-16 16:36:30'),
(1584,	273,	6,	22,	'2021-02-16 16:36:30'),
(1585,	273,	1,	22,	'2021-02-16 16:36:30'),
(1586,	273,	9,	22,	'2021-02-16 16:36:30'),
(1587,	273,	14,	22,	'2021-02-16 16:36:30'),
(1588,	273,	12,	22,	'2021-02-16 16:36:30'),
(1589,	273,	15,	22,	'2021-02-16 16:36:30'),
(1590,	273,	13,	22,	'2021-02-16 16:36:30'),
(1591,	273,	17,	22,	'2021-02-16 16:36:30'),
(1592,	274,	3,	22,	'2021-02-16 16:39:56'),
(1593,	274,	2,	22,	'2021-02-16 16:39:56'),
(1594,	274,	6,	22,	'2021-02-16 16:39:56'),
(1595,	274,	4,	22,	'2021-02-16 16:39:56'),
(1602,	276,	2,	22,	'2021-02-17 02:05:30'),
(1603,	276,	5,	22,	'2021-02-17 02:05:30'),
(1604,	276,	13,	22,	'2021-02-17 02:05:30'),
(1605,	277,	2,	22,	'2021-02-17 02:06:38'),
(1606,	277,	1,	22,	'2021-02-17 02:06:38'),
(1607,	277,	4,	22,	'2021-02-17 02:06:38'),
(1608,	278,	2,	22,	'2021-02-17 02:07:02'),
(1609,	279,	1,	22,	'2021-02-17 02:07:09'),
(1610,	279,	4,	22,	'2021-02-17 02:07:09'),
(1611,	280,	2,	22,	'2021-02-17 02:07:34'),
(1612,	280,	22,	22,	'2021-02-17 02:07:34'),
(1613,	280,	24,	22,	'2021-02-17 02:07:34'),
(1616,	282,	18,	22,	'2021-02-17 02:16:52'),
(1617,	282,	19,	22,	'2021-02-17 02:16:52'),
(1618,	283,	17,	22,	'2021-02-17 02:16:59'),
(1619,	283,	20,	22,	'2021-02-17 02:16:59'),
(1620,	283,	19,	22,	'2021-02-17 02:16:59'),
(1621,	284,	2,	22,	'2021-02-17 02:31:05'),
(1622,	284,	1,	22,	'2021-02-17 02:31:05'),
(1623,	285,	3,	22,	'2021-02-17 02:32:13'),
(1624,	285,	6,	22,	'2021-02-17 02:32:13'),
(1625,	285,	17,	22,	'2021-02-17 02:32:13'),
(1626,	286,	2,	22,	'2021-02-17 02:32:20'),
(1627,	286,	1,	22,	'2021-02-17 02:32:20'),
(1628,	287,	2,	22,	'2021-02-17 02:34:24'),
(1629,	287,	4,	22,	'2021-02-17 02:34:24'),
(1630,	287,	16,	22,	'2021-02-17 02:34:24'),
(1631,	288,	2,	22,	'2021-02-17 02:35:14'),
(1632,	289,	19,	22,	'2021-02-17 02:35:55'),
(1633,	289,	22,	22,	'2021-02-17 02:35:55'),
(1634,	290,	12,	22,	'2021-02-17 02:36:45'),
(1635,	290,	9,	22,	'2021-02-17 02:36:45'),
(1636,	290,	7,	22,	'2021-02-17 02:36:45'),
(1637,	291,	3,	22,	'2021-02-17 02:37:19'),
(1638,	291,	17,	22,	'2021-02-17 02:37:19'),
(1639,	291,	20,	22,	'2021-02-17 02:37:19'),
(1640,	275,	2,	22,	'2021-02-17 06:43:56'),
(1641,	275,	4,	22,	'2021-02-17 06:43:56'),
(1642,	275,	5,	22,	'2021-02-17 06:43:56'),
(1643,	275,	16,	22,	'2021-02-17 06:43:56'),
(1644,	275,	18,	22,	'2021-02-17 06:43:56'),
(1645,	275,	21,	22,	'2021-02-17 06:43:56'),
(1646,	292,	10,	45,	'2021-02-17 06:58:51'),
(1647,	293,	9,	45,	'2021-02-17 07:41:14'),
(1649,	294,	1,	34,	'2021-02-17 12:18:54'),
(1650,	295,	1,	34,	'2021-02-17 13:13:05'),
(1651,	295,	2,	34,	'2021-02-17 13:13:05'),
(1652,	295,	3,	34,	'2021-02-17 13:13:05'),
(1653,	295,	4,	34,	'2021-02-17 13:13:05'),
(1654,	295,	5,	34,	'2021-02-17 13:13:05'),
(1655,	295,	6,	34,	'2021-02-17 13:13:05'),
(1656,	295,	7,	34,	'2021-02-17 13:13:05'),
(1657,	295,	8,	34,	'2021-02-17 13:13:05'),
(1658,	295,	9,	34,	'2021-02-17 13:13:05'),
(1659,	295,	10,	34,	'2021-02-17 13:13:05'),
(1660,	295,	11,	34,	'2021-02-17 13:13:05'),
(1661,	295,	12,	34,	'2021-02-17 13:13:05'),
(1662,	295,	13,	34,	'2021-02-17 13:13:05'),
(1663,	295,	14,	34,	'2021-02-17 13:13:05'),
(1664,	295,	16,	34,	'2021-02-17 13:13:05'),
(1665,	295,	15,	34,	'2021-02-17 13:13:05'),
(1666,	295,	17,	34,	'2021-02-17 13:13:05'),
(1667,	295,	18,	34,	'2021-02-17 13:13:05'),
(1668,	295,	19,	34,	'2021-02-17 13:13:05'),
(1669,	295,	20,	34,	'2021-02-17 13:13:05'),
(1670,	295,	21,	34,	'2021-02-17 13:13:05'),
(1671,	295,	22,	34,	'2021-02-17 13:13:05'),
(1672,	295,	23,	34,	'2021-02-17 13:13:05'),
(1673,	295,	24,	34,	'2021-02-17 13:13:05'),
(1677,	297,	12,	22,	'2021-02-17 14:46:05'),
(1678,	297,	17,	22,	'2021-02-17 14:46:05'),
(1679,	297,	16,	22,	'2021-02-17 14:46:05'),
(1680,	297,	19,	22,	'2021-02-17 14:46:05'),
(1681,	298,	1,	34,	'2021-02-18 09:35:23'),
(1682,	298,	3,	34,	'2021-02-18 09:35:23'),
(1683,	298,	4,	34,	'2021-02-18 09:35:23'),
(1684,	298,	2,	34,	'2021-02-18 09:35:23'),
(1685,	298,	5,	34,	'2021-02-18 09:35:23'),
(1686,	298,	6,	34,	'2021-02-18 09:35:23'),
(1687,	298,	7,	34,	'2021-02-18 09:35:23'),
(1688,	298,	8,	34,	'2021-02-18 09:35:23'),
(1689,	298,	9,	34,	'2021-02-18 09:35:23'),
(1690,	298,	10,	34,	'2021-02-18 09:35:23'),
(1691,	298,	12,	34,	'2021-02-18 09:35:23'),
(1692,	298,	11,	34,	'2021-02-18 09:35:23'),
(1693,	298,	13,	34,	'2021-02-18 09:35:23'),
(1694,	298,	15,	34,	'2021-02-18 09:35:23'),
(1695,	298,	14,	34,	'2021-02-18 09:35:23'),
(1696,	298,	16,	34,	'2021-02-18 09:35:23'),
(1697,	298,	17,	34,	'2021-02-18 09:35:23'),
(1698,	298,	18,	34,	'2021-02-18 09:35:23'),
(1699,	298,	19,	34,	'2021-02-18 09:35:23'),
(1700,	298,	20,	34,	'2021-02-18 09:35:23'),
(1701,	298,	22,	34,	'2021-02-18 09:35:23'),
(1702,	298,	21,	34,	'2021-02-18 09:35:23'),
(1703,	298,	23,	34,	'2021-02-18 09:35:23'),
(1704,	298,	24,	34,	'2021-02-18 09:35:23'),
(1706,	299,	2,	34,	'2021-02-18 11:13:00'),
(1707,	299,	1,	34,	'2021-02-18 11:13:00'),
(1709,	300,	9,	45,	'2021-02-19 06:07:16'),
(1710,	300,	17,	45,	'2021-02-19 06:07:16'),
(1711,	301,	1,	34,	'2021-02-19 12:18:53'),
(1712,	301,	2,	34,	'2021-02-19 12:18:53'),
(1713,	301,	3,	34,	'2021-02-19 12:18:53'),
(1714,	301,	4,	34,	'2021-02-19 12:18:53'),
(1715,	301,	5,	34,	'2021-02-19 12:18:53'),
(1716,	301,	6,	34,	'2021-02-19 12:18:53'),
(1717,	301,	7,	34,	'2021-02-19 12:18:53'),
(1718,	301,	8,	34,	'2021-02-19 12:18:53'),
(1719,	302,	4,	33,	'2021-02-19 12:27:46'),
(1720,	302,	6,	33,	'2021-02-19 12:27:46'),
(1721,	302,	7,	33,	'2021-02-19 12:27:46'),
(1722,	302,	8,	33,	'2021-02-19 12:27:46'),
(1723,	302,	5,	33,	'2021-02-19 12:27:46'),
(1724,	302,	9,	33,	'2021-02-19 12:27:46'),
(1725,	302,	11,	33,	'2021-02-19 12:27:46'),
(1726,	302,	12,	33,	'2021-02-19 12:27:46'),
(1776,	303,	2,	22,	'2021-02-19 12:32:53'),
(1777,	303,	4,	22,	'2021-02-19 12:32:53'),
(1778,	303,	5,	22,	'2021-02-19 12:32:53'),
(1817,	304,	1,	22,	'2021-02-19 13:21:00'),
(1818,	304,	2,	22,	'2021-02-19 13:21:00'),
(1819,	304,	3,	22,	'2021-02-19 13:21:00'),
(1820,	304,	4,	22,	'2021-02-19 13:21:00'),
(1821,	304,	5,	22,	'2021-02-19 13:21:00'),
(1822,	304,	6,	22,	'2021-02-19 13:21:00'),
(1823,	304,	7,	22,	'2021-02-19 13:21:00'),
(1824,	304,	8,	22,	'2021-02-19 13:21:00'),
(1825,	304,	9,	22,	'2021-02-19 13:21:00'),
(1826,	304,	10,	22,	'2021-02-19 13:21:00'),
(1827,	304,	11,	22,	'2021-02-19 13:21:00'),
(1828,	304,	12,	22,	'2021-02-19 13:21:00'),
(1829,	304,	13,	22,	'2021-02-19 13:21:00'),
(1830,	304,	14,	22,	'2021-02-19 13:21:00'),
(1831,	304,	15,	22,	'2021-02-19 13:21:00'),
(1832,	304,	16,	22,	'2021-02-19 13:21:00'),
(1833,	304,	17,	22,	'2021-02-19 13:21:00'),
(1834,	304,	18,	22,	'2021-02-19 13:21:00'),
(1835,	304,	19,	22,	'2021-02-19 13:21:00'),
(1836,	304,	20,	22,	'2021-02-19 13:21:00'),
(1837,	304,	21,	22,	'2021-02-19 13:21:00'),
(1838,	304,	22,	22,	'2021-02-19 13:21:00'),
(1839,	304,	23,	22,	'2021-02-19 13:21:00'),
(1840,	305,	3,	22,	'2021-02-19 13:37:46'),
(1841,	305,	1,	22,	'2021-02-19 13:37:46'),
(1842,	306,	3,	22,	'2021-02-19 13:39:00'),
(1843,	306,	1,	22,	'2021-02-19 13:39:00'),
(1844,	306,	2,	22,	'2021-02-19 13:39:00'),
(1845,	306,	4,	22,	'2021-02-19 13:39:00'),
(1846,	306,	5,	22,	'2021-02-19 13:39:00'),
(1847,	306,	6,	22,	'2021-02-19 13:39:00'),
(1848,	306,	7,	22,	'2021-02-19 13:39:00'),
(1849,	306,	8,	22,	'2021-02-19 13:39:00'),
(1850,	306,	19,	22,	'2021-02-19 13:39:00'),
(1851,	307,	3,	22,	'2021-02-19 13:39:24'),
(1852,	307,	6,	22,	'2021-02-19 13:39:24'),
(1853,	281,	10,	22,	'2021-02-19 13:40:13'),
(1854,	281,	12,	22,	'2021-02-19 13:40:13'),
(1857,	308,	1,	22,	'2021-02-19 13:42:10'),
(1858,	308,	3,	22,	'2021-02-19 13:42:10'),
(1859,	308,	6,	22,	'2021-02-19 13:42:10'),
(1860,	296,	13,	22,	'2021-02-19 13:47:59'),
(1861,	296,	16,	22,	'2021-02-19 13:47:59'),
(1862,	296,	17,	22,	'2021-02-19 13:47:59'),
(1863,	296,	18,	22,	'2021-02-19 13:47:59'),
(1864,	296,	19,	22,	'2021-02-19 13:47:59'),
(1865,	296,	20,	22,	'2021-02-19 13:47:59'),
(1866,	296,	21,	22,	'2021-02-19 13:47:59'),
(1867,	296,	22,	22,	'2021-02-19 13:47:59'),
(1868,	296,	23,	22,	'2021-02-19 13:47:59'),
(1869,	296,	24,	22,	'2021-02-19 13:47:59'),
(1870,	309,	3,	22,	'2021-02-19 13:48:34'),
(1871,	309,	2,	22,	'2021-02-19 13:48:34'),
(1872,	309,	1,	22,	'2021-02-19 13:48:34'),
(1873,	309,	4,	22,	'2021-02-19 13:48:34'),
(1874,	309,	5,	22,	'2021-02-19 13:48:34'),
(1875,	309,	6,	22,	'2021-02-19 13:48:34'),
(1876,	309,	8,	22,	'2021-02-19 13:48:34'),
(1877,	309,	7,	22,	'2021-02-19 13:48:34'),
(1878,	309,	13,	22,	'2021-02-19 13:48:34'),
(1879,	309,	10,	22,	'2021-02-19 13:48:34'),
(1880,	309,	9,	22,	'2021-02-19 13:48:34'),
(1881,	309,	12,	22,	'2021-02-19 13:48:34'),
(1882,	309,	14,	22,	'2021-02-19 13:48:34'),
(1883,	309,	17,	22,	'2021-02-19 13:48:34'),
(1884,	309,	19,	22,	'2021-02-19 13:48:34'),
(1885,	309,	22,	22,	'2021-02-19 13:48:34'),
(1886,	309,	24,	22,	'2021-02-19 13:48:34'),
(1887,	309,	23,	22,	'2021-02-19 13:48:34'),
(1888,	309,	21,	22,	'2021-02-19 13:48:34'),
(1889,	309,	18,	22,	'2021-02-19 13:48:34'),
(1890,	309,	20,	22,	'2021-02-19 13:48:34'),
(1891,	309,	16,	22,	'2021-02-19 13:48:34'),
(1892,	310,	8,	22,	'2021-03-01 14:31:18'),
(1893,	310,	6,	22,	'2021-03-01 14:31:18'),
(1894,	311,	1,	22,	'2021-03-01 14:31:37'),
(1895,	311,	6,	22,	'2021-03-01 14:31:37'),
(1896,	311,	4,	22,	'2021-03-01 14:31:37'),
(1897,	311,	3,	22,	'2021-03-01 14:31:37'),
(1898,	312,	1,	22,	'2021-03-01 16:40:44'),
(1899,	312,	2,	22,	'2021-03-01 16:40:44'),
(1900,	312,	3,	22,	'2021-03-01 16:40:44'),
(1901,	313,	1,	22,	'2021-03-01 16:41:07'),
(1902,	313,	2,	22,	'2021-03-01 16:41:07'),
(1903,	313,	5,	22,	'2021-03-01 16:41:07'),
(1904,	313,	7,	22,	'2021-03-01 16:41:07'),
(1905,	313,	19,	22,	'2021-03-01 16:41:07'),
(1906,	313,	22,	22,	'2021-03-01 16:41:07');

-- 2021-03-22 06:20:31
